PRAGMA foreign_keys=OFF;
BEGIN TRANSACTION;
CREATE TABLE IF NOT EXISTS "django_migrations" ("id" integer NOT NULL PRIMARY KEY AUTOINCREMENT, "app" varchar(255) NOT NULL, "name" varchar(255) NOT NULL, "applied" datetime NOT NULL);
INSERT INTO django_migrations VALUES(1,'contenttypes','0001_initial','2025-06-01 03:09:04.940648');
INSERT INTO django_migrations VALUES(2,'contenttypes','0002_remove_content_type_name','2025-06-01 03:09:04.943922');
INSERT INTO django_migrations VALUES(3,'auth','0001_initial','2025-06-01 03:09:04.948730');
INSERT INTO django_migrations VALUES(4,'auth','0002_alter_permission_name_max_length','2025-06-01 03:09:04.952121');
INSERT INTO django_migrations VALUES(5,'auth','0003_alter_user_email_max_length','2025-06-01 03:09:04.954895');
INSERT INTO django_migrations VALUES(6,'auth','0004_alter_user_username_opts','2025-06-01 03:09:04.956978');
INSERT INTO django_migrations VALUES(7,'auth','0005_alter_user_last_login_null','2025-06-01 03:09:04.959270');
INSERT INTO django_migrations VALUES(8,'auth','0006_require_contenttypes_0002','2025-06-01 03:09:04.960023');
INSERT INTO django_migrations VALUES(9,'auth','0007_alter_validators_add_error_messages','2025-06-01 03:09:04.961997');
INSERT INTO django_migrations VALUES(10,'auth','0008_alter_user_username_max_length','2025-06-01 03:09:04.964075');
INSERT INTO django_migrations VALUES(11,'auth','0009_alter_user_last_name_max_length','2025-06-01 03:09:04.967326');
INSERT INTO django_migrations VALUES(12,'auth','0010_alter_group_name_max_length','2025-06-01 03:09:04.971273');
INSERT INTO django_migrations VALUES(13,'auth','0011_update_proxy_permissions','2025-06-01 03:09:04.973351');
INSERT INTO django_migrations VALUES(14,'auth','0012_alter_user_first_name_max_length','2025-06-01 03:09:04.975459');
INSERT INTO django_migrations VALUES(15,'api','0001_initial','2025-06-01 03:09:05.012447');
INSERT INTO django_migrations VALUES(16,'admin','0001_initial','2025-06-01 03:09:05.016955');
INSERT INTO django_migrations VALUES(17,'admin','0002_logentry_remove_auto_add','2025-06-01 03:09:05.023372');
INSERT INTO django_migrations VALUES(18,'admin','0003_logentry_add_action_flag_choices','2025-06-01 03:09:05.027099');
INSERT INTO django_migrations VALUES(19,'api','0002_eleve_poids','2025-06-01 03:09:05.033385');
INSERT INTO django_migrations VALUES(20,'api','0003_alter_candidat_id_candidat','2025-06-01 03:09:05.041033');
INSERT INTO django_migrations VALUES(21,'api','0004_alter_candidat_num_table','2025-06-01 03:09:05.046572');
INSERT INTO django_migrations VALUES(22,'sessions','0001_initial','2025-06-01 03:09:05.048769');
INSERT INTO django_migrations VALUES(23,'token_blacklist','0001_initial','2025-06-01 03:09:05.060684');
INSERT INTO django_migrations VALUES(24,'token_blacklist','0002_outstandingtoken_jti_hex','2025-06-01 03:09:05.064795');
INSERT INTO django_migrations VALUES(25,'token_blacklist','0003_auto_20171017_2007','2025-06-01 03:09:05.075964');
INSERT INTO django_migrations VALUES(26,'token_blacklist','0004_auto_20171017_2013','2025-06-01 03:09:05.081778');
INSERT INTO django_migrations VALUES(27,'token_blacklist','0005_remove_outstandingtoken_jti','2025-06-01 03:09:05.153886');
INSERT INTO django_migrations VALUES(28,'token_blacklist','0006_auto_20171017_2113','2025-06-01 03:09:05.159673');
INSERT INTO django_migrations VALUES(29,'token_blacklist','0007_auto_20171017_2214','2025-06-01 03:09:05.172241');
INSERT INTO django_migrations VALUES(30,'token_blacklist','0008_migrate_to_bigautofield','2025-06-01 03:09:05.182330');
INSERT INTO django_migrations VALUES(31,'token_blacklist','0010_fix_migrate_to_bigautofield','2025-06-01 03:09:05.194252');
INSERT INTO django_migrations VALUES(32,'token_blacklist','0011_linearizes_history','2025-06-01 03:09:05.195103');
INSERT INTO django_migrations VALUES(33,'token_blacklist','0012_alter_outstandingtoken_user','2025-06-01 03:09:05.199911');
CREATE TABLE IF NOT EXISTS "django_content_type" ("id" integer NOT NULL PRIMARY KEY AUTOINCREMENT, "app_label" varchar(100) NOT NULL, "model" varchar(100) NOT NULL);
INSERT INTO django_content_type VALUES(1,'admin','logentry');
INSERT INTO django_content_type VALUES(2,'auth','permission');
INSERT INTO django_content_type VALUES(3,'auth','group');
INSERT INTO django_content_type VALUES(4,'contenttypes','contenttype');
INSERT INTO django_content_type VALUES(5,'sessions','session');
INSERT INTO django_content_type VALUES(6,'token_blacklist','blacklistedtoken');
INSERT INTO django_content_type VALUES(7,'token_blacklist','outstandingtoken');
INSERT INTO django_content_type VALUES(8,'api','archivage');
INSERT INTO django_content_type VALUES(9,'api','concours');
INSERT INTO django_content_type VALUES(10,'api','diplome');
INSERT INTO django_content_type VALUES(11,'api','diplomeobtenu');
INSERT INTO django_content_type VALUES(12,'api','dossier');
INSERT INTO django_content_type VALUES(13,'api','infosgenerales');
INSERT INTO django_content_type VALUES(14,'api','jury');
INSERT INTO django_content_type VALUES(15,'api','matiere');
INSERT INTO django_content_type VALUES(16,'api','mention');
INSERT INTO django_content_type VALUES(17,'api','parametre');
INSERT INTO django_content_type VALUES(18,'api','pays');
INSERT INTO django_content_type VALUES(19,'api','profil');
INSERT INTO django_content_type VALUES(20,'api','serie');
INSERT INTO django_content_type VALUES(21,'api','specialite');
INSERT INTO django_content_type VALUES(22,'api','note');
INSERT INTO django_content_type VALUES(23,'api','membrejury');
INSERT INTO django_content_type VALUES(24,'api','eleve');
INSERT INTO django_content_type VALUES(25,'api','coefficientmatierephase');
INSERT INTO django_content_type VALUES(26,'api','candidat');
INSERT INTO django_content_type VALUES(27,'api','utilisateur');
CREATE TABLE IF NOT EXISTS "auth_group_permissions" ("id" integer NOT NULL PRIMARY KEY AUTOINCREMENT, "group_id" integer NOT NULL REFERENCES "auth_group" ("id") DEFERRABLE INITIALLY DEFERRED, "permission_id" integer NOT NULL REFERENCES "auth_permission" ("id") DEFERRABLE INITIALLY DEFERRED);
CREATE TABLE IF NOT EXISTS "auth_permission" ("id" integer NOT NULL PRIMARY KEY AUTOINCREMENT, "content_type_id" integer NOT NULL REFERENCES "django_content_type" ("id") DEFERRABLE INITIALLY DEFERRED, "codename" varchar(100) NOT NULL, "name" varchar(255) NOT NULL);
INSERT INTO auth_permission VALUES(1,1,'add_logentry','Can add log entry');
INSERT INTO auth_permission VALUES(2,1,'change_logentry','Can change log entry');
INSERT INTO auth_permission VALUES(3,1,'delete_logentry','Can delete log entry');
INSERT INTO auth_permission VALUES(4,1,'view_logentry','Can view log entry');
INSERT INTO auth_permission VALUES(5,2,'add_permission','Can add permission');
INSERT INTO auth_permission VALUES(6,2,'change_permission','Can change permission');
INSERT INTO auth_permission VALUES(7,2,'delete_permission','Can delete permission');
INSERT INTO auth_permission VALUES(8,2,'view_permission','Can view permission');
INSERT INTO auth_permission VALUES(9,3,'add_group','Can add group');
INSERT INTO auth_permission VALUES(10,3,'change_group','Can change group');
INSERT INTO auth_permission VALUES(11,3,'delete_group','Can delete group');
INSERT INTO auth_permission VALUES(12,3,'view_group','Can view group');
INSERT INTO auth_permission VALUES(13,4,'add_contenttype','Can add content type');
INSERT INTO auth_permission VALUES(14,4,'change_contenttype','Can change content type');
INSERT INTO auth_permission VALUES(15,4,'delete_contenttype','Can delete content type');
INSERT INTO auth_permission VALUES(16,4,'view_contenttype','Can view content type');
INSERT INTO auth_permission VALUES(17,5,'add_session','Can add session');
INSERT INTO auth_permission VALUES(18,5,'change_session','Can change session');
INSERT INTO auth_permission VALUES(19,5,'delete_session','Can delete session');
INSERT INTO auth_permission VALUES(20,5,'view_session','Can view session');
INSERT INTO auth_permission VALUES(21,6,'add_blacklistedtoken','Can add blacklisted token');
INSERT INTO auth_permission VALUES(22,6,'change_blacklistedtoken','Can change blacklisted token');
INSERT INTO auth_permission VALUES(23,6,'delete_blacklistedtoken','Can delete blacklisted token');
INSERT INTO auth_permission VALUES(24,6,'view_blacklistedtoken','Can view blacklisted token');
INSERT INTO auth_permission VALUES(25,7,'add_outstandingtoken','Can add outstanding token');
INSERT INTO auth_permission VALUES(26,7,'change_outstandingtoken','Can change outstanding token');
INSERT INTO auth_permission VALUES(27,7,'delete_outstandingtoken','Can delete outstanding token');
INSERT INTO auth_permission VALUES(28,7,'view_outstandingtoken','Can view outstanding token');
INSERT INTO auth_permission VALUES(29,8,'add_archivage','Can add archivage');
INSERT INTO auth_permission VALUES(30,8,'change_archivage','Can change archivage');
INSERT INTO auth_permission VALUES(31,8,'delete_archivage','Can delete archivage');
INSERT INTO auth_permission VALUES(32,8,'view_archivage','Can view archivage');
INSERT INTO auth_permission VALUES(33,9,'add_concours','Can add concours');
INSERT INTO auth_permission VALUES(34,9,'change_concours','Can change concours');
INSERT INTO auth_permission VALUES(35,9,'delete_concours','Can delete concours');
INSERT INTO auth_permission VALUES(36,9,'view_concours','Can view concours');
INSERT INTO auth_permission VALUES(37,10,'add_diplome','Can add diplome');
INSERT INTO auth_permission VALUES(38,10,'change_diplome','Can change diplome');
INSERT INTO auth_permission VALUES(39,10,'delete_diplome','Can delete diplome');
INSERT INTO auth_permission VALUES(40,10,'view_diplome','Can view diplome');
INSERT INTO auth_permission VALUES(41,11,'add_diplomeobtenu','Can add diplome obtenu');
INSERT INTO auth_permission VALUES(42,11,'change_diplomeobtenu','Can change diplome obtenu');
INSERT INTO auth_permission VALUES(43,11,'delete_diplomeobtenu','Can delete diplome obtenu');
INSERT INTO auth_permission VALUES(44,11,'view_diplomeobtenu','Can view diplome obtenu');
INSERT INTO auth_permission VALUES(45,12,'add_dossier','Can add dossier');
INSERT INTO auth_permission VALUES(46,12,'change_dossier','Can change dossier');
INSERT INTO auth_permission VALUES(47,12,'delete_dossier','Can delete dossier');
INSERT INTO auth_permission VALUES(48,12,'view_dossier','Can view dossier');
INSERT INTO auth_permission VALUES(49,13,'add_infosgenerales','Can add infos generales');
INSERT INTO auth_permission VALUES(50,13,'change_infosgenerales','Can change infos generales');
INSERT INTO auth_permission VALUES(51,13,'delete_infosgenerales','Can delete infos generales');
INSERT INTO auth_permission VALUES(52,13,'view_infosgenerales','Can view infos generales');
INSERT INTO auth_permission VALUES(53,14,'add_jury','Can add jury');
INSERT INTO auth_permission VALUES(54,14,'change_jury','Can change jury');
INSERT INTO auth_permission VALUES(55,14,'delete_jury','Can delete jury');
INSERT INTO auth_permission VALUES(56,14,'view_jury','Can view jury');
INSERT INTO auth_permission VALUES(57,15,'add_matiere','Can add matiere');
INSERT INTO auth_permission VALUES(58,15,'change_matiere','Can change matiere');
INSERT INTO auth_permission VALUES(59,15,'delete_matiere','Can delete matiere');
INSERT INTO auth_permission VALUES(60,15,'view_matiere','Can view matiere');
INSERT INTO auth_permission VALUES(61,16,'add_mention','Can add mention');
INSERT INTO auth_permission VALUES(62,16,'change_mention','Can change mention');
INSERT INTO auth_permission VALUES(63,16,'delete_mention','Can delete mention');
INSERT INTO auth_permission VALUES(64,16,'view_mention','Can view mention');
INSERT INTO auth_permission VALUES(65,17,'add_parametre','Can add parametre');
INSERT INTO auth_permission VALUES(66,17,'change_parametre','Can change parametre');
INSERT INTO auth_permission VALUES(67,17,'delete_parametre','Can delete parametre');
INSERT INTO auth_permission VALUES(68,17,'view_parametre','Can view parametre');
INSERT INTO auth_permission VALUES(69,18,'add_pays','Can add pays');
INSERT INTO auth_permission VALUES(70,18,'change_pays','Can change pays');
INSERT INTO auth_permission VALUES(71,18,'delete_pays','Can delete pays');
INSERT INTO auth_permission VALUES(72,18,'view_pays','Can view pays');
INSERT INTO auth_permission VALUES(73,19,'add_profil','Can add profil');
INSERT INTO auth_permission VALUES(74,19,'change_profil','Can change profil');
INSERT INTO auth_permission VALUES(75,19,'delete_profil','Can delete profil');
INSERT INTO auth_permission VALUES(76,19,'view_profil','Can view profil');
INSERT INTO auth_permission VALUES(77,20,'add_serie','Can add serie');
INSERT INTO auth_permission VALUES(78,20,'change_serie','Can change serie');
INSERT INTO auth_permission VALUES(79,20,'delete_serie','Can delete serie');
INSERT INTO auth_permission VALUES(80,20,'view_serie','Can view serie');
INSERT INTO auth_permission VALUES(81,21,'add_specialite','Can add specialite');
INSERT INTO auth_permission VALUES(82,21,'change_specialite','Can change specialite');
INSERT INTO auth_permission VALUES(83,21,'delete_specialite','Can delete specialite');
INSERT INTO auth_permission VALUES(84,21,'view_specialite','Can view specialite');
INSERT INTO auth_permission VALUES(85,22,'add_note','Can add note');
INSERT INTO auth_permission VALUES(86,22,'change_note','Can change note');
INSERT INTO auth_permission VALUES(87,22,'delete_note','Can delete note');
INSERT INTO auth_permission VALUES(88,22,'view_note','Can view note');
INSERT INTO auth_permission VALUES(89,23,'add_membrejury','Can add membre jury');
INSERT INTO auth_permission VALUES(90,23,'change_membrejury','Can change membre jury');
INSERT INTO auth_permission VALUES(91,23,'delete_membrejury','Can delete membre jury');
INSERT INTO auth_permission VALUES(92,23,'view_membrejury','Can view membre jury');
INSERT INTO auth_permission VALUES(93,24,'add_eleve','Can add eleve');
INSERT INTO auth_permission VALUES(94,24,'change_eleve','Can change eleve');
INSERT INTO auth_permission VALUES(95,24,'delete_eleve','Can delete eleve');
INSERT INTO auth_permission VALUES(96,24,'view_eleve','Can view eleve');
INSERT INTO auth_permission VALUES(97,25,'add_coefficientmatierephase','Can add coefficient matiere phase');
INSERT INTO auth_permission VALUES(98,25,'change_coefficientmatierephase','Can change coefficient matiere phase');
INSERT INTO auth_permission VALUES(99,25,'delete_coefficientmatierephase','Can delete coefficient matiere phase');
INSERT INTO auth_permission VALUES(100,25,'view_coefficientmatierephase','Can view coefficient matiere phase');
INSERT INTO auth_permission VALUES(101,26,'add_candidat','Can add candidat');
INSERT INTO auth_permission VALUES(102,26,'change_candidat','Can change candidat');
INSERT INTO auth_permission VALUES(103,26,'delete_candidat','Can delete candidat');
INSERT INTO auth_permission VALUES(104,26,'view_candidat','Can view candidat');
INSERT INTO auth_permission VALUES(105,27,'add_utilisateur','Can add utilisateur');
INSERT INTO auth_permission VALUES(106,27,'change_utilisateur','Can change utilisateur');
INSERT INTO auth_permission VALUES(107,27,'delete_utilisateur','Can delete utilisateur');
INSERT INTO auth_permission VALUES(108,27,'view_utilisateur','Can view utilisateur');
CREATE TABLE IF NOT EXISTS "auth_group" ("id" integer NOT NULL PRIMARY KEY AUTOINCREMENT, "name" varchar(150) NOT NULL UNIQUE);
CREATE TABLE IF NOT EXISTS "api_archivage" ("id_archive" integer NOT NULL PRIMARY KEY AUTOINCREMENT, "fichier" varchar(255) NOT NULL, "date" date NOT NULL);
CREATE TABLE IF NOT EXISTS "api_concours" ("id" integer NOT NULL PRIMARY KEY AUTOINCREMENT, "date_debut" varchar(100) NOT NULL, "date_fin" varchar(100) NOT NULL, "annee_civile" varchar(100) NOT NULL);
INSERT INTO api_concours VALUES(1,'2025-04-23','2025-06-17','2025');
CREATE TABLE IF NOT EXISTS "api_diplome" ("id_diplome" integer NOT NULL PRIMARY KEY AUTOINCREMENT, "libelle" varchar(100) NOT NULL, "abreviation" varchar(100) NOT NULL);
INSERT INTO api_diplome VALUES(1,'Baccalauréat Première Partie','BAC 1');
INSERT INTO api_diplome VALUES(2,'Baccalauréat Deuxième Partie','BAC 2');
INSERT INTO api_diplome VALUES(3,'Brevet de Technicien Supérieur','BTS');
INSERT INTO api_diplome VALUES(4,'DUT','DUT');
INSERT INTO api_diplome VALUES(5,'Licence','Licence');
INSERT INTO api_diplome VALUES(6,'Maîtrise','Maîtrise');
INSERT INTO api_diplome VALUES(7,'Ingénieur','Ingénieur');
CREATE TABLE IF NOT EXISTS "api_diplomeobtenu" ("id_diplome_obtenu" integer NOT NULL PRIMARY KEY AUTOINCREMENT, "annee" date NOT NULL, "diplome_id" integer NULL REFERENCES "api_diplome" ("id_diplome") DEFERRABLE INITIALLY DEFERRED, "mention_id" integer NULL REFERENCES "api_mention" ("id_mention") DEFERRABLE INITIALLY DEFERRED, "pays_id" integer NULL REFERENCES "api_pays" ("id_pays") DEFERRABLE INITIALLY DEFERRED, "serie_id" integer NULL REFERENCES "api_serie" ("id_serie") DEFERRABLE INITIALLY DEFERRED);
INSERT INTO api_diplomeobtenu VALUES(1,'2015-10-16',3,7,7,14);
INSERT INTO api_diplomeobtenu VALUES(2,'2015-08-06',3,1,7,14);
INSERT INTO api_diplomeobtenu VALUES(3,'2019-04-16',6,5,13,1);
INSERT INTO api_diplomeobtenu VALUES(4,'2022-12-04',5,1,13,1);
INSERT INTO api_diplomeobtenu VALUES(5,'2023-09-10',4,7,11,18);
INSERT INTO api_diplomeobtenu VALUES(6,'2017-05-02',3,3,11,5);
INSERT INTO api_diplomeobtenu VALUES(7,'2024-11-11',2,7,10,14);
INSERT INTO api_diplomeobtenu VALUES(8,'2015-10-30',3,4,10,14);
INSERT INTO api_diplomeobtenu VALUES(9,'2020-10-17',6,2,14,3);
INSERT INTO api_diplomeobtenu VALUES(10,'2018-02-12',5,6,14,3);
INSERT INTO api_diplomeobtenu VALUES(11,'2017-09-15',6,6,2,1);
INSERT INTO api_diplomeobtenu VALUES(12,'2021-03-10',4,2,2,1);
INSERT INTO api_diplomeobtenu VALUES(13,'2023-04-26',2,1,9,20);
INSERT INTO api_diplomeobtenu VALUES(14,'2019-08-23',7,5,9,20);
INSERT INTO api_diplomeobtenu VALUES(15,'2016-08-29',6,2,4,10);
INSERT INTO api_diplomeobtenu VALUES(16,'2019-04-06',3,4,4,10);
INSERT INTO api_diplomeobtenu VALUES(17,'2022-10-18',6,8,3,11);
INSERT INTO api_diplomeobtenu VALUES(18,'2024-12-09',1,3,3,11);
INSERT INTO api_diplomeobtenu VALUES(19,'2017-09-01',5,8,13,6);
INSERT INTO api_diplomeobtenu VALUES(20,'2024-05-21',2,6,13,6);
INSERT INTO api_diplomeobtenu VALUES(21,'2018-11-08',3,1,10,11);
INSERT INTO api_diplomeobtenu VALUES(22,'2023-08-10',1,1,10,11);
INSERT INTO api_diplomeobtenu VALUES(23,'2019-12-17',2,8,7,10);
INSERT INTO api_diplomeobtenu VALUES(24,'2017-09-07',7,4,7,17);
INSERT INTO api_diplomeobtenu VALUES(25,'2024-02-16',4,2,17,11);
INSERT INTO api_diplomeobtenu VALUES(26,'2018-02-17',3,5,17,11);
INSERT INTO api_diplomeobtenu VALUES(27,'2017-06-26',3,6,3,16);
INSERT INTO api_diplomeobtenu VALUES(28,'2022-08-25',7,3,3,2);
INSERT INTO api_diplomeobtenu VALUES(29,'2022-04-01',3,3,14,18);
INSERT INTO api_diplomeobtenu VALUES(30,'2016-11-24',2,7,14,11);
INSERT INTO api_diplomeobtenu VALUES(31,'2021-10-25',4,7,12,6);
INSERT INTO api_diplomeobtenu VALUES(32,'2024-11-23',5,5,12,6);
INSERT INTO api_diplomeobtenu VALUES(33,'2016-01-03',1,3,4,16);
INSERT INTO api_diplomeobtenu VALUES(34,'2020-01-02',3,3,4,16);
INSERT INTO api_diplomeobtenu VALUES(35,'2021-03-15',1,6,17,9);
INSERT INTO api_diplomeobtenu VALUES(36,'2025-02-18',6,6,17,9);
INSERT INTO api_diplomeobtenu VALUES(37,'2024-02-11',4,6,16,11);
INSERT INTO api_diplomeobtenu VALUES(38,'2025-04-07',7,7,4,11);
INSERT INTO api_diplomeobtenu VALUES(39,'2021-12-08',7,1,2,14);
INSERT INTO api_diplomeobtenu VALUES(40,'2017-01-29',3,8,2,14);
INSERT INTO api_diplomeobtenu VALUES(41,'2020-09-30',3,5,4,15);
INSERT INTO api_diplomeobtenu VALUES(42,'2021-06-29',3,4,4,15);
INSERT INTO api_diplomeobtenu VALUES(43,'2019-05-05',7,8,5,1);
INSERT INTO api_diplomeobtenu VALUES(44,'2016-11-11',1,3,5,1);
INSERT INTO api_diplomeobtenu VALUES(45,'2023-10-11',7,1,20,7);
INSERT INTO api_diplomeobtenu VALUES(46,'2021-09-24',3,5,20,7);
INSERT INTO api_diplomeobtenu VALUES(47,'2019-04-18',7,8,21,19);
INSERT INTO api_diplomeobtenu VALUES(48,'2021-09-21',6,8,21,19);
INSERT INTO api_diplomeobtenu VALUES(49,'2022-11-12',3,8,12,5);
INSERT INTO api_diplomeobtenu VALUES(50,'2020-06-26',6,7,12,5);
INSERT INTO api_diplomeobtenu VALUES(51,'2024-05-27',4,4,16,3);
INSERT INTO api_diplomeobtenu VALUES(52,'2021-02-13',4,3,16,3);
INSERT INTO api_diplomeobtenu VALUES(53,'2020-06-21',5,8,12,19);
INSERT INTO api_diplomeobtenu VALUES(54,'2022-09-02',3,6,12,19);
INSERT INTO api_diplomeobtenu VALUES(55,'2017-03-12',4,5,2,1);
INSERT INTO api_diplomeobtenu VALUES(56,'2022-01-02',1,7,2,1);
INSERT INTO api_diplomeobtenu VALUES(57,'2024-06-16',7,4,3,15);
INSERT INTO api_diplomeobtenu VALUES(58,'2016-02-29',6,2,12,15);
INSERT INTO api_diplomeobtenu VALUES(59,'2021-08-07',2,3,10,10);
INSERT INTO api_diplomeobtenu VALUES(60,'2020-03-21',5,7,10,10);
INSERT INTO api_diplomeobtenu VALUES(61,'2025-04-22',4,8,11,13);
INSERT INTO api_diplomeobtenu VALUES(62,'2018-03-16',7,4,11,13);
INSERT INTO api_diplomeobtenu VALUES(63,'2016-09-03',2,6,16,7);
INSERT INTO api_diplomeobtenu VALUES(64,'2021-01-16',4,8,16,7);
INSERT INTO api_diplomeobtenu VALUES(65,'2025-05-15',1,7,10,17);
INSERT INTO api_diplomeobtenu VALUES(66,'2020-12-07',7,2,10,17);
INSERT INTO api_diplomeobtenu VALUES(67,'2023-02-24',5,4,1,13);
INSERT INTO api_diplomeobtenu VALUES(68,'2019-09-20',4,6,1,13);
INSERT INTO api_diplomeobtenu VALUES(69,'2022-02-17',3,6,8,7);
INSERT INTO api_diplomeobtenu VALUES(70,'2017-12-07',6,7,8,7);
INSERT INTO api_diplomeobtenu VALUES(71,'2024-09-26',1,6,2,9);
INSERT INTO api_diplomeobtenu VALUES(72,'2018-01-12',7,5,2,9);
INSERT INTO api_diplomeobtenu VALUES(73,'2017-10-06',6,7,21,7);
INSERT INTO api_diplomeobtenu VALUES(74,'2024-03-29',6,6,21,7);
INSERT INTO api_diplomeobtenu VALUES(75,'2019-03-02',5,8,10,8);
INSERT INTO api_diplomeobtenu VALUES(76,'2019-12-18',5,1,10,8);
INSERT INTO api_diplomeobtenu VALUES(77,'2022-10-19',6,3,17,10);
INSERT INTO api_diplomeobtenu VALUES(78,'2021-07-23',5,3,17,10);
INSERT INTO api_diplomeobtenu VALUES(79,'2018-08-14',3,1,11,1);
INSERT INTO api_diplomeobtenu VALUES(80,'2019-07-12',7,7,11,1);
INSERT INTO api_diplomeobtenu VALUES(81,'2020-11-10',4,8,1,13);
INSERT INTO api_diplomeobtenu VALUES(82,'2021-05-28',1,1,1,13);
INSERT INTO api_diplomeobtenu VALUES(83,'2023-10-05',4,4,10,17);
INSERT INTO api_diplomeobtenu VALUES(84,'2015-10-16',5,8,10,17);
INSERT INTO api_diplomeobtenu VALUES(85,'2021-08-12',3,1,19,11);
INSERT INTO api_diplomeobtenu VALUES(86,'2018-04-17',7,5,19,11);
INSERT INTO api_diplomeobtenu VALUES(87,'2024-12-04',6,5,7,16);
INSERT INTO api_diplomeobtenu VALUES(88,'2016-03-30',1,8,7,16);
INSERT INTO api_diplomeobtenu VALUES(89,'2022-08-20',5,2,2,8);
INSERT INTO api_diplomeobtenu VALUES(90,'2016-02-06',2,8,2,8);
INSERT INTO api_diplomeobtenu VALUES(91,'2021-04-03',4,5,7,9);
INSERT INTO api_diplomeobtenu VALUES(92,'2015-11-30',4,4,7,9);
INSERT INTO api_diplomeobtenu VALUES(93,'2021-03-30',1,2,19,17);
INSERT INTO api_diplomeobtenu VALUES(94,'2018-09-25',3,6,19,17);
INSERT INTO api_diplomeobtenu VALUES(95,'2016-09-07',5,7,4,19);
INSERT INTO api_diplomeobtenu VALUES(96,'2017-03-01',5,4,4,19);
INSERT INTO api_diplomeobtenu VALUES(97,'2020-03-21',4,5,13,3);
INSERT INTO api_diplomeobtenu VALUES(98,'2020-02-25',1,8,13,3);
INSERT INTO api_diplomeobtenu VALUES(99,'2020-02-18',3,3,8,14);
INSERT INTO api_diplomeobtenu VALUES(100,'2021-10-30',2,2,8,14);
INSERT INTO api_diplomeobtenu VALUES(101,'2020-09-26',3,5,1,14);
INSERT INTO api_diplomeobtenu VALUES(102,'2025-02-10',5,4,1,14);
INSERT INTO api_diplomeobtenu VALUES(103,'2020-03-10',6,7,7,17);
INSERT INTO api_diplomeobtenu VALUES(104,'2025-02-05',6,2,7,17);
INSERT INTO api_diplomeobtenu VALUES(105,'2024-08-20',1,3,16,11);
INSERT INTO api_diplomeobtenu VALUES(106,'2022-02-12',6,4,5,11);
INSERT INTO api_diplomeobtenu VALUES(107,'2016-06-09',1,6,5,3);
INSERT INTO api_diplomeobtenu VALUES(108,'2021-03-19',7,6,5,3);
INSERT INTO api_diplomeobtenu VALUES(109,'2021-06-19',6,7,2,3);
INSERT INTO api_diplomeobtenu VALUES(110,'2022-09-11',4,8,2,3);
INSERT INTO api_diplomeobtenu VALUES(111,'2024-04-04',6,2,2,1);
INSERT INTO api_diplomeobtenu VALUES(112,'2019-10-01',4,2,2,1);
INSERT INTO api_diplomeobtenu VALUES(113,'2018-07-23',4,7,12,6);
INSERT INTO api_diplomeobtenu VALUES(114,'2015-12-16',5,2,4,6);
INSERT INTO api_diplomeobtenu VALUES(115,'2018-11-08',6,8,11,11);
INSERT INTO api_diplomeobtenu VALUES(116,'2019-05-08',1,7,11,11);
INSERT INTO api_diplomeobtenu VALUES(117,'2020-05-29',5,1,18,14);
INSERT INTO api_diplomeobtenu VALUES(118,'2022-05-12',3,8,18,3);
INSERT INTO api_diplomeobtenu VALUES(119,'2025-04-17',5,2,4,15);
INSERT INTO api_diplomeobtenu VALUES(120,'2016-02-21',6,4,4,15);
INSERT INTO api_diplomeobtenu VALUES(121,'2017-04-01',1,7,9,14);
INSERT INTO api_diplomeobtenu VALUES(122,'2019-02-18',7,1,9,14);
INSERT INTO api_diplomeobtenu VALUES(123,'2018-05-02',6,7,8,10);
INSERT INTO api_diplomeobtenu VALUES(124,'2023-06-26',4,2,21,10);
INSERT INTO api_diplomeobtenu VALUES(125,'2020-05-01',2,5,2,8);
INSERT INTO api_diplomeobtenu VALUES(126,'2016-01-17',2,3,2,8);
INSERT INTO api_diplomeobtenu VALUES(127,'2017-08-09',2,5,9,19);
INSERT INTO api_diplomeobtenu VALUES(128,'2023-09-21',6,4,9,19);
INSERT INTO api_diplomeobtenu VALUES(129,'2016-01-14',3,8,20,4);
INSERT INTO api_diplomeobtenu VALUES(130,'2025-02-14',7,5,20,4);
INSERT INTO api_diplomeobtenu VALUES(131,'2024-05-04',7,7,18,19);
INSERT INTO api_diplomeobtenu VALUES(132,'2018-06-25',5,8,18,19);
INSERT INTO api_diplomeobtenu VALUES(133,'2020-07-10',2,6,17,13);
INSERT INTO api_diplomeobtenu VALUES(134,'2017-04-29',4,5,17,13);
INSERT INTO api_diplomeobtenu VALUES(135,'2018-07-15',6,5,20,14);
INSERT INTO api_diplomeobtenu VALUES(136,'2025-05-17',2,3,20,14);
INSERT INTO api_diplomeobtenu VALUES(137,'2021-05-24',2,3,7,13);
INSERT INTO api_diplomeobtenu VALUES(138,'2022-03-02',2,6,7,13);
INSERT INTO api_diplomeobtenu VALUES(139,'2022-09-11',6,3,19,16);
INSERT INTO api_diplomeobtenu VALUES(140,'2024-06-10',5,2,19,16);
INSERT INTO api_diplomeobtenu VALUES(141,'2018-06-12',7,8,1,20);
INSERT INTO api_diplomeobtenu VALUES(142,'2023-01-22',6,6,1,20);
INSERT INTO api_diplomeobtenu VALUES(143,'2018-06-22',7,7,13,14);
INSERT INTO api_diplomeobtenu VALUES(144,'2018-06-28',4,4,13,14);
INSERT INTO api_diplomeobtenu VALUES(145,'2024-09-19',5,3,3,9);
INSERT INTO api_diplomeobtenu VALUES(146,'2016-08-27',6,6,12,9);
INSERT INTO api_diplomeobtenu VALUES(147,'2017-02-20',7,4,17,14);
INSERT INTO api_diplomeobtenu VALUES(148,'2019-07-15',6,1,17,14);
INSERT INTO api_diplomeobtenu VALUES(149,'2025-04-17',6,6,20,9);
INSERT INTO api_diplomeobtenu VALUES(150,'2022-01-17',2,1,20,9);
INSERT INTO api_diplomeobtenu VALUES(151,'2018-05-12',7,1,16,18);
INSERT INTO api_diplomeobtenu VALUES(152,'2020-05-18',7,6,7,18);
INSERT INTO api_diplomeobtenu VALUES(153,'2024-11-02',5,6,11,2);
INSERT INTO api_diplomeobtenu VALUES(154,'2021-05-14',6,8,11,2);
INSERT INTO api_diplomeobtenu VALUES(155,'2025-01-25',2,3,11,8);
INSERT INTO api_diplomeobtenu VALUES(156,'2018-10-18',3,2,11,8);
INSERT INTO api_diplomeobtenu VALUES(157,'2020-07-12',4,6,15,1);
INSERT INTO api_diplomeobtenu VALUES(158,'2023-05-30',2,2,15,1);
INSERT INTO api_diplomeobtenu VALUES(159,'2019-07-20',1,3,3,6);
INSERT INTO api_diplomeobtenu VALUES(160,'2021-10-27',2,4,3,20);
INSERT INTO api_diplomeobtenu VALUES(161,'2018-07-23',3,7,4,15);
INSERT INTO api_diplomeobtenu VALUES(162,'2019-11-04',3,1,4,15);
INSERT INTO api_diplomeobtenu VALUES(163,'2016-08-08',1,6,5,15);
INSERT INTO api_diplomeobtenu VALUES(164,'2016-11-24',3,2,5,15);
INSERT INTO api_diplomeobtenu VALUES(165,'2024-06-29',1,7,3,5);
INSERT INTO api_diplomeobtenu VALUES(166,'2018-03-17',7,1,5,5);
INSERT INTO api_diplomeobtenu VALUES(167,'2021-01-10',6,3,7,15);
INSERT INTO api_diplomeobtenu VALUES(168,'2022-04-05',6,7,7,15);
INSERT INTO api_diplomeobtenu VALUES(169,'2025-05-11',5,2,13,8);
INSERT INTO api_diplomeobtenu VALUES(170,'2019-04-09',7,6,13,8);
INSERT INTO api_diplomeobtenu VALUES(171,'2025-01-21',3,8,4,3);
INSERT INTO api_diplomeobtenu VALUES(172,'2020-12-31',7,6,4,3);
INSERT INTO api_diplomeobtenu VALUES(173,'2016-12-09',3,8,20,15);
INSERT INTO api_diplomeobtenu VALUES(174,'2021-03-20',1,1,20,15);
INSERT INTO api_diplomeobtenu VALUES(175,'2023-12-16',7,7,16,18);
INSERT INTO api_diplomeobtenu VALUES(176,'2023-04-10',6,3,9,18);
INSERT INTO api_diplomeobtenu VALUES(177,'2019-08-10',2,7,16,15);
INSERT INTO api_diplomeobtenu VALUES(178,'2016-05-19',1,2,16,15);
INSERT INTO api_diplomeobtenu VALUES(179,'2023-11-03',6,3,4,16);
INSERT INTO api_diplomeobtenu VALUES(180,'2022-03-26',3,4,4,16);
INSERT INTO api_diplomeobtenu VALUES(181,'2022-10-11',5,6,6,19);
INSERT INTO api_diplomeobtenu VALUES(182,'2024-11-19',5,7,6,19);
INSERT INTO api_diplomeobtenu VALUES(183,'2022-10-30',3,1,8,14);
INSERT INTO api_diplomeobtenu VALUES(184,'2022-08-22',2,1,8,14);
INSERT INTO api_diplomeobtenu VALUES(185,'2019-03-23',7,4,16,6);
INSERT INTO api_diplomeobtenu VALUES(186,'2025-05-22',1,8,16,6);
INSERT INTO api_diplomeobtenu VALUES(187,'2016-07-28',1,5,12,10);
INSERT INTO api_diplomeobtenu VALUES(188,'2025-03-23',1,4,12,10);
INSERT INTO api_diplomeobtenu VALUES(189,'2024-09-08',3,6,14,14);
INSERT INTO api_diplomeobtenu VALUES(190,'2019-05-19',1,1,6,14);
INSERT INTO api_diplomeobtenu VALUES(191,'2017-02-17',1,3,1,11);
INSERT INTO api_diplomeobtenu VALUES(192,'2022-06-21',1,8,1,11);
INSERT INTO api_diplomeobtenu VALUES(193,'2019-10-16',3,7,20,11);
INSERT INTO api_diplomeobtenu VALUES(194,'2016-12-28',7,7,20,11);
INSERT INTO api_diplomeobtenu VALUES(195,'2022-06-03',4,5,21,2);
INSERT INTO api_diplomeobtenu VALUES(196,'2022-07-05',5,8,21,2);
INSERT INTO api_diplomeobtenu VALUES(197,'2024-06-03',2,5,19,16);
INSERT INTO api_diplomeobtenu VALUES(198,'2023-10-05',1,4,19,16);
INSERT INTO api_diplomeobtenu VALUES(199,'2016-05-02',7,5,21,10);
INSERT INTO api_diplomeobtenu VALUES(200,'2017-07-19',6,3,21,10);
INSERT INTO api_diplomeobtenu VALUES(201,'2020-09-24',1,6,10,20);
INSERT INTO api_diplomeobtenu VALUES(202,'2015-12-30',5,2,10,20);
INSERT INTO api_diplomeobtenu VALUES(203,'2020-01-19',5,1,13,10);
INSERT INTO api_diplomeobtenu VALUES(204,'2016-07-18',1,7,13,10);
INSERT INTO api_diplomeobtenu VALUES(205,'2024-02-29',3,6,8,11);
INSERT INTO api_diplomeobtenu VALUES(206,'2020-05-02',4,8,8,17);
INSERT INTO api_diplomeobtenu VALUES(207,'2020-09-13',6,4,18,16);
INSERT INTO api_diplomeobtenu VALUES(208,'2021-10-25',3,3,18,16);
INSERT INTO api_diplomeobtenu VALUES(209,'2023-05-12',2,8,8,12);
INSERT INTO api_diplomeobtenu VALUES(210,'2019-06-04',3,3,8,12);
INSERT INTO api_diplomeobtenu VALUES(211,'2018-05-09',2,1,8,11);
INSERT INTO api_diplomeobtenu VALUES(212,'2021-04-23',7,7,8,11);
INSERT INTO api_diplomeobtenu VALUES(213,'2017-06-21',7,6,15,3);
INSERT INTO api_diplomeobtenu VALUES(214,'2021-02-14',6,5,15,3);
INSERT INTO api_diplomeobtenu VALUES(215,'2017-11-12',2,6,11,13);
INSERT INTO api_diplomeobtenu VALUES(216,'2020-02-17',1,7,11,13);
INSERT INTO api_diplomeobtenu VALUES(217,'2022-05-06',3,8,12,15);
INSERT INTO api_diplomeobtenu VALUES(218,'2022-10-25',7,6,5,18);
INSERT INTO api_diplomeobtenu VALUES(219,'2019-04-13',7,5,4,4);
INSERT INTO api_diplomeobtenu VALUES(220,'2017-10-17',4,2,4,4);
INSERT INTO api_diplomeobtenu VALUES(221,'2016-12-08',4,4,19,10);
INSERT INTO api_diplomeobtenu VALUES(222,'2022-06-13',7,2,19,10);
INSERT INTO api_diplomeobtenu VALUES(223,'2024-08-30',2,5,10,16);
INSERT INTO api_diplomeobtenu VALUES(224,'2024-12-08',7,6,10,16);
INSERT INTO api_diplomeobtenu VALUES(225,'2019-09-09',7,4,5,10);
INSERT INTO api_diplomeobtenu VALUES(226,'2018-08-25',6,5,12,10);
INSERT INTO api_diplomeobtenu VALUES(227,'2016-08-21',7,5,7,11);
INSERT INTO api_diplomeobtenu VALUES(228,'2019-11-15',6,8,7,11);
INSERT INTO api_diplomeobtenu VALUES(229,'2025-04-09',3,1,2,5);
INSERT INTO api_diplomeobtenu VALUES(230,'2021-06-27',6,8,2,5);
INSERT INTO api_diplomeobtenu VALUES(231,'2018-12-06',4,1,3,17);
INSERT INTO api_diplomeobtenu VALUES(232,'2015-12-03',5,2,3,17);
INSERT INTO api_diplomeobtenu VALUES(233,'2025-04-09',4,5,16,5);
INSERT INTO api_diplomeobtenu VALUES(234,'2017-07-02',7,5,16,8);
INSERT INTO api_diplomeobtenu VALUES(235,'2017-04-09',1,1,12,2);
INSERT INTO api_diplomeobtenu VALUES(236,'2019-03-09',3,6,12,2);
INSERT INTO api_diplomeobtenu VALUES(237,'2024-01-02',4,1,10,3);
INSERT INTO api_diplomeobtenu VALUES(238,'2021-04-01',3,7,21,3);
INSERT INTO api_diplomeobtenu VALUES(239,'2023-04-08',5,8,3,1);
INSERT INTO api_diplomeobtenu VALUES(240,'2016-09-26',7,2,3,1);
INSERT INTO api_diplomeobtenu VALUES(241,'2019-11-19',1,5,7,1);
INSERT INTO api_diplomeobtenu VALUES(242,'2022-08-13',2,5,7,1);
INSERT INTO api_diplomeobtenu VALUES(243,'2017-08-29',4,5,13,7);
INSERT INTO api_diplomeobtenu VALUES(244,'2020-07-26',2,5,13,7);
INSERT INTO api_diplomeobtenu VALUES(245,'2018-11-06',1,3,14,3);
INSERT INTO api_diplomeobtenu VALUES(246,'2021-02-15',7,2,14,3);
INSERT INTO api_diplomeobtenu VALUES(247,'2024-06-11',6,1,1,2);
INSERT INTO api_diplomeobtenu VALUES(248,'2018-08-11',7,4,1,2);
INSERT INTO api_diplomeobtenu VALUES(249,'2018-09-22',5,7,18,9);
INSERT INTO api_diplomeobtenu VALUES(250,'2024-11-04',1,8,18,9);
INSERT INTO api_diplomeobtenu VALUES(251,'2018-03-23',7,6,21,16);
INSERT INTO api_diplomeobtenu VALUES(252,'2015-09-12',4,4,21,16);
INSERT INTO api_diplomeobtenu VALUES(253,'2025-05-09',3,8,3,13);
INSERT INTO api_diplomeobtenu VALUES(254,'2019-12-30',1,1,3,13);
INSERT INTO api_diplomeobtenu VALUES(255,'2022-11-28',1,4,16,7);
INSERT INTO api_diplomeobtenu VALUES(256,'2025-02-15',3,5,16,7);
INSERT INTO api_diplomeobtenu VALUES(257,'2016-02-21',2,4,10,1);
INSERT INTO api_diplomeobtenu VALUES(258,'2021-06-23',1,6,10,1);
INSERT INTO api_diplomeobtenu VALUES(259,'2019-12-19',4,7,18,10);
INSERT INTO api_diplomeobtenu VALUES(260,'2015-12-11',6,8,18,10);
INSERT INTO api_diplomeobtenu VALUES(261,'2017-08-08',1,2,20,19);
INSERT INTO api_diplomeobtenu VALUES(262,'2017-02-02',3,3,20,19);
INSERT INTO api_diplomeobtenu VALUES(263,'2022-04-28',1,5,21,4);
INSERT INTO api_diplomeobtenu VALUES(264,'2022-10-15',4,8,21,4);
INSERT INTO api_diplomeobtenu VALUES(265,'2015-06-26',4,2,20,6);
INSERT INTO api_diplomeobtenu VALUES(266,'2022-06-08',6,3,20,6);
INSERT INTO api_diplomeobtenu VALUES(267,'2016-12-20',5,4,19,9);
INSERT INTO api_diplomeobtenu VALUES(268,'2020-02-04',6,4,19,11);
INSERT INTO api_diplomeobtenu VALUES(269,'2021-04-22',5,5,1,1);
INSERT INTO api_diplomeobtenu VALUES(270,'2017-02-17',1,2,1,1);
INSERT INTO api_diplomeobtenu VALUES(271,'2019-12-25',4,5,6,7);
INSERT INTO api_diplomeobtenu VALUES(272,'2022-11-24',2,2,6,7);
INSERT INTO api_diplomeobtenu VALUES(273,'2021-09-10',1,7,5,18);
INSERT INTO api_diplomeobtenu VALUES(274,'2023-03-01',4,5,5,18);
INSERT INTO api_diplomeobtenu VALUES(275,'2022-08-28',4,6,1,13);
INSERT INTO api_diplomeobtenu VALUES(276,'2016-05-14',7,8,10,13);
INSERT INTO api_diplomeobtenu VALUES(277,'2020-07-04',6,5,13,13);
INSERT INTO api_diplomeobtenu VALUES(278,'2018-03-13',7,1,13,13);
INSERT INTO api_diplomeobtenu VALUES(279,'2016-06-06',5,7,4,15);
INSERT INTO api_diplomeobtenu VALUES(280,'2018-10-15',2,2,4,15);
INSERT INTO api_diplomeobtenu VALUES(281,'2024-02-01',2,6,6,16);
INSERT INTO api_diplomeobtenu VALUES(282,'2024-03-16',3,4,6,16);
INSERT INTO api_diplomeobtenu VALUES(283,'2021-08-05',1,3,7,18);
INSERT INTO api_diplomeobtenu VALUES(284,'2022-05-03',6,1,7,18);
INSERT INTO api_diplomeobtenu VALUES(285,'2024-09-26',2,5,2,10);
INSERT INTO api_diplomeobtenu VALUES(286,'2017-12-23',2,7,2,10);
INSERT INTO api_diplomeobtenu VALUES(287,'2017-05-21',3,6,1,7);
INSERT INTO api_diplomeobtenu VALUES(288,'2019-01-26',5,6,1,7);
INSERT INTO api_diplomeobtenu VALUES(289,'2024-07-14',6,3,20,10);
INSERT INTO api_diplomeobtenu VALUES(290,'2019-01-08',3,3,20,10);
INSERT INTO api_diplomeobtenu VALUES(291,'2018-01-07',4,8,19,20);
INSERT INTO api_diplomeobtenu VALUES(292,'2018-04-20',5,3,19,20);
INSERT INTO api_diplomeobtenu VALUES(293,'2020-04-28',5,7,8,11);
INSERT INTO api_diplomeobtenu VALUES(294,'2017-08-01',4,6,8,11);
INSERT INTO api_diplomeobtenu VALUES(295,'2016-09-23',6,8,19,7);
INSERT INTO api_diplomeobtenu VALUES(296,'2024-12-07',5,2,19,7);
INSERT INTO api_diplomeobtenu VALUES(297,'2023-02-21',1,1,18,15);
INSERT INTO api_diplomeobtenu VALUES(298,'2021-11-15',5,8,18,15);
INSERT INTO api_diplomeobtenu VALUES(299,'2019-03-09',3,6,9,8);
INSERT INTO api_diplomeobtenu VALUES(300,'2019-08-03',1,3,21,8);
INSERT INTO api_diplomeobtenu VALUES(301,'2020-03-21',4,5,17,5);
INSERT INTO api_diplomeobtenu VALUES(302,'2023-01-17',6,7,13,10);
INSERT INTO api_diplomeobtenu VALUES(303,'2016-04-22',7,7,5,9);
INSERT INTO api_diplomeobtenu VALUES(304,'2021-10-01',4,7,5,9);
INSERT INTO api_diplomeobtenu VALUES(305,'2021-05-19',7,3,2,1);
INSERT INTO api_diplomeobtenu VALUES(306,'2017-06-23',4,7,2,1);
INSERT INTO api_diplomeobtenu VALUES(307,'2018-12-31',4,4,6,12);
INSERT INTO api_diplomeobtenu VALUES(308,'2015-06-01',4,2,6,12);
INSERT INTO api_diplomeobtenu VALUES(309,'2022-03-04',3,7,2,12);
INSERT INTO api_diplomeobtenu VALUES(310,'2024-04-24',6,3,2,12);
INSERT INTO api_diplomeobtenu VALUES(311,'2025-05-16',5,7,19,8);
INSERT INTO api_diplomeobtenu VALUES(312,'2024-09-17',5,6,19,11);
INSERT INTO api_diplomeobtenu VALUES(313,'2015-08-14',5,2,18,10);
INSERT INTO api_diplomeobtenu VALUES(314,'2023-08-28',2,7,18,10);
INSERT INTO api_diplomeobtenu VALUES(315,'2024-10-06',7,4,3,12);
INSERT INTO api_diplomeobtenu VALUES(316,'2024-12-25',5,3,3,12);
INSERT INTO api_diplomeobtenu VALUES(317,'2022-04-29',2,2,7,6);
INSERT INTO api_diplomeobtenu VALUES(318,'2015-09-19',1,6,7,6);
INSERT INTO api_diplomeobtenu VALUES(319,'2017-11-21',1,5,3,1);
INSERT INTO api_diplomeobtenu VALUES(320,'2020-05-21',3,8,3,1);
INSERT INTO api_diplomeobtenu VALUES(321,'2019-11-22',5,8,5,1);
INSERT INTO api_diplomeobtenu VALUES(322,'2021-09-17',3,8,5,1);
INSERT INTO api_diplomeobtenu VALUES(323,'2023-11-18',1,7,12,10);
INSERT INTO api_diplomeobtenu VALUES(324,'2024-11-12',1,1,12,10);
INSERT INTO api_diplomeobtenu VALUES(325,'2016-01-04',1,8,11,16);
INSERT INTO api_diplomeobtenu VALUES(326,'2019-12-22',3,7,11,16);
INSERT INTO api_diplomeobtenu VALUES(327,'2017-02-24',3,6,14,20);
INSERT INTO api_diplomeobtenu VALUES(328,'2015-08-27',1,5,14,20);
INSERT INTO api_diplomeobtenu VALUES(329,'2018-05-01',6,8,7,16);
INSERT INTO api_diplomeobtenu VALUES(330,'2024-11-28',4,7,7,4);
INSERT INTO api_diplomeobtenu VALUES(331,'2020-06-10',7,2,15,6);
INSERT INTO api_diplomeobtenu VALUES(332,'2021-10-13',6,7,15,6);
INSERT INTO api_diplomeobtenu VALUES(333,'2025-01-29',6,2,5,10);
INSERT INTO api_diplomeobtenu VALUES(334,'2019-05-07',1,1,5,16);
INSERT INTO api_diplomeobtenu VALUES(335,'2019-02-21',5,2,6,20);
INSERT INTO api_diplomeobtenu VALUES(336,'2022-12-19',6,3,6,20);
INSERT INTO api_diplomeobtenu VALUES(337,'2021-04-29',3,3,8,14);
INSERT INTO api_diplomeobtenu VALUES(338,'2020-10-03',7,7,8,14);
INSERT INTO api_diplomeobtenu VALUES(339,'2019-07-08',2,7,12,3);
INSERT INTO api_diplomeobtenu VALUES(340,'2024-11-02',3,5,12,12);
INSERT INTO api_diplomeobtenu VALUES(341,'2025-02-15',7,3,12,1);
INSERT INTO api_diplomeobtenu VALUES(342,'2018-04-09',7,1,12,1);
INSERT INTO api_diplomeobtenu VALUES(343,'2023-01-08',4,6,2,17);
INSERT INTO api_diplomeobtenu VALUES(344,'2020-12-26',3,8,2,17);
INSERT INTO api_diplomeobtenu VALUES(345,'2017-07-12',6,8,2,1);
INSERT INTO api_diplomeobtenu VALUES(346,'2021-06-27',4,1,2,1);
INSERT INTO api_diplomeobtenu VALUES(347,'2021-09-23',4,8,7,10);
INSERT INTO api_diplomeobtenu VALUES(348,'2021-03-13',1,5,7,10);
INSERT INTO api_diplomeobtenu VALUES(349,'2024-06-19',2,8,2,1);
INSERT INTO api_diplomeobtenu VALUES(350,'2023-03-25',7,1,2,5);
INSERT INTO api_diplomeobtenu VALUES(351,'2020-12-29',5,5,20,10);
INSERT INTO api_diplomeobtenu VALUES(352,'2016-06-28',4,3,20,10);
INSERT INTO api_diplomeobtenu VALUES(353,'2018-08-27',1,3,19,9);
INSERT INTO api_diplomeobtenu VALUES(354,'2016-09-02',7,5,19,9);
INSERT INTO api_diplomeobtenu VALUES(355,'2020-05-14',4,2,4,17);
INSERT INTO api_diplomeobtenu VALUES(356,'2016-01-22',2,7,4,17);
INSERT INTO api_diplomeobtenu VALUES(357,'2024-11-19',5,4,17,12);
INSERT INTO api_diplomeobtenu VALUES(358,'2023-04-22',1,5,17,12);
INSERT INTO api_diplomeobtenu VALUES(359,'2020-08-16',7,6,13,7);
INSERT INTO api_diplomeobtenu VALUES(360,'2024-05-03',1,3,13,7);
INSERT INTO api_diplomeobtenu VALUES(361,'2016-01-18',7,7,11,5);
INSERT INTO api_diplomeobtenu VALUES(362,'2025-01-13',1,1,11,5);
INSERT INTO api_diplomeobtenu VALUES(363,'2018-01-19',5,5,19,2);
INSERT INTO api_diplomeobtenu VALUES(364,'2020-03-14',4,1,6,2);
INSERT INTO api_diplomeobtenu VALUES(365,'2021-01-11',3,3,6,16);
INSERT INTO api_diplomeobtenu VALUES(366,'2022-10-18',5,8,6,16);
INSERT INTO api_diplomeobtenu VALUES(367,'2019-12-14',2,8,1,10);
INSERT INTO api_diplomeobtenu VALUES(368,'2017-01-12',1,8,1,10);
INSERT INTO api_diplomeobtenu VALUES(369,'2015-12-22',7,5,15,7);
INSERT INTO api_diplomeobtenu VALUES(370,'2020-04-05',4,7,15,7);
INSERT INTO api_diplomeobtenu VALUES(371,'2018-09-11',3,3,7,7);
INSERT INTO api_diplomeobtenu VALUES(372,'2023-07-22',5,6,7,7);
INSERT INTO api_diplomeobtenu VALUES(373,'2022-07-14',2,4,18,4);
INSERT INTO api_diplomeobtenu VALUES(374,'2020-09-17',6,4,8,4);
INSERT INTO api_diplomeobtenu VALUES(375,'2022-02-20',6,1,5,20);
INSERT INTO api_diplomeobtenu VALUES(376,'2018-06-07',5,8,5,20);
INSERT INTO api_diplomeobtenu VALUES(377,'2016-12-13',1,2,12,8);
INSERT INTO api_diplomeobtenu VALUES(378,'2021-09-10',2,2,12,15);
INSERT INTO api_diplomeobtenu VALUES(379,'2020-12-27',1,1,2,3);
INSERT INTO api_diplomeobtenu VALUES(380,'2019-04-07',6,2,2,3);
INSERT INTO api_diplomeobtenu VALUES(381,'2018-05-29',4,8,14,5);
INSERT INTO api_diplomeobtenu VALUES(382,'2016-07-28',5,5,14,5);
INSERT INTO api_diplomeobtenu VALUES(383,'2019-02-05',6,5,17,17);
INSERT INTO api_diplomeobtenu VALUES(384,'2016-02-19',5,1,17,17);
INSERT INTO api_diplomeobtenu VALUES(385,'2016-04-07',5,2,4,15);
INSERT INTO api_diplomeobtenu VALUES(386,'2023-05-19',3,2,4,15);
INSERT INTO api_diplomeobtenu VALUES(387,'2019-12-08',3,1,16,8);
INSERT INTO api_diplomeobtenu VALUES(388,'2018-01-09',6,3,16,8);
INSERT INTO api_diplomeobtenu VALUES(389,'2022-06-12',5,2,8,13);
INSERT INTO api_diplomeobtenu VALUES(390,'2020-04-08',4,6,8,13);
INSERT INTO api_diplomeobtenu VALUES(391,'2021-06-23',3,2,7,19);
INSERT INTO api_diplomeobtenu VALUES(392,'2022-02-27',7,6,7,19);
INSERT INTO api_diplomeobtenu VALUES(393,'2021-05-26',3,3,13,9);
INSERT INTO api_diplomeobtenu VALUES(394,'2018-06-25',7,1,13,9);
INSERT INTO api_diplomeobtenu VALUES(395,'2017-06-25',4,8,4,6);
INSERT INTO api_diplomeobtenu VALUES(396,'2016-08-01',5,6,4,6);
INSERT INTO api_diplomeobtenu VALUES(397,'2019-08-03',5,5,11,14);
INSERT INTO api_diplomeobtenu VALUES(398,'2020-09-28',5,6,11,14);
INSERT INTO api_diplomeobtenu VALUES(399,'2019-02-10',3,2,1,20);
INSERT INTO api_diplomeobtenu VALUES(400,'2018-03-17',2,1,1,20);
INSERT INTO api_diplomeobtenu VALUES(401,'2021-03-31',3,5,16,20);
INSERT INTO api_diplomeobtenu VALUES(402,'2016-12-14',1,7,16,20);
INSERT INTO api_diplomeobtenu VALUES(403,'2017-06-30',4,1,17,7);
INSERT INTO api_diplomeobtenu VALUES(404,'2024-02-12',2,2,20,7);
INSERT INTO api_diplomeobtenu VALUES(405,'2022-09-06',5,8,21,15);
INSERT INTO api_diplomeobtenu VALUES(406,'2017-08-14',2,6,21,15);
INSERT INTO api_diplomeobtenu VALUES(407,'2020-08-05',6,4,7,16);
INSERT INTO api_diplomeobtenu VALUES(408,'2018-04-30',7,6,7,16);
INSERT INTO api_diplomeobtenu VALUES(409,'2016-04-09',5,6,12,20);
INSERT INTO api_diplomeobtenu VALUES(410,'2018-11-10',4,4,12,20);
INSERT INTO api_diplomeobtenu VALUES(411,'2022-09-13',2,1,16,8);
INSERT INTO api_diplomeobtenu VALUES(412,'2023-03-28',7,4,16,8);
INSERT INTO api_diplomeobtenu VALUES(413,'2021-10-17',1,2,14,7);
INSERT INTO api_diplomeobtenu VALUES(414,'2017-09-05',6,2,14,7);
INSERT INTO api_diplomeobtenu VALUES(415,'2020-05-31',3,4,21,10);
INSERT INTO api_diplomeobtenu VALUES(416,'2016-01-10',3,1,1,10);
INSERT INTO api_diplomeobtenu VALUES(417,'2016-05-07',4,3,16,8);
INSERT INTO api_diplomeobtenu VALUES(418,'2021-06-02',4,5,16,8);
INSERT INTO api_diplomeobtenu VALUES(419,'2018-08-28',3,3,14,14);
INSERT INTO api_diplomeobtenu VALUES(420,'2019-09-15',5,2,14,14);
INSERT INTO api_diplomeobtenu VALUES(421,'2017-12-01',6,4,9,8);
INSERT INTO api_diplomeobtenu VALUES(422,'2023-04-22',3,6,9,8);
INSERT INTO api_diplomeobtenu VALUES(423,'2023-10-11',2,7,16,12);
INSERT INTO api_diplomeobtenu VALUES(424,'2016-05-22',4,7,16,12);
INSERT INTO api_diplomeobtenu VALUES(425,'2017-06-03',6,4,21,1);
INSERT INTO api_diplomeobtenu VALUES(426,'2023-02-23',1,2,21,1);
INSERT INTO api_diplomeobtenu VALUES(427,'2023-06-04',7,3,7,1);
INSERT INTO api_diplomeobtenu VALUES(428,'2018-06-29',6,8,7,1);
INSERT INTO api_diplomeobtenu VALUES(429,'2021-01-12',7,4,5,4);
INSERT INTO api_diplomeobtenu VALUES(430,'2018-05-12',3,5,5,4);
INSERT INTO api_diplomeobtenu VALUES(431,'2017-10-31',2,1,17,18);
INSERT INTO api_diplomeobtenu VALUES(432,'2020-11-07',1,3,17,18);
INSERT INTO api_diplomeobtenu VALUES(433,'2015-06-28',6,3,20,8);
INSERT INTO api_diplomeobtenu VALUES(434,'2015-08-16',7,1,20,8);
INSERT INTO api_diplomeobtenu VALUES(435,'2024-12-02',6,3,4,10);
INSERT INTO api_diplomeobtenu VALUES(436,'2024-02-29',3,3,4,10);
INSERT INTO api_diplomeobtenu VALUES(437,'2015-09-11',4,2,14,18);
INSERT INTO api_diplomeobtenu VALUES(438,'2020-04-29',5,7,14,18);
INSERT INTO api_diplomeobtenu VALUES(439,'2022-10-21',2,1,4,2);
INSERT INTO api_diplomeobtenu VALUES(440,'2023-04-02',4,7,4,2);
INSERT INTO api_diplomeobtenu VALUES(441,'2017-10-06',5,2,13,15);
INSERT INTO api_diplomeobtenu VALUES(442,'2020-12-02',1,3,13,15);
INSERT INTO api_diplomeobtenu VALUES(443,'2023-10-01',3,1,2,18);
INSERT INTO api_diplomeobtenu VALUES(444,'2019-06-26',1,8,2,18);
INSERT INTO api_diplomeobtenu VALUES(445,'2025-04-01',4,4,20,1);
INSERT INTO api_diplomeobtenu VALUES(446,'2019-12-17',3,1,20,1);
INSERT INTO api_diplomeobtenu VALUES(447,'2015-11-23',3,6,19,6);
INSERT INTO api_diplomeobtenu VALUES(448,'2022-06-11',4,2,19,6);
INSERT INTO api_diplomeobtenu VALUES(449,'2023-05-26',2,4,12,15);
INSERT INTO api_diplomeobtenu VALUES(450,'2015-08-16',3,4,12,19);
INSERT INTO api_diplomeobtenu VALUES(451,'2018-11-24',3,2,11,20);
INSERT INTO api_diplomeobtenu VALUES(452,'2020-02-09',5,7,11,20);
INSERT INTO api_diplomeobtenu VALUES(453,'2024-07-28',5,8,3,1);
INSERT INTO api_diplomeobtenu VALUES(454,'2025-03-11',4,4,3,1);
INSERT INTO api_diplomeobtenu VALUES(455,'2015-09-12',6,1,7,18);
INSERT INTO api_diplomeobtenu VALUES(456,'2015-11-26',1,6,7,18);
INSERT INTO api_diplomeobtenu VALUES(457,'2020-05-14',4,4,21,19);
INSERT INTO api_diplomeobtenu VALUES(458,'2019-09-27',6,1,21,19);
INSERT INTO api_diplomeobtenu VALUES(459,'2021-09-29',4,3,1,1);
INSERT INTO api_diplomeobtenu VALUES(460,'2024-08-05',3,5,1,1);
INSERT INTO api_diplomeobtenu VALUES(461,'2018-04-04',2,8,3,3);
INSERT INTO api_diplomeobtenu VALUES(462,'2020-05-15',4,3,3,3);
INSERT INTO api_diplomeobtenu VALUES(463,'2021-06-25',6,4,7,2);
INSERT INTO api_diplomeobtenu VALUES(464,'2016-12-16',7,2,7,2);
INSERT INTO api_diplomeobtenu VALUES(465,'2019-11-21',5,5,15,13);
INSERT INTO api_diplomeobtenu VALUES(466,'2018-07-28',3,5,15,13);
INSERT INTO api_diplomeobtenu VALUES(467,'2025-01-04',3,7,6,8);
INSERT INTO api_diplomeobtenu VALUES(468,'2016-09-05',2,5,6,8);
INSERT INTO api_diplomeobtenu VALUES(469,'2016-11-04',7,1,8,3);
INSERT INTO api_diplomeobtenu VALUES(470,'2018-03-14',5,8,8,14);
INSERT INTO api_diplomeobtenu VALUES(471,'2024-08-03',5,7,6,11);
INSERT INTO api_diplomeobtenu VALUES(472,'2021-05-15',7,5,6,11);
INSERT INTO api_diplomeobtenu VALUES(473,'2017-06-30',6,4,7,19);
INSERT INTO api_diplomeobtenu VALUES(474,'2024-02-18',6,6,7,19);
INSERT INTO api_diplomeobtenu VALUES(475,'2017-06-22',2,4,17,14);
INSERT INTO api_diplomeobtenu VALUES(476,'2016-10-11',6,6,17,14);
INSERT INTO api_diplomeobtenu VALUES(477,'2024-07-31',3,5,10,5);
INSERT INTO api_diplomeobtenu VALUES(478,'2025-03-12',6,6,10,5);
INSERT INTO api_diplomeobtenu VALUES(479,'2023-08-31',5,5,17,14);
INSERT INTO api_diplomeobtenu VALUES(480,'2024-11-29',2,3,17,14);
INSERT INTO api_diplomeobtenu VALUES(481,'2018-06-23',2,6,20,19);
INSERT INTO api_diplomeobtenu VALUES(482,'2018-06-26',5,2,20,19);
INSERT INTO api_diplomeobtenu VALUES(483,'2016-01-09',2,2,6,15);
INSERT INTO api_diplomeobtenu VALUES(484,'2019-06-29',4,6,6,15);
INSERT INTO api_diplomeobtenu VALUES(485,'2024-10-18',7,3,16,4);
INSERT INTO api_diplomeobtenu VALUES(486,'2022-06-19',5,6,16,4);
INSERT INTO api_diplomeobtenu VALUES(487,'2021-01-07',7,4,18,2);
INSERT INTO api_diplomeobtenu VALUES(488,'2021-01-30',7,6,18,2);
INSERT INTO api_diplomeobtenu VALUES(489,'2016-03-05',5,8,14,13);
INSERT INTO api_diplomeobtenu VALUES(490,'2024-12-10',5,5,14,13);
INSERT INTO api_diplomeobtenu VALUES(491,'2023-06-08',2,7,18,2);
INSERT INTO api_diplomeobtenu VALUES(492,'2018-06-09',4,2,18,2);
INSERT INTO api_diplomeobtenu VALUES(493,'2022-08-08',3,3,14,17);
INSERT INTO api_diplomeobtenu VALUES(494,'2019-04-25',1,5,14,17);
INSERT INTO api_diplomeobtenu VALUES(495,'2015-09-22',1,6,3,1);
INSERT INTO api_diplomeobtenu VALUES(496,'2018-10-22',6,8,3,1);
INSERT INTO api_diplomeobtenu VALUES(497,'2020-02-06',4,8,14,18);
INSERT INTO api_diplomeobtenu VALUES(498,'2023-08-27',3,5,14,18);
INSERT INTO api_diplomeobtenu VALUES(499,'2017-12-26',2,3,19,3);
INSERT INTO api_diplomeobtenu VALUES(500,'2022-10-20',4,8,19,3);
INSERT INTO api_diplomeobtenu VALUES(501,'2016-03-30',4,2,2,13);
INSERT INTO api_diplomeobtenu VALUES(502,'2022-11-01',5,2,2,13);
INSERT INTO api_diplomeobtenu VALUES(503,'2021-11-13',3,7,8,11);
INSERT INTO api_diplomeobtenu VALUES(504,'2018-05-30',5,3,8,11);
INSERT INTO api_diplomeobtenu VALUES(505,'2019-11-01',6,4,2,16);
INSERT INTO api_diplomeobtenu VALUES(506,'2023-09-22',1,8,2,16);
INSERT INTO api_diplomeobtenu VALUES(507,'2018-04-12',6,8,7,8);
INSERT INTO api_diplomeobtenu VALUES(508,'2020-02-24',1,8,7,8);
INSERT INTO api_diplomeobtenu VALUES(509,'2024-10-11',5,4,14,19);
INSERT INTO api_diplomeobtenu VALUES(510,'2017-07-16',2,6,14,19);
INSERT INTO api_diplomeobtenu VALUES(511,'2023-08-05',6,8,16,6);
INSERT INTO api_diplomeobtenu VALUES(512,'2018-09-30',6,2,21,6);
INSERT INTO api_diplomeobtenu VALUES(513,'2024-01-13',7,4,1,15);
INSERT INTO api_diplomeobtenu VALUES(514,'2016-04-13',7,5,1,15);
INSERT INTO api_diplomeobtenu VALUES(515,'2017-02-06',4,7,4,5);
INSERT INTO api_diplomeobtenu VALUES(516,'2016-03-01',6,5,4,5);
INSERT INTO api_diplomeobtenu VALUES(517,'2023-02-03',3,2,13,17);
INSERT INTO api_diplomeobtenu VALUES(518,'2020-06-15',5,6,13,17);
INSERT INTO api_diplomeobtenu VALUES(519,'2018-04-08',1,6,5,18);
INSERT INTO api_diplomeobtenu VALUES(520,'2016-05-06',2,3,5,18);
INSERT INTO api_diplomeobtenu VALUES(521,'2017-04-24',3,5,6,19);
INSERT INTO api_diplomeobtenu VALUES(522,'2020-02-22',4,5,6,19);
INSERT INTO api_diplomeobtenu VALUES(523,'2023-12-29',6,7,7,6);
INSERT INTO api_diplomeobtenu VALUES(524,'2021-05-13',3,5,7,7);
INSERT INTO api_diplomeobtenu VALUES(525,'2018-08-19',4,5,2,17);
INSERT INTO api_diplomeobtenu VALUES(526,'2020-11-25',1,3,2,17);
INSERT INTO api_diplomeobtenu VALUES(527,'2024-11-01',3,6,8,4);
INSERT INTO api_diplomeobtenu VALUES(528,'2021-10-15',5,7,8,4);
INSERT INTO api_diplomeobtenu VALUES(529,'2021-05-15',1,4,2,6);
INSERT INTO api_diplomeobtenu VALUES(530,'2022-06-22',3,4,2,6);
INSERT INTO api_diplomeobtenu VALUES(531,'2024-11-06',7,8,20,3);
INSERT INTO api_diplomeobtenu VALUES(532,'2024-10-12',2,6,20,3);
INSERT INTO api_diplomeobtenu VALUES(533,'2018-11-08',6,4,1,3);
INSERT INTO api_diplomeobtenu VALUES(534,'2017-06-08',6,5,15,3);
INSERT INTO api_diplomeobtenu VALUES(535,'2018-08-04',7,3,14,16);
INSERT INTO api_diplomeobtenu VALUES(536,'2016-01-29',6,2,14,16);
INSERT INTO api_diplomeobtenu VALUES(537,'2023-09-02',5,3,6,11);
INSERT INTO api_diplomeobtenu VALUES(538,'2023-09-03',4,1,6,11);
INSERT INTO api_diplomeobtenu VALUES(539,'2024-10-26',4,1,4,7);
INSERT INTO api_diplomeobtenu VALUES(540,'2021-12-03',4,2,4,7);
INSERT INTO api_diplomeobtenu VALUES(541,'2015-11-21',1,7,14,19);
INSERT INTO api_diplomeobtenu VALUES(542,'2016-05-29',7,4,14,19);
INSERT INTO api_diplomeobtenu VALUES(543,'2025-05-13',7,3,5,6);
INSERT INTO api_diplomeobtenu VALUES(544,'2019-10-07',7,5,5,6);
INSERT INTO api_diplomeobtenu VALUES(545,'2020-02-16',7,8,20,2);
INSERT INTO api_diplomeobtenu VALUES(546,'2018-05-27',3,8,20,2);
INSERT INTO api_diplomeobtenu VALUES(547,'2018-10-28',7,4,9,10);
INSERT INTO api_diplomeobtenu VALUES(548,'2023-04-04',3,3,9,10);
INSERT INTO api_diplomeobtenu VALUES(549,'2020-10-30',5,5,11,18);
INSERT INTO api_diplomeobtenu VALUES(550,'2019-08-21',1,1,11,18);
INSERT INTO api_diplomeobtenu VALUES(551,'2015-06-28',6,5,19,15);
INSERT INTO api_diplomeobtenu VALUES(552,'2022-08-21',1,4,19,15);
INSERT INTO api_diplomeobtenu VALUES(553,'2019-02-02',1,4,5,15);
INSERT INTO api_diplomeobtenu VALUES(554,'2023-08-04',1,1,17,15);
INSERT INTO api_diplomeobtenu VALUES(555,'2016-04-07',6,8,7,1);
INSERT INTO api_diplomeobtenu VALUES(556,'2020-07-13',1,5,7,1);
INSERT INTO api_diplomeobtenu VALUES(557,'2020-08-16',1,6,16,9);
INSERT INTO api_diplomeobtenu VALUES(558,'2024-06-18',5,7,16,9);
INSERT INTO api_diplomeobtenu VALUES(559,'2025-05-28',4,4,1,19);
INSERT INTO api_diplomeobtenu VALUES(560,'2019-06-27',4,1,1,19);
INSERT INTO api_diplomeobtenu VALUES(561,'2019-05-31',1,3,13,17);
INSERT INTO api_diplomeobtenu VALUES(562,'2016-08-06',2,6,13,17);
INSERT INTO api_diplomeobtenu VALUES(563,'2021-12-29',5,7,15,3);
INSERT INTO api_diplomeobtenu VALUES(564,'2016-06-06',7,3,15,3);
INSERT INTO api_diplomeobtenu VALUES(565,'2019-08-16',1,5,13,14);
INSERT INTO api_diplomeobtenu VALUES(566,'2019-01-07',1,6,13,14);
INSERT INTO api_diplomeobtenu VALUES(567,'2018-10-18',4,3,8,7);
INSERT INTO api_diplomeobtenu VALUES(568,'2019-08-28',4,7,8,7);
INSERT INTO api_diplomeobtenu VALUES(569,'2025-03-24',1,2,10,14);
INSERT INTO api_diplomeobtenu VALUES(570,'2021-03-04',3,6,10,14);
INSERT INTO api_diplomeobtenu VALUES(571,'2024-09-13',2,6,17,16);
INSERT INTO api_diplomeobtenu VALUES(572,'2019-06-11',7,3,17,16);
INSERT INTO api_diplomeobtenu VALUES(573,'2024-08-21',3,1,3,17);
INSERT INTO api_diplomeobtenu VALUES(574,'2022-10-14',4,6,3,17);
INSERT INTO api_diplomeobtenu VALUES(575,'2018-04-22',1,1,2,16);
INSERT INTO api_diplomeobtenu VALUES(576,'2019-08-06',3,3,2,16);
INSERT INTO api_diplomeobtenu VALUES(577,'2015-11-21',1,5,14,10);
INSERT INTO api_diplomeobtenu VALUES(578,'2022-07-15',6,5,14,10);
INSERT INTO api_diplomeobtenu VALUES(579,'2021-06-15',7,6,3,2);
INSERT INTO api_diplomeobtenu VALUES(580,'2015-08-19',7,6,3,2);
INSERT INTO api_diplomeobtenu VALUES(581,'2018-06-21',6,4,5,7);
INSERT INTO api_diplomeobtenu VALUES(582,'2025-02-27',6,5,3,7);
INSERT INTO api_diplomeobtenu VALUES(583,'2022-08-21',5,2,16,19);
INSERT INTO api_diplomeobtenu VALUES(584,'2023-09-23',2,4,16,19);
INSERT INTO api_diplomeobtenu VALUES(585,'2022-10-25',1,5,12,16);
INSERT INTO api_diplomeobtenu VALUES(586,'2021-02-03',3,2,12,16);
INSERT INTO api_diplomeobtenu VALUES(587,'2022-07-13',2,4,17,2);
INSERT INTO api_diplomeobtenu VALUES(588,'2015-12-10',4,1,17,2);
INSERT INTO api_diplomeobtenu VALUES(589,'2019-11-13',4,5,6,14);
INSERT INTO api_diplomeobtenu VALUES(590,'2023-06-26',1,6,6,19);
INSERT INTO api_diplomeobtenu VALUES(591,'2016-03-16',4,5,1,16);
INSERT INTO api_diplomeobtenu VALUES(592,'2017-05-28',2,7,1,16);
INSERT INTO api_diplomeobtenu VALUES(593,'2019-01-30',1,4,17,3);
INSERT INTO api_diplomeobtenu VALUES(594,'2017-07-12',4,6,17,3);
INSERT INTO api_diplomeobtenu VALUES(595,'2019-02-12',3,2,16,2);
INSERT INTO api_diplomeobtenu VALUES(596,'2021-01-01',1,2,16,2);
INSERT INTO api_diplomeobtenu VALUES(597,'2016-12-20',7,1,13,17);
INSERT INTO api_diplomeobtenu VALUES(598,'2020-06-10',2,1,13,17);
INSERT INTO api_diplomeobtenu VALUES(599,'2021-11-08',7,6,19,14);
INSERT INTO api_diplomeobtenu VALUES(600,'2016-10-11',5,6,19,14);
CREATE TABLE IF NOT EXISTS "api_dossier" ("id_dossier" integer NOT NULL PRIMARY KEY AUTOINCREMENT, "date_inscription" date NOT NULL, "specialite_id" integer NULL REFERENCES "api_specialite" ("id_specialite") DEFERRABLE INITIALLY DEFERRED);
INSERT INTO api_dossier VALUES(1,'2025-05-08',1);
INSERT INTO api_dossier VALUES(2,'2025-05-28',2);
INSERT INTO api_dossier VALUES(3,'2025-05-06',2);
INSERT INTO api_dossier VALUES(4,'2025-04-22',2);
INSERT INTO api_dossier VALUES(5,'2025-05-18',2);
INSERT INTO api_dossier VALUES(6,'2025-05-10',1);
INSERT INTO api_dossier VALUES(7,'2025-04-25',1);
INSERT INTO api_dossier VALUES(8,'2025-05-22',2);
INSERT INTO api_dossier VALUES(9,'2025-05-21',1);
INSERT INTO api_dossier VALUES(10,'2025-05-09',2);
INSERT INTO api_dossier VALUES(11,'2025-05-07',1);
INSERT INTO api_dossier VALUES(12,'2025-05-24',2);
INSERT INTO api_dossier VALUES(13,'2025-05-05',2);
INSERT INTO api_dossier VALUES(14,'2025-05-14',2);
INSERT INTO api_dossier VALUES(15,'2025-05-12',2);
INSERT INTO api_dossier VALUES(16,'2025-05-08',2);
INSERT INTO api_dossier VALUES(17,'2025-05-21',2);
INSERT INTO api_dossier VALUES(18,'2025-05-05',1);
INSERT INTO api_dossier VALUES(19,'2025-05-24',2);
INSERT INTO api_dossier VALUES(20,'2025-04-26',2);
INSERT INTO api_dossier VALUES(21,'2025-05-09',1);
INSERT INTO api_dossier VALUES(22,'2025-05-30',1);
INSERT INTO api_dossier VALUES(23,'2025-05-16',1);
INSERT INTO api_dossier VALUES(24,'2025-05-08',2);
INSERT INTO api_dossier VALUES(25,'2025-05-01',1);
INSERT INTO api_dossier VALUES(26,'2025-05-12',2);
INSERT INTO api_dossier VALUES(27,'2025-04-20',2);
INSERT INTO api_dossier VALUES(28,'2025-05-13',1);
INSERT INTO api_dossier VALUES(29,'2025-04-30',2);
INSERT INTO api_dossier VALUES(30,'2025-05-23',2);
INSERT INTO api_dossier VALUES(31,'2025-05-08',2);
INSERT INTO api_dossier VALUES(32,'2025-05-23',2);
INSERT INTO api_dossier VALUES(33,'2025-05-09',1);
INSERT INTO api_dossier VALUES(34,'2025-04-23',2);
INSERT INTO api_dossier VALUES(35,'2025-05-12',1);
INSERT INTO api_dossier VALUES(36,'2025-05-10',1);
INSERT INTO api_dossier VALUES(37,'2025-05-28',1);
INSERT INTO api_dossier VALUES(38,'2025-05-01',1);
INSERT INTO api_dossier VALUES(39,'2025-04-27',2);
INSERT INTO api_dossier VALUES(40,'2025-05-20',1);
INSERT INTO api_dossier VALUES(41,'2025-05-14',2);
INSERT INTO api_dossier VALUES(42,'2025-04-25',1);
INSERT INTO api_dossier VALUES(43,'2025-05-18',1);
INSERT INTO api_dossier VALUES(44,'2025-05-22',2);
INSERT INTO api_dossier VALUES(45,'2025-04-20',2);
INSERT INTO api_dossier VALUES(46,'2025-05-04',2);
INSERT INTO api_dossier VALUES(47,'2025-05-13',1);
INSERT INTO api_dossier VALUES(48,'2025-05-08',1);
INSERT INTO api_dossier VALUES(49,'2025-04-25',1);
INSERT INTO api_dossier VALUES(50,'2025-04-25',1);
INSERT INTO api_dossier VALUES(51,'2025-04-30',1);
INSERT INTO api_dossier VALUES(52,'2025-05-23',2);
INSERT INTO api_dossier VALUES(53,'2025-05-23',1);
INSERT INTO api_dossier VALUES(54,'2025-04-26',2);
INSERT INTO api_dossier VALUES(55,'2025-05-25',2);
INSERT INTO api_dossier VALUES(56,'2025-05-15',1);
INSERT INTO api_dossier VALUES(57,'2025-05-30',2);
INSERT INTO api_dossier VALUES(58,'2025-05-20',1);
INSERT INTO api_dossier VALUES(59,'2025-04-25',1);
INSERT INTO api_dossier VALUES(60,'2025-05-15',2);
INSERT INTO api_dossier VALUES(61,'2025-05-20',2);
INSERT INTO api_dossier VALUES(62,'2025-04-23',1);
INSERT INTO api_dossier VALUES(63,'2025-05-05',2);
INSERT INTO api_dossier VALUES(64,'2025-05-05',1);
INSERT INTO api_dossier VALUES(65,'2025-05-28',2);
INSERT INTO api_dossier VALUES(66,'2025-04-28',1);
INSERT INTO api_dossier VALUES(67,'2025-05-09',2);
INSERT INTO api_dossier VALUES(68,'2025-05-15',1);
INSERT INTO api_dossier VALUES(69,'2025-05-28',1);
INSERT INTO api_dossier VALUES(70,'2025-05-22',1);
INSERT INTO api_dossier VALUES(71,'2025-05-19',1);
INSERT INTO api_dossier VALUES(72,'2025-04-28',1);
INSERT INTO api_dossier VALUES(73,'2025-04-29',1);
INSERT INTO api_dossier VALUES(74,'2025-05-30',2);
INSERT INTO api_dossier VALUES(75,'2025-05-26',2);
INSERT INTO api_dossier VALUES(76,'2025-05-04',1);
INSERT INTO api_dossier VALUES(77,'2025-04-25',2);
INSERT INTO api_dossier VALUES(78,'2025-05-30',1);
INSERT INTO api_dossier VALUES(79,'2025-05-16',2);
INSERT INTO api_dossier VALUES(80,'2025-05-07',1);
INSERT INTO api_dossier VALUES(81,'2025-05-11',1);
INSERT INTO api_dossier VALUES(82,'2025-05-11',1);
INSERT INTO api_dossier VALUES(83,'2025-04-23',1);
INSERT INTO api_dossier VALUES(84,'2025-05-05',1);
INSERT INTO api_dossier VALUES(85,'2025-04-30',1);
INSERT INTO api_dossier VALUES(86,'2025-05-19',2);
INSERT INTO api_dossier VALUES(87,'2025-05-12',1);
INSERT INTO api_dossier VALUES(88,'2025-05-28',2);
INSERT INTO api_dossier VALUES(89,'2025-05-25',1);
INSERT INTO api_dossier VALUES(90,'2025-05-22',2);
INSERT INTO api_dossier VALUES(91,'2025-05-02',2);
INSERT INTO api_dossier VALUES(92,'2025-04-28',1);
INSERT INTO api_dossier VALUES(93,'2025-04-30',1);
INSERT INTO api_dossier VALUES(94,'2025-04-24',2);
INSERT INTO api_dossier VALUES(95,'2025-05-04',2);
INSERT INTO api_dossier VALUES(96,'2025-05-18',2);
INSERT INTO api_dossier VALUES(97,'2025-05-23',2);
INSERT INTO api_dossier VALUES(98,'2025-05-01',1);
INSERT INTO api_dossier VALUES(99,'2025-05-22',2);
INSERT INTO api_dossier VALUES(100,'2025-04-25',1);
INSERT INTO api_dossier VALUES(101,'2025-05-11',1);
INSERT INTO api_dossier VALUES(102,'2025-05-02',2);
INSERT INTO api_dossier VALUES(103,'2025-05-01',1);
INSERT INTO api_dossier VALUES(104,'2025-05-04',2);
INSERT INTO api_dossier VALUES(105,'2025-05-21',1);
INSERT INTO api_dossier VALUES(106,'2025-05-30',2);
INSERT INTO api_dossier VALUES(107,'2025-04-29',1);
INSERT INTO api_dossier VALUES(108,'2025-04-28',1);
INSERT INTO api_dossier VALUES(109,'2025-05-22',2);
INSERT INTO api_dossier VALUES(110,'2025-05-17',1);
INSERT INTO api_dossier VALUES(111,'2025-05-08',1);
INSERT INTO api_dossier VALUES(112,'2025-04-24',1);
INSERT INTO api_dossier VALUES(113,'2025-04-27',1);
INSERT INTO api_dossier VALUES(114,'2025-04-25',2);
INSERT INTO api_dossier VALUES(115,'2025-05-20',2);
INSERT INTO api_dossier VALUES(116,'2025-04-24',1);
INSERT INTO api_dossier VALUES(117,'2025-04-27',2);
INSERT INTO api_dossier VALUES(118,'2025-05-22',2);
INSERT INTO api_dossier VALUES(119,'2025-04-28',2);
INSERT INTO api_dossier VALUES(120,'2025-05-08',2);
INSERT INTO api_dossier VALUES(121,'2025-05-06',2);
INSERT INTO api_dossier VALUES(122,'2025-04-30',1);
INSERT INTO api_dossier VALUES(123,'2025-05-21',1);
INSERT INTO api_dossier VALUES(124,'2025-05-17',2);
INSERT INTO api_dossier VALUES(125,'2025-04-22',1);
INSERT INTO api_dossier VALUES(126,'2025-04-21',1);
INSERT INTO api_dossier VALUES(127,'2025-04-27',1);
INSERT INTO api_dossier VALUES(128,'2025-05-13',2);
INSERT INTO api_dossier VALUES(129,'2025-04-21',2);
INSERT INTO api_dossier VALUES(130,'2025-04-28',1);
INSERT INTO api_dossier VALUES(131,'2025-05-09',2);
INSERT INTO api_dossier VALUES(132,'2025-05-21',1);
INSERT INTO api_dossier VALUES(133,'2025-05-11',1);
INSERT INTO api_dossier VALUES(134,'2025-05-27',2);
INSERT INTO api_dossier VALUES(135,'2025-05-15',1);
INSERT INTO api_dossier VALUES(136,'2025-04-20',1);
INSERT INTO api_dossier VALUES(137,'2025-05-24',1);
INSERT INTO api_dossier VALUES(138,'2025-05-16',2);
INSERT INTO api_dossier VALUES(139,'2025-05-11',2);
INSERT INTO api_dossier VALUES(140,'2025-05-09',1);
INSERT INTO api_dossier VALUES(141,'2025-04-22',1);
INSERT INTO api_dossier VALUES(142,'2025-04-26',2);
INSERT INTO api_dossier VALUES(143,'2025-05-02',1);
INSERT INTO api_dossier VALUES(144,'2025-05-01',2);
INSERT INTO api_dossier VALUES(145,'2025-05-17',2);
INSERT INTO api_dossier VALUES(146,'2025-05-16',1);
INSERT INTO api_dossier VALUES(147,'2025-04-20',2);
INSERT INTO api_dossier VALUES(148,'2025-05-07',1);
INSERT INTO api_dossier VALUES(149,'2025-04-29',2);
INSERT INTO api_dossier VALUES(150,'2025-05-05',2);
INSERT INTO api_dossier VALUES(151,'2025-05-11',2);
INSERT INTO api_dossier VALUES(152,'2025-05-09',1);
INSERT INTO api_dossier VALUES(153,'2025-05-28',2);
INSERT INTO api_dossier VALUES(154,'2025-05-08',1);
INSERT INTO api_dossier VALUES(155,'2025-05-14',1);
INSERT INTO api_dossier VALUES(156,'2025-05-18',2);
INSERT INTO api_dossier VALUES(157,'2025-05-17',2);
INSERT INTO api_dossier VALUES(158,'2025-05-02',1);
INSERT INTO api_dossier VALUES(159,'2025-05-10',1);
INSERT INTO api_dossier VALUES(160,'2025-05-05',2);
INSERT INTO api_dossier VALUES(161,'2025-05-28',1);
INSERT INTO api_dossier VALUES(162,'2025-04-23',2);
INSERT INTO api_dossier VALUES(163,'2025-04-28',2);
INSERT INTO api_dossier VALUES(164,'2025-04-30',1);
INSERT INTO api_dossier VALUES(165,'2025-05-30',1);
INSERT INTO api_dossier VALUES(166,'2025-04-29',2);
INSERT INTO api_dossier VALUES(167,'2025-05-12',1);
INSERT INTO api_dossier VALUES(168,'2025-05-09',2);
INSERT INTO api_dossier VALUES(169,'2025-05-23',2);
INSERT INTO api_dossier VALUES(170,'2025-05-20',2);
INSERT INTO api_dossier VALUES(171,'2025-05-23',1);
INSERT INTO api_dossier VALUES(172,'2025-05-16',1);
INSERT INTO api_dossier VALUES(173,'2025-05-22',2);
INSERT INTO api_dossier VALUES(174,'2025-05-17',2);
INSERT INTO api_dossier VALUES(175,'2025-04-25',2);
INSERT INTO api_dossier VALUES(176,'2025-05-20',2);
INSERT INTO api_dossier VALUES(177,'2025-04-24',2);
INSERT INTO api_dossier VALUES(178,'2025-04-21',1);
INSERT INTO api_dossier VALUES(179,'2025-04-27',1);
INSERT INTO api_dossier VALUES(180,'2025-05-08',2);
INSERT INTO api_dossier VALUES(181,'2025-05-25',1);
INSERT INTO api_dossier VALUES(182,'2025-05-09',2);
INSERT INTO api_dossier VALUES(183,'2025-05-02',1);
INSERT INTO api_dossier VALUES(184,'2025-04-24',2);
INSERT INTO api_dossier VALUES(185,'2025-05-06',1);
INSERT INTO api_dossier VALUES(186,'2025-04-27',1);
INSERT INTO api_dossier VALUES(187,'2025-05-31',1);
INSERT INTO api_dossier VALUES(188,'2025-05-17',1);
INSERT INTO api_dossier VALUES(189,'2025-05-25',1);
INSERT INTO api_dossier VALUES(190,'2025-05-30',1);
INSERT INTO api_dossier VALUES(191,'2025-04-22',2);
INSERT INTO api_dossier VALUES(192,'2025-05-24',2);
INSERT INTO api_dossier VALUES(193,'2025-05-24',1);
INSERT INTO api_dossier VALUES(194,'2025-05-03',2);
INSERT INTO api_dossier VALUES(195,'2025-05-21',1);
INSERT INTO api_dossier VALUES(196,'2025-05-31',1);
INSERT INTO api_dossier VALUES(197,'2025-05-21',1);
INSERT INTO api_dossier VALUES(198,'2025-05-05',1);
INSERT INTO api_dossier VALUES(199,'2025-05-04',1);
INSERT INTO api_dossier VALUES(200,'2025-05-06',1);
INSERT INTO api_dossier VALUES(201,'2025-04-24',2);
INSERT INTO api_dossier VALUES(202,'2025-04-24',1);
INSERT INTO api_dossier VALUES(203,'2025-05-21',2);
INSERT INTO api_dossier VALUES(204,'2025-05-20',2);
INSERT INTO api_dossier VALUES(205,'2025-04-23',2);
INSERT INTO api_dossier VALUES(206,'2025-05-15',1);
INSERT INTO api_dossier VALUES(207,'2025-05-26',1);
INSERT INTO api_dossier VALUES(208,'2025-05-17',1);
INSERT INTO api_dossier VALUES(209,'2025-05-09',1);
INSERT INTO api_dossier VALUES(210,'2025-05-22',1);
INSERT INTO api_dossier VALUES(211,'2025-04-22',2);
INSERT INTO api_dossier VALUES(212,'2025-05-26',2);
INSERT INTO api_dossier VALUES(213,'2025-05-17',1);
INSERT INTO api_dossier VALUES(214,'2025-04-26',2);
INSERT INTO api_dossier VALUES(215,'2025-05-24',2);
INSERT INTO api_dossier VALUES(216,'2025-05-03',2);
INSERT INTO api_dossier VALUES(217,'2025-05-13',1);
INSERT INTO api_dossier VALUES(218,'2025-05-23',1);
INSERT INTO api_dossier VALUES(219,'2025-05-08',1);
INSERT INTO api_dossier VALUES(220,'2025-05-24',1);
INSERT INTO api_dossier VALUES(221,'2025-05-31',1);
INSERT INTO api_dossier VALUES(222,'2025-05-06',2);
INSERT INTO api_dossier VALUES(223,'2025-05-23',2);
INSERT INTO api_dossier VALUES(224,'2025-04-25',2);
INSERT INTO api_dossier VALUES(225,'2025-04-20',2);
INSERT INTO api_dossier VALUES(226,'2025-04-22',1);
INSERT INTO api_dossier VALUES(227,'2025-05-26',1);
INSERT INTO api_dossier VALUES(228,'2025-05-05',1);
INSERT INTO api_dossier VALUES(229,'2025-04-20',2);
INSERT INTO api_dossier VALUES(230,'2025-05-06',1);
INSERT INTO api_dossier VALUES(231,'2025-05-15',2);
INSERT INTO api_dossier VALUES(232,'2025-05-25',2);
INSERT INTO api_dossier VALUES(233,'2025-05-08',1);
INSERT INTO api_dossier VALUES(234,'2025-05-23',2);
INSERT INTO api_dossier VALUES(235,'2025-05-20',1);
INSERT INTO api_dossier VALUES(236,'2025-05-04',2);
INSERT INTO api_dossier VALUES(237,'2025-04-29',2);
INSERT INTO api_dossier VALUES(238,'2025-04-24',2);
INSERT INTO api_dossier VALUES(239,'2025-04-21',2);
INSERT INTO api_dossier VALUES(240,'2025-05-15',2);
INSERT INTO api_dossier VALUES(241,'2025-04-30',1);
INSERT INTO api_dossier VALUES(242,'2025-05-02',1);
INSERT INTO api_dossier VALUES(243,'2025-05-07',2);
INSERT INTO api_dossier VALUES(244,'2025-05-26',2);
INSERT INTO api_dossier VALUES(245,'2025-04-25',1);
INSERT INTO api_dossier VALUES(246,'2025-05-20',2);
INSERT INTO api_dossier VALUES(247,'2025-05-23',2);
INSERT INTO api_dossier VALUES(248,'2025-05-16',1);
INSERT INTO api_dossier VALUES(249,'2025-05-24',2);
INSERT INTO api_dossier VALUES(250,'2025-05-01',1);
INSERT INTO api_dossier VALUES(251,'2025-05-28',1);
INSERT INTO api_dossier VALUES(252,'2025-04-21',1);
INSERT INTO api_dossier VALUES(253,'2025-05-27',2);
INSERT INTO api_dossier VALUES(254,'2025-05-26',1);
INSERT INTO api_dossier VALUES(255,'2025-04-22',2);
INSERT INTO api_dossier VALUES(256,'2025-04-21',2);
INSERT INTO api_dossier VALUES(257,'2025-05-30',2);
INSERT INTO api_dossier VALUES(258,'2025-04-25',2);
INSERT INTO api_dossier VALUES(259,'2025-05-23',2);
INSERT INTO api_dossier VALUES(260,'2025-04-30',2);
INSERT INTO api_dossier VALUES(261,'2025-04-28',1);
INSERT INTO api_dossier VALUES(262,'2025-05-31',1);
INSERT INTO api_dossier VALUES(263,'2025-04-24',1);
INSERT INTO api_dossier VALUES(264,'2025-05-14',2);
INSERT INTO api_dossier VALUES(265,'2025-05-22',2);
INSERT INTO api_dossier VALUES(266,'2025-05-30',1);
INSERT INTO api_dossier VALUES(267,'2025-05-10',1);
INSERT INTO api_dossier VALUES(268,'2025-05-03',1);
INSERT INTO api_dossier VALUES(269,'2025-04-22',1);
INSERT INTO api_dossier VALUES(270,'2025-05-17',2);
INSERT INTO api_dossier VALUES(271,'2025-04-20',1);
INSERT INTO api_dossier VALUES(272,'2025-05-24',2);
INSERT INTO api_dossier VALUES(273,'2025-05-24',1);
INSERT INTO api_dossier VALUES(274,'2025-05-29',2);
INSERT INTO api_dossier VALUES(275,'2025-05-06',1);
INSERT INTO api_dossier VALUES(276,'2025-05-25',1);
INSERT INTO api_dossier VALUES(277,'2025-05-24',2);
INSERT INTO api_dossier VALUES(278,'2025-05-31',2);
INSERT INTO api_dossier VALUES(279,'2025-05-01',2);
INSERT INTO api_dossier VALUES(280,'2025-05-26',2);
INSERT INTO api_dossier VALUES(281,'2025-05-28',1);
INSERT INTO api_dossier VALUES(282,'2025-05-05',1);
INSERT INTO api_dossier VALUES(283,'2025-05-26',2);
INSERT INTO api_dossier VALUES(284,'2025-04-23',1);
INSERT INTO api_dossier VALUES(285,'2025-05-28',2);
INSERT INTO api_dossier VALUES(286,'2025-04-28',2);
INSERT INTO api_dossier VALUES(287,'2025-04-26',1);
INSERT INTO api_dossier VALUES(288,'2025-05-23',2);
INSERT INTO api_dossier VALUES(289,'2025-05-09',2);
INSERT INTO api_dossier VALUES(290,'2025-04-23',1);
INSERT INTO api_dossier VALUES(291,'2025-05-15',2);
INSERT INTO api_dossier VALUES(292,'2025-04-29',2);
INSERT INTO api_dossier VALUES(293,'2025-05-14',1);
INSERT INTO api_dossier VALUES(294,'2025-04-21',2);
INSERT INTO api_dossier VALUES(295,'2025-05-29',2);
INSERT INTO api_dossier VALUES(296,'2025-04-29',2);
INSERT INTO api_dossier VALUES(297,'2025-05-27',1);
INSERT INTO api_dossier VALUES(298,'2025-04-27',1);
INSERT INTO api_dossier VALUES(299,'2025-05-21',1);
INSERT INTO api_dossier VALUES(300,'2025-05-08',1);
CREATE TABLE IF NOT EXISTS "api_dossier_diplomes_obtenus" ("id" integer NOT NULL PRIMARY KEY AUTOINCREMENT, "dossier_id" integer NOT NULL REFERENCES "api_dossier" ("id_dossier") DEFERRABLE INITIALLY DEFERRED, "diplomeobtenu_id" integer NOT NULL REFERENCES "api_diplomeobtenu" ("id_diplome_obtenu") DEFERRABLE INITIALLY DEFERRED);
INSERT INTO api_dossier_diplomes_obtenus VALUES(1,1,1);
INSERT INTO api_dossier_diplomes_obtenus VALUES(2,1,2);
INSERT INTO api_dossier_diplomes_obtenus VALUES(3,2,3);
INSERT INTO api_dossier_diplomes_obtenus VALUES(4,2,4);
INSERT INTO api_dossier_diplomes_obtenus VALUES(5,3,5);
INSERT INTO api_dossier_diplomes_obtenus VALUES(6,3,6);
INSERT INTO api_dossier_diplomes_obtenus VALUES(7,4,8);
INSERT INTO api_dossier_diplomes_obtenus VALUES(8,4,7);
INSERT INTO api_dossier_diplomes_obtenus VALUES(9,5,9);
INSERT INTO api_dossier_diplomes_obtenus VALUES(10,5,10);
INSERT INTO api_dossier_diplomes_obtenus VALUES(11,6,11);
INSERT INTO api_dossier_diplomes_obtenus VALUES(12,6,12);
INSERT INTO api_dossier_diplomes_obtenus VALUES(13,7,13);
INSERT INTO api_dossier_diplomes_obtenus VALUES(14,7,14);
INSERT INTO api_dossier_diplomes_obtenus VALUES(15,8,16);
INSERT INTO api_dossier_diplomes_obtenus VALUES(16,8,15);
INSERT INTO api_dossier_diplomes_obtenus VALUES(17,9,17);
INSERT INTO api_dossier_diplomes_obtenus VALUES(18,9,18);
INSERT INTO api_dossier_diplomes_obtenus VALUES(19,10,19);
INSERT INTO api_dossier_diplomes_obtenus VALUES(20,10,20);
INSERT INTO api_dossier_diplomes_obtenus VALUES(21,11,21);
INSERT INTO api_dossier_diplomes_obtenus VALUES(22,11,22);
INSERT INTO api_dossier_diplomes_obtenus VALUES(23,12,24);
INSERT INTO api_dossier_diplomes_obtenus VALUES(24,12,23);
INSERT INTO api_dossier_diplomes_obtenus VALUES(25,13,25);
INSERT INTO api_dossier_diplomes_obtenus VALUES(26,13,26);
INSERT INTO api_dossier_diplomes_obtenus VALUES(27,14,27);
INSERT INTO api_dossier_diplomes_obtenus VALUES(28,14,28);
INSERT INTO api_dossier_diplomes_obtenus VALUES(29,15,29);
INSERT INTO api_dossier_diplomes_obtenus VALUES(30,15,30);
INSERT INTO api_dossier_diplomes_obtenus VALUES(31,16,32);
INSERT INTO api_dossier_diplomes_obtenus VALUES(32,16,31);
INSERT INTO api_dossier_diplomes_obtenus VALUES(33,17,33);
INSERT INTO api_dossier_diplomes_obtenus VALUES(34,17,34);
INSERT INTO api_dossier_diplomes_obtenus VALUES(35,18,35);
INSERT INTO api_dossier_diplomes_obtenus VALUES(36,18,36);
INSERT INTO api_dossier_diplomes_obtenus VALUES(37,19,37);
INSERT INTO api_dossier_diplomes_obtenus VALUES(38,19,38);
INSERT INTO api_dossier_diplomes_obtenus VALUES(39,20,40);
INSERT INTO api_dossier_diplomes_obtenus VALUES(40,20,39);
INSERT INTO api_dossier_diplomes_obtenus VALUES(41,21,41);
INSERT INTO api_dossier_diplomes_obtenus VALUES(42,21,42);
INSERT INTO api_dossier_diplomes_obtenus VALUES(43,22,43);
INSERT INTO api_dossier_diplomes_obtenus VALUES(44,22,44);
INSERT INTO api_dossier_diplomes_obtenus VALUES(45,23,45);
INSERT INTO api_dossier_diplomes_obtenus VALUES(46,23,46);
INSERT INTO api_dossier_diplomes_obtenus VALUES(47,24,48);
INSERT INTO api_dossier_diplomes_obtenus VALUES(48,24,47);
INSERT INTO api_dossier_diplomes_obtenus VALUES(49,25,49);
INSERT INTO api_dossier_diplomes_obtenus VALUES(50,25,50);
INSERT INTO api_dossier_diplomes_obtenus VALUES(51,26,51);
INSERT INTO api_dossier_diplomes_obtenus VALUES(52,26,52);
INSERT INTO api_dossier_diplomes_obtenus VALUES(53,27,53);
INSERT INTO api_dossier_diplomes_obtenus VALUES(54,27,54);
INSERT INTO api_dossier_diplomes_obtenus VALUES(55,28,56);
INSERT INTO api_dossier_diplomes_obtenus VALUES(56,28,55);
INSERT INTO api_dossier_diplomes_obtenus VALUES(57,29,57);
INSERT INTO api_dossier_diplomes_obtenus VALUES(58,29,58);
INSERT INTO api_dossier_diplomes_obtenus VALUES(59,30,59);
INSERT INTO api_dossier_diplomes_obtenus VALUES(60,30,60);
INSERT INTO api_dossier_diplomes_obtenus VALUES(61,31,61);
INSERT INTO api_dossier_diplomes_obtenus VALUES(62,31,62);
INSERT INTO api_dossier_diplomes_obtenus VALUES(63,32,64);
INSERT INTO api_dossier_diplomes_obtenus VALUES(64,32,63);
INSERT INTO api_dossier_diplomes_obtenus VALUES(65,33,65);
INSERT INTO api_dossier_diplomes_obtenus VALUES(66,33,66);
INSERT INTO api_dossier_diplomes_obtenus VALUES(67,34,67);
INSERT INTO api_dossier_diplomes_obtenus VALUES(68,34,68);
INSERT INTO api_dossier_diplomes_obtenus VALUES(69,35,69);
INSERT INTO api_dossier_diplomes_obtenus VALUES(70,35,70);
INSERT INTO api_dossier_diplomes_obtenus VALUES(71,36,72);
INSERT INTO api_dossier_diplomes_obtenus VALUES(72,36,71);
INSERT INTO api_dossier_diplomes_obtenus VALUES(73,37,73);
INSERT INTO api_dossier_diplomes_obtenus VALUES(74,37,74);
INSERT INTO api_dossier_diplomes_obtenus VALUES(75,38,75);
INSERT INTO api_dossier_diplomes_obtenus VALUES(76,38,76);
INSERT INTO api_dossier_diplomes_obtenus VALUES(77,39,77);
INSERT INTO api_dossier_diplomes_obtenus VALUES(78,39,78);
INSERT INTO api_dossier_diplomes_obtenus VALUES(79,40,80);
INSERT INTO api_dossier_diplomes_obtenus VALUES(80,40,79);
INSERT INTO api_dossier_diplomes_obtenus VALUES(81,41,81);
INSERT INTO api_dossier_diplomes_obtenus VALUES(82,41,82);
INSERT INTO api_dossier_diplomes_obtenus VALUES(83,42,83);
INSERT INTO api_dossier_diplomes_obtenus VALUES(84,42,84);
INSERT INTO api_dossier_diplomes_obtenus VALUES(85,43,85);
INSERT INTO api_dossier_diplomes_obtenus VALUES(86,43,86);
INSERT INTO api_dossier_diplomes_obtenus VALUES(87,44,88);
INSERT INTO api_dossier_diplomes_obtenus VALUES(88,44,87);
INSERT INTO api_dossier_diplomes_obtenus VALUES(89,45,89);
INSERT INTO api_dossier_diplomes_obtenus VALUES(90,45,90);
INSERT INTO api_dossier_diplomes_obtenus VALUES(91,46,91);
INSERT INTO api_dossier_diplomes_obtenus VALUES(92,46,92);
INSERT INTO api_dossier_diplomes_obtenus VALUES(93,47,93);
INSERT INTO api_dossier_diplomes_obtenus VALUES(94,47,94);
INSERT INTO api_dossier_diplomes_obtenus VALUES(95,48,96);
INSERT INTO api_dossier_diplomes_obtenus VALUES(96,48,95);
INSERT INTO api_dossier_diplomes_obtenus VALUES(97,49,97);
INSERT INTO api_dossier_diplomes_obtenus VALUES(98,49,98);
INSERT INTO api_dossier_diplomes_obtenus VALUES(99,50,99);
INSERT INTO api_dossier_diplomes_obtenus VALUES(100,50,100);
INSERT INTO api_dossier_diplomes_obtenus VALUES(101,51,101);
INSERT INTO api_dossier_diplomes_obtenus VALUES(102,51,102);
INSERT INTO api_dossier_diplomes_obtenus VALUES(103,52,104);
INSERT INTO api_dossier_diplomes_obtenus VALUES(104,52,103);
INSERT INTO api_dossier_diplomes_obtenus VALUES(105,53,105);
INSERT INTO api_dossier_diplomes_obtenus VALUES(106,53,106);
INSERT INTO api_dossier_diplomes_obtenus VALUES(107,54,107);
INSERT INTO api_dossier_diplomes_obtenus VALUES(108,54,108);
INSERT INTO api_dossier_diplomes_obtenus VALUES(109,55,109);
INSERT INTO api_dossier_diplomes_obtenus VALUES(110,55,110);
INSERT INTO api_dossier_diplomes_obtenus VALUES(111,56,112);
INSERT INTO api_dossier_diplomes_obtenus VALUES(112,56,111);
INSERT INTO api_dossier_diplomes_obtenus VALUES(113,57,113);
INSERT INTO api_dossier_diplomes_obtenus VALUES(114,57,114);
INSERT INTO api_dossier_diplomes_obtenus VALUES(115,58,115);
INSERT INTO api_dossier_diplomes_obtenus VALUES(116,58,116);
INSERT INTO api_dossier_diplomes_obtenus VALUES(117,59,117);
INSERT INTO api_dossier_diplomes_obtenus VALUES(118,59,118);
INSERT INTO api_dossier_diplomes_obtenus VALUES(119,60,120);
INSERT INTO api_dossier_diplomes_obtenus VALUES(120,60,119);
INSERT INTO api_dossier_diplomes_obtenus VALUES(121,61,121);
INSERT INTO api_dossier_diplomes_obtenus VALUES(122,61,122);
INSERT INTO api_dossier_diplomes_obtenus VALUES(123,62,123);
INSERT INTO api_dossier_diplomes_obtenus VALUES(124,62,124);
INSERT INTO api_dossier_diplomes_obtenus VALUES(125,63,125);
INSERT INTO api_dossier_diplomes_obtenus VALUES(126,63,126);
INSERT INTO api_dossier_diplomes_obtenus VALUES(127,64,128);
INSERT INTO api_dossier_diplomes_obtenus VALUES(128,64,127);
INSERT INTO api_dossier_diplomes_obtenus VALUES(129,65,129);
INSERT INTO api_dossier_diplomes_obtenus VALUES(130,65,130);
INSERT INTO api_dossier_diplomes_obtenus VALUES(131,66,131);
INSERT INTO api_dossier_diplomes_obtenus VALUES(132,66,132);
INSERT INTO api_dossier_diplomes_obtenus VALUES(133,67,133);
INSERT INTO api_dossier_diplomes_obtenus VALUES(134,67,134);
INSERT INTO api_dossier_diplomes_obtenus VALUES(135,68,136);
INSERT INTO api_dossier_diplomes_obtenus VALUES(136,68,135);
INSERT INTO api_dossier_diplomes_obtenus VALUES(137,69,137);
INSERT INTO api_dossier_diplomes_obtenus VALUES(138,69,138);
INSERT INTO api_dossier_diplomes_obtenus VALUES(139,70,139);
INSERT INTO api_dossier_diplomes_obtenus VALUES(140,70,140);
INSERT INTO api_dossier_diplomes_obtenus VALUES(141,71,141);
INSERT INTO api_dossier_diplomes_obtenus VALUES(142,71,142);
INSERT INTO api_dossier_diplomes_obtenus VALUES(143,72,144);
INSERT INTO api_dossier_diplomes_obtenus VALUES(144,72,143);
INSERT INTO api_dossier_diplomes_obtenus VALUES(145,73,145);
INSERT INTO api_dossier_diplomes_obtenus VALUES(146,73,146);
INSERT INTO api_dossier_diplomes_obtenus VALUES(147,74,147);
INSERT INTO api_dossier_diplomes_obtenus VALUES(148,74,148);
INSERT INTO api_dossier_diplomes_obtenus VALUES(149,75,149);
INSERT INTO api_dossier_diplomes_obtenus VALUES(150,75,150);
INSERT INTO api_dossier_diplomes_obtenus VALUES(151,76,152);
INSERT INTO api_dossier_diplomes_obtenus VALUES(152,76,151);
INSERT INTO api_dossier_diplomes_obtenus VALUES(153,77,153);
INSERT INTO api_dossier_diplomes_obtenus VALUES(154,77,154);
INSERT INTO api_dossier_diplomes_obtenus VALUES(155,78,155);
INSERT INTO api_dossier_diplomes_obtenus VALUES(156,78,156);
INSERT INTO api_dossier_diplomes_obtenus VALUES(157,79,157);
INSERT INTO api_dossier_diplomes_obtenus VALUES(158,79,158);
INSERT INTO api_dossier_diplomes_obtenus VALUES(159,80,160);
INSERT INTO api_dossier_diplomes_obtenus VALUES(160,80,159);
INSERT INTO api_dossier_diplomes_obtenus VALUES(161,81,161);
INSERT INTO api_dossier_diplomes_obtenus VALUES(162,81,162);
INSERT INTO api_dossier_diplomes_obtenus VALUES(163,82,163);
INSERT INTO api_dossier_diplomes_obtenus VALUES(164,82,164);
INSERT INTO api_dossier_diplomes_obtenus VALUES(165,83,165);
INSERT INTO api_dossier_diplomes_obtenus VALUES(166,83,166);
INSERT INTO api_dossier_diplomes_obtenus VALUES(167,84,168);
INSERT INTO api_dossier_diplomes_obtenus VALUES(168,84,167);
INSERT INTO api_dossier_diplomes_obtenus VALUES(169,85,169);
INSERT INTO api_dossier_diplomes_obtenus VALUES(170,85,170);
INSERT INTO api_dossier_diplomes_obtenus VALUES(171,86,171);
INSERT INTO api_dossier_diplomes_obtenus VALUES(172,86,172);
INSERT INTO api_dossier_diplomes_obtenus VALUES(173,87,173);
INSERT INTO api_dossier_diplomes_obtenus VALUES(174,87,174);
INSERT INTO api_dossier_diplomes_obtenus VALUES(175,88,176);
INSERT INTO api_dossier_diplomes_obtenus VALUES(176,88,175);
INSERT INTO api_dossier_diplomes_obtenus VALUES(177,89,177);
INSERT INTO api_dossier_diplomes_obtenus VALUES(178,89,178);
INSERT INTO api_dossier_diplomes_obtenus VALUES(179,90,179);
INSERT INTO api_dossier_diplomes_obtenus VALUES(180,90,180);
INSERT INTO api_dossier_diplomes_obtenus VALUES(181,91,181);
INSERT INTO api_dossier_diplomes_obtenus VALUES(182,91,182);
INSERT INTO api_dossier_diplomes_obtenus VALUES(183,92,184);
INSERT INTO api_dossier_diplomes_obtenus VALUES(184,92,183);
INSERT INTO api_dossier_diplomes_obtenus VALUES(185,93,185);
INSERT INTO api_dossier_diplomes_obtenus VALUES(186,93,186);
INSERT INTO api_dossier_diplomes_obtenus VALUES(187,94,187);
INSERT INTO api_dossier_diplomes_obtenus VALUES(188,94,188);
INSERT INTO api_dossier_diplomes_obtenus VALUES(189,95,189);
INSERT INTO api_dossier_diplomes_obtenus VALUES(190,95,190);
INSERT INTO api_dossier_diplomes_obtenus VALUES(191,96,192);
INSERT INTO api_dossier_diplomes_obtenus VALUES(192,96,191);
INSERT INTO api_dossier_diplomes_obtenus VALUES(193,97,193);
INSERT INTO api_dossier_diplomes_obtenus VALUES(194,97,194);
INSERT INTO api_dossier_diplomes_obtenus VALUES(195,98,195);
INSERT INTO api_dossier_diplomes_obtenus VALUES(196,98,196);
INSERT INTO api_dossier_diplomes_obtenus VALUES(197,99,197);
INSERT INTO api_dossier_diplomes_obtenus VALUES(198,99,198);
INSERT INTO api_dossier_diplomes_obtenus VALUES(199,100,200);
INSERT INTO api_dossier_diplomes_obtenus VALUES(200,100,199);
INSERT INTO api_dossier_diplomes_obtenus VALUES(201,101,201);
INSERT INTO api_dossier_diplomes_obtenus VALUES(202,101,202);
INSERT INTO api_dossier_diplomes_obtenus VALUES(203,102,203);
INSERT INTO api_dossier_diplomes_obtenus VALUES(204,102,204);
INSERT INTO api_dossier_diplomes_obtenus VALUES(205,103,205);
INSERT INTO api_dossier_diplomes_obtenus VALUES(206,103,206);
INSERT INTO api_dossier_diplomes_obtenus VALUES(207,104,208);
INSERT INTO api_dossier_diplomes_obtenus VALUES(208,104,207);
INSERT INTO api_dossier_diplomes_obtenus VALUES(209,105,209);
INSERT INTO api_dossier_diplomes_obtenus VALUES(210,105,210);
INSERT INTO api_dossier_diplomes_obtenus VALUES(211,106,211);
INSERT INTO api_dossier_diplomes_obtenus VALUES(212,106,212);
INSERT INTO api_dossier_diplomes_obtenus VALUES(213,107,213);
INSERT INTO api_dossier_diplomes_obtenus VALUES(214,107,214);
INSERT INTO api_dossier_diplomes_obtenus VALUES(215,108,216);
INSERT INTO api_dossier_diplomes_obtenus VALUES(216,108,215);
INSERT INTO api_dossier_diplomes_obtenus VALUES(217,109,217);
INSERT INTO api_dossier_diplomes_obtenus VALUES(218,109,218);
INSERT INTO api_dossier_diplomes_obtenus VALUES(219,110,219);
INSERT INTO api_dossier_diplomes_obtenus VALUES(220,110,220);
INSERT INTO api_dossier_diplomes_obtenus VALUES(221,111,221);
INSERT INTO api_dossier_diplomes_obtenus VALUES(222,111,222);
INSERT INTO api_dossier_diplomes_obtenus VALUES(223,112,224);
INSERT INTO api_dossier_diplomes_obtenus VALUES(224,112,223);
INSERT INTO api_dossier_diplomes_obtenus VALUES(225,113,225);
INSERT INTO api_dossier_diplomes_obtenus VALUES(226,113,226);
INSERT INTO api_dossier_diplomes_obtenus VALUES(227,114,227);
INSERT INTO api_dossier_diplomes_obtenus VALUES(228,114,228);
INSERT INTO api_dossier_diplomes_obtenus VALUES(229,115,229);
INSERT INTO api_dossier_diplomes_obtenus VALUES(230,115,230);
INSERT INTO api_dossier_diplomes_obtenus VALUES(231,116,232);
INSERT INTO api_dossier_diplomes_obtenus VALUES(232,116,231);
INSERT INTO api_dossier_diplomes_obtenus VALUES(233,117,233);
INSERT INTO api_dossier_diplomes_obtenus VALUES(234,117,234);
INSERT INTO api_dossier_diplomes_obtenus VALUES(235,118,235);
INSERT INTO api_dossier_diplomes_obtenus VALUES(236,118,236);
INSERT INTO api_dossier_diplomes_obtenus VALUES(237,119,237);
INSERT INTO api_dossier_diplomes_obtenus VALUES(238,119,238);
INSERT INTO api_dossier_diplomes_obtenus VALUES(239,120,240);
INSERT INTO api_dossier_diplomes_obtenus VALUES(240,120,239);
INSERT INTO api_dossier_diplomes_obtenus VALUES(241,121,241);
INSERT INTO api_dossier_diplomes_obtenus VALUES(242,121,242);
INSERT INTO api_dossier_diplomes_obtenus VALUES(243,122,243);
INSERT INTO api_dossier_diplomes_obtenus VALUES(244,122,244);
INSERT INTO api_dossier_diplomes_obtenus VALUES(245,123,245);
INSERT INTO api_dossier_diplomes_obtenus VALUES(246,123,246);
INSERT INTO api_dossier_diplomes_obtenus VALUES(247,124,248);
INSERT INTO api_dossier_diplomes_obtenus VALUES(248,124,247);
INSERT INTO api_dossier_diplomes_obtenus VALUES(249,125,249);
INSERT INTO api_dossier_diplomes_obtenus VALUES(250,125,250);
INSERT INTO api_dossier_diplomes_obtenus VALUES(251,126,251);
INSERT INTO api_dossier_diplomes_obtenus VALUES(252,126,252);
INSERT INTO api_dossier_diplomes_obtenus VALUES(253,127,253);
INSERT INTO api_dossier_diplomes_obtenus VALUES(254,127,254);
INSERT INTO api_dossier_diplomes_obtenus VALUES(255,128,256);
INSERT INTO api_dossier_diplomes_obtenus VALUES(256,128,255);
INSERT INTO api_dossier_diplomes_obtenus VALUES(257,129,257);
INSERT INTO api_dossier_diplomes_obtenus VALUES(258,129,258);
INSERT INTO api_dossier_diplomes_obtenus VALUES(259,130,259);
INSERT INTO api_dossier_diplomes_obtenus VALUES(260,130,260);
INSERT INTO api_dossier_diplomes_obtenus VALUES(261,131,261);
INSERT INTO api_dossier_diplomes_obtenus VALUES(262,131,262);
INSERT INTO api_dossier_diplomes_obtenus VALUES(263,132,264);
INSERT INTO api_dossier_diplomes_obtenus VALUES(264,132,263);
INSERT INTO api_dossier_diplomes_obtenus VALUES(265,133,265);
INSERT INTO api_dossier_diplomes_obtenus VALUES(266,133,266);
INSERT INTO api_dossier_diplomes_obtenus VALUES(267,134,267);
INSERT INTO api_dossier_diplomes_obtenus VALUES(268,134,268);
INSERT INTO api_dossier_diplomes_obtenus VALUES(269,135,269);
INSERT INTO api_dossier_diplomes_obtenus VALUES(270,135,270);
INSERT INTO api_dossier_diplomes_obtenus VALUES(271,136,272);
INSERT INTO api_dossier_diplomes_obtenus VALUES(272,136,271);
INSERT INTO api_dossier_diplomes_obtenus VALUES(273,137,273);
INSERT INTO api_dossier_diplomes_obtenus VALUES(274,137,274);
INSERT INTO api_dossier_diplomes_obtenus VALUES(275,138,275);
INSERT INTO api_dossier_diplomes_obtenus VALUES(276,138,276);
INSERT INTO api_dossier_diplomes_obtenus VALUES(277,139,277);
INSERT INTO api_dossier_diplomes_obtenus VALUES(278,139,278);
INSERT INTO api_dossier_diplomes_obtenus VALUES(279,140,280);
INSERT INTO api_dossier_diplomes_obtenus VALUES(280,140,279);
INSERT INTO api_dossier_diplomes_obtenus VALUES(281,141,281);
INSERT INTO api_dossier_diplomes_obtenus VALUES(282,141,282);
INSERT INTO api_dossier_diplomes_obtenus VALUES(283,142,283);
INSERT INTO api_dossier_diplomes_obtenus VALUES(284,142,284);
INSERT INTO api_dossier_diplomes_obtenus VALUES(285,143,285);
INSERT INTO api_dossier_diplomes_obtenus VALUES(286,143,286);
INSERT INTO api_dossier_diplomes_obtenus VALUES(287,144,288);
INSERT INTO api_dossier_diplomes_obtenus VALUES(288,144,287);
INSERT INTO api_dossier_diplomes_obtenus VALUES(289,145,289);
INSERT INTO api_dossier_diplomes_obtenus VALUES(290,145,290);
INSERT INTO api_dossier_diplomes_obtenus VALUES(291,146,291);
INSERT INTO api_dossier_diplomes_obtenus VALUES(292,146,292);
INSERT INTO api_dossier_diplomes_obtenus VALUES(293,147,293);
INSERT INTO api_dossier_diplomes_obtenus VALUES(294,147,294);
INSERT INTO api_dossier_diplomes_obtenus VALUES(295,148,296);
INSERT INTO api_dossier_diplomes_obtenus VALUES(296,148,295);
INSERT INTO api_dossier_diplomes_obtenus VALUES(297,149,297);
INSERT INTO api_dossier_diplomes_obtenus VALUES(298,149,298);
INSERT INTO api_dossier_diplomes_obtenus VALUES(299,150,299);
INSERT INTO api_dossier_diplomes_obtenus VALUES(300,150,300);
INSERT INTO api_dossier_diplomes_obtenus VALUES(301,151,301);
INSERT INTO api_dossier_diplomes_obtenus VALUES(302,151,302);
INSERT INTO api_dossier_diplomes_obtenus VALUES(303,152,304);
INSERT INTO api_dossier_diplomes_obtenus VALUES(304,152,303);
INSERT INTO api_dossier_diplomes_obtenus VALUES(305,153,305);
INSERT INTO api_dossier_diplomes_obtenus VALUES(306,153,306);
INSERT INTO api_dossier_diplomes_obtenus VALUES(307,154,307);
INSERT INTO api_dossier_diplomes_obtenus VALUES(308,154,308);
INSERT INTO api_dossier_diplomes_obtenus VALUES(309,155,309);
INSERT INTO api_dossier_diplomes_obtenus VALUES(310,155,310);
INSERT INTO api_dossier_diplomes_obtenus VALUES(311,156,312);
INSERT INTO api_dossier_diplomes_obtenus VALUES(312,156,311);
INSERT INTO api_dossier_diplomes_obtenus VALUES(313,157,313);
INSERT INTO api_dossier_diplomes_obtenus VALUES(314,157,314);
INSERT INTO api_dossier_diplomes_obtenus VALUES(315,158,315);
INSERT INTO api_dossier_diplomes_obtenus VALUES(316,158,316);
INSERT INTO api_dossier_diplomes_obtenus VALUES(317,159,317);
INSERT INTO api_dossier_diplomes_obtenus VALUES(318,159,318);
INSERT INTO api_dossier_diplomes_obtenus VALUES(319,160,320);
INSERT INTO api_dossier_diplomes_obtenus VALUES(320,160,319);
INSERT INTO api_dossier_diplomes_obtenus VALUES(321,161,321);
INSERT INTO api_dossier_diplomes_obtenus VALUES(322,161,322);
INSERT INTO api_dossier_diplomes_obtenus VALUES(323,162,323);
INSERT INTO api_dossier_diplomes_obtenus VALUES(324,162,324);
INSERT INTO api_dossier_diplomes_obtenus VALUES(325,163,325);
INSERT INTO api_dossier_diplomes_obtenus VALUES(326,163,326);
INSERT INTO api_dossier_diplomes_obtenus VALUES(327,164,328);
INSERT INTO api_dossier_diplomes_obtenus VALUES(328,164,327);
INSERT INTO api_dossier_diplomes_obtenus VALUES(329,165,329);
INSERT INTO api_dossier_diplomes_obtenus VALUES(330,165,330);
INSERT INTO api_dossier_diplomes_obtenus VALUES(331,166,331);
INSERT INTO api_dossier_diplomes_obtenus VALUES(332,166,332);
INSERT INTO api_dossier_diplomes_obtenus VALUES(333,167,333);
INSERT INTO api_dossier_diplomes_obtenus VALUES(334,167,334);
INSERT INTO api_dossier_diplomes_obtenus VALUES(335,168,336);
INSERT INTO api_dossier_diplomes_obtenus VALUES(336,168,335);
INSERT INTO api_dossier_diplomes_obtenus VALUES(337,169,337);
INSERT INTO api_dossier_diplomes_obtenus VALUES(338,169,338);
INSERT INTO api_dossier_diplomes_obtenus VALUES(339,170,339);
INSERT INTO api_dossier_diplomes_obtenus VALUES(340,170,340);
INSERT INTO api_dossier_diplomes_obtenus VALUES(341,171,341);
INSERT INTO api_dossier_diplomes_obtenus VALUES(342,171,342);
INSERT INTO api_dossier_diplomes_obtenus VALUES(343,172,344);
INSERT INTO api_dossier_diplomes_obtenus VALUES(344,172,343);
INSERT INTO api_dossier_diplomes_obtenus VALUES(345,173,345);
INSERT INTO api_dossier_diplomes_obtenus VALUES(346,173,346);
INSERT INTO api_dossier_diplomes_obtenus VALUES(347,174,347);
INSERT INTO api_dossier_diplomes_obtenus VALUES(348,174,348);
INSERT INTO api_dossier_diplomes_obtenus VALUES(349,175,349);
INSERT INTO api_dossier_diplomes_obtenus VALUES(350,175,350);
INSERT INTO api_dossier_diplomes_obtenus VALUES(351,176,352);
INSERT INTO api_dossier_diplomes_obtenus VALUES(352,176,351);
INSERT INTO api_dossier_diplomes_obtenus VALUES(353,177,353);
INSERT INTO api_dossier_diplomes_obtenus VALUES(354,177,354);
INSERT INTO api_dossier_diplomes_obtenus VALUES(355,178,355);
INSERT INTO api_dossier_diplomes_obtenus VALUES(356,178,356);
INSERT INTO api_dossier_diplomes_obtenus VALUES(357,179,357);
INSERT INTO api_dossier_diplomes_obtenus VALUES(358,179,358);
INSERT INTO api_dossier_diplomes_obtenus VALUES(359,180,360);
INSERT INTO api_dossier_diplomes_obtenus VALUES(360,180,359);
INSERT INTO api_dossier_diplomes_obtenus VALUES(361,181,361);
INSERT INTO api_dossier_diplomes_obtenus VALUES(362,181,362);
INSERT INTO api_dossier_diplomes_obtenus VALUES(363,182,363);
INSERT INTO api_dossier_diplomes_obtenus VALUES(364,182,364);
INSERT INTO api_dossier_diplomes_obtenus VALUES(365,183,365);
INSERT INTO api_dossier_diplomes_obtenus VALUES(366,183,366);
INSERT INTO api_dossier_diplomes_obtenus VALUES(367,184,368);
INSERT INTO api_dossier_diplomes_obtenus VALUES(368,184,367);
INSERT INTO api_dossier_diplomes_obtenus VALUES(369,185,369);
INSERT INTO api_dossier_diplomes_obtenus VALUES(370,185,370);
INSERT INTO api_dossier_diplomes_obtenus VALUES(371,186,371);
INSERT INTO api_dossier_diplomes_obtenus VALUES(372,186,372);
INSERT INTO api_dossier_diplomes_obtenus VALUES(373,187,373);
INSERT INTO api_dossier_diplomes_obtenus VALUES(374,187,374);
INSERT INTO api_dossier_diplomes_obtenus VALUES(375,188,376);
INSERT INTO api_dossier_diplomes_obtenus VALUES(376,188,375);
INSERT INTO api_dossier_diplomes_obtenus VALUES(377,189,377);
INSERT INTO api_dossier_diplomes_obtenus VALUES(378,189,378);
INSERT INTO api_dossier_diplomes_obtenus VALUES(379,190,379);
INSERT INTO api_dossier_diplomes_obtenus VALUES(380,190,380);
INSERT INTO api_dossier_diplomes_obtenus VALUES(381,191,381);
INSERT INTO api_dossier_diplomes_obtenus VALUES(382,191,382);
INSERT INTO api_dossier_diplomes_obtenus VALUES(383,192,384);
INSERT INTO api_dossier_diplomes_obtenus VALUES(384,192,383);
INSERT INTO api_dossier_diplomes_obtenus VALUES(385,193,385);
INSERT INTO api_dossier_diplomes_obtenus VALUES(386,193,386);
INSERT INTO api_dossier_diplomes_obtenus VALUES(387,194,387);
INSERT INTO api_dossier_diplomes_obtenus VALUES(388,194,388);
INSERT INTO api_dossier_diplomes_obtenus VALUES(389,195,389);
INSERT INTO api_dossier_diplomes_obtenus VALUES(390,195,390);
INSERT INTO api_dossier_diplomes_obtenus VALUES(391,196,392);
INSERT INTO api_dossier_diplomes_obtenus VALUES(392,196,391);
INSERT INTO api_dossier_diplomes_obtenus VALUES(393,197,393);
INSERT INTO api_dossier_diplomes_obtenus VALUES(394,197,394);
INSERT INTO api_dossier_diplomes_obtenus VALUES(395,198,395);
INSERT INTO api_dossier_diplomes_obtenus VALUES(396,198,396);
INSERT INTO api_dossier_diplomes_obtenus VALUES(397,199,397);
INSERT INTO api_dossier_diplomes_obtenus VALUES(398,199,398);
INSERT INTO api_dossier_diplomes_obtenus VALUES(399,200,400);
INSERT INTO api_dossier_diplomes_obtenus VALUES(400,200,399);
INSERT INTO api_dossier_diplomes_obtenus VALUES(401,201,401);
INSERT INTO api_dossier_diplomes_obtenus VALUES(402,201,402);
INSERT INTO api_dossier_diplomes_obtenus VALUES(403,202,403);
INSERT INTO api_dossier_diplomes_obtenus VALUES(404,202,404);
INSERT INTO api_dossier_diplomes_obtenus VALUES(405,203,405);
INSERT INTO api_dossier_diplomes_obtenus VALUES(406,203,406);
INSERT INTO api_dossier_diplomes_obtenus VALUES(407,204,408);
INSERT INTO api_dossier_diplomes_obtenus VALUES(408,204,407);
INSERT INTO api_dossier_diplomes_obtenus VALUES(409,205,409);
INSERT INTO api_dossier_diplomes_obtenus VALUES(410,205,410);
INSERT INTO api_dossier_diplomes_obtenus VALUES(411,206,411);
INSERT INTO api_dossier_diplomes_obtenus VALUES(412,206,412);
INSERT INTO api_dossier_diplomes_obtenus VALUES(413,207,413);
INSERT INTO api_dossier_diplomes_obtenus VALUES(414,207,414);
INSERT INTO api_dossier_diplomes_obtenus VALUES(415,208,416);
INSERT INTO api_dossier_diplomes_obtenus VALUES(416,208,415);
INSERT INTO api_dossier_diplomes_obtenus VALUES(417,209,417);
INSERT INTO api_dossier_diplomes_obtenus VALUES(418,209,418);
INSERT INTO api_dossier_diplomes_obtenus VALUES(419,210,419);
INSERT INTO api_dossier_diplomes_obtenus VALUES(420,210,420);
INSERT INTO api_dossier_diplomes_obtenus VALUES(421,211,421);
INSERT INTO api_dossier_diplomes_obtenus VALUES(422,211,422);
INSERT INTO api_dossier_diplomes_obtenus VALUES(423,212,424);
INSERT INTO api_dossier_diplomes_obtenus VALUES(424,212,423);
INSERT INTO api_dossier_diplomes_obtenus VALUES(425,213,425);
INSERT INTO api_dossier_diplomes_obtenus VALUES(426,213,426);
INSERT INTO api_dossier_diplomes_obtenus VALUES(427,214,427);
INSERT INTO api_dossier_diplomes_obtenus VALUES(428,214,428);
INSERT INTO api_dossier_diplomes_obtenus VALUES(429,215,429);
INSERT INTO api_dossier_diplomes_obtenus VALUES(430,215,430);
INSERT INTO api_dossier_diplomes_obtenus VALUES(431,216,432);
INSERT INTO api_dossier_diplomes_obtenus VALUES(432,216,431);
INSERT INTO api_dossier_diplomes_obtenus VALUES(433,217,433);
INSERT INTO api_dossier_diplomes_obtenus VALUES(434,217,434);
INSERT INTO api_dossier_diplomes_obtenus VALUES(435,218,435);
INSERT INTO api_dossier_diplomes_obtenus VALUES(436,218,436);
INSERT INTO api_dossier_diplomes_obtenus VALUES(437,219,437);
INSERT INTO api_dossier_diplomes_obtenus VALUES(438,219,438);
INSERT INTO api_dossier_diplomes_obtenus VALUES(439,220,440);
INSERT INTO api_dossier_diplomes_obtenus VALUES(440,220,439);
INSERT INTO api_dossier_diplomes_obtenus VALUES(441,221,441);
INSERT INTO api_dossier_diplomes_obtenus VALUES(442,221,442);
INSERT INTO api_dossier_diplomes_obtenus VALUES(443,222,443);
INSERT INTO api_dossier_diplomes_obtenus VALUES(444,222,444);
INSERT INTO api_dossier_diplomes_obtenus VALUES(445,223,445);
INSERT INTO api_dossier_diplomes_obtenus VALUES(446,223,446);
INSERT INTO api_dossier_diplomes_obtenus VALUES(447,224,448);
INSERT INTO api_dossier_diplomes_obtenus VALUES(448,224,447);
INSERT INTO api_dossier_diplomes_obtenus VALUES(449,225,449);
INSERT INTO api_dossier_diplomes_obtenus VALUES(450,225,450);
INSERT INTO api_dossier_diplomes_obtenus VALUES(451,226,451);
INSERT INTO api_dossier_diplomes_obtenus VALUES(452,226,452);
INSERT INTO api_dossier_diplomes_obtenus VALUES(453,227,453);
INSERT INTO api_dossier_diplomes_obtenus VALUES(454,227,454);
INSERT INTO api_dossier_diplomes_obtenus VALUES(455,228,456);
INSERT INTO api_dossier_diplomes_obtenus VALUES(456,228,455);
INSERT INTO api_dossier_diplomes_obtenus VALUES(457,229,457);
INSERT INTO api_dossier_diplomes_obtenus VALUES(458,229,458);
INSERT INTO api_dossier_diplomes_obtenus VALUES(459,230,459);
INSERT INTO api_dossier_diplomes_obtenus VALUES(460,230,460);
INSERT INTO api_dossier_diplomes_obtenus VALUES(461,231,461);
INSERT INTO api_dossier_diplomes_obtenus VALUES(462,231,462);
INSERT INTO api_dossier_diplomes_obtenus VALUES(463,232,464);
INSERT INTO api_dossier_diplomes_obtenus VALUES(464,232,463);
INSERT INTO api_dossier_diplomes_obtenus VALUES(465,233,465);
INSERT INTO api_dossier_diplomes_obtenus VALUES(466,233,466);
INSERT INTO api_dossier_diplomes_obtenus VALUES(467,234,467);
INSERT INTO api_dossier_diplomes_obtenus VALUES(468,234,468);
INSERT INTO api_dossier_diplomes_obtenus VALUES(469,235,469);
INSERT INTO api_dossier_diplomes_obtenus VALUES(470,235,470);
INSERT INTO api_dossier_diplomes_obtenus VALUES(471,236,472);
INSERT INTO api_dossier_diplomes_obtenus VALUES(472,236,471);
INSERT INTO api_dossier_diplomes_obtenus VALUES(473,237,473);
INSERT INTO api_dossier_diplomes_obtenus VALUES(474,237,474);
INSERT INTO api_dossier_diplomes_obtenus VALUES(475,238,475);
INSERT INTO api_dossier_diplomes_obtenus VALUES(476,238,476);
INSERT INTO api_dossier_diplomes_obtenus VALUES(477,239,477);
INSERT INTO api_dossier_diplomes_obtenus VALUES(478,239,478);
INSERT INTO api_dossier_diplomes_obtenus VALUES(479,240,480);
INSERT INTO api_dossier_diplomes_obtenus VALUES(480,240,479);
INSERT INTO api_dossier_diplomes_obtenus VALUES(481,241,481);
INSERT INTO api_dossier_diplomes_obtenus VALUES(482,241,482);
INSERT INTO api_dossier_diplomes_obtenus VALUES(483,242,483);
INSERT INTO api_dossier_diplomes_obtenus VALUES(484,242,484);
INSERT INTO api_dossier_diplomes_obtenus VALUES(485,243,485);
INSERT INTO api_dossier_diplomes_obtenus VALUES(486,243,486);
INSERT INTO api_dossier_diplomes_obtenus VALUES(487,244,488);
INSERT INTO api_dossier_diplomes_obtenus VALUES(488,244,487);
INSERT INTO api_dossier_diplomes_obtenus VALUES(489,245,489);
INSERT INTO api_dossier_diplomes_obtenus VALUES(490,245,490);
INSERT INTO api_dossier_diplomes_obtenus VALUES(491,246,491);
INSERT INTO api_dossier_diplomes_obtenus VALUES(492,246,492);
INSERT INTO api_dossier_diplomes_obtenus VALUES(493,247,493);
INSERT INTO api_dossier_diplomes_obtenus VALUES(494,247,494);
INSERT INTO api_dossier_diplomes_obtenus VALUES(495,248,496);
INSERT INTO api_dossier_diplomes_obtenus VALUES(496,248,495);
INSERT INTO api_dossier_diplomes_obtenus VALUES(497,249,497);
INSERT INTO api_dossier_diplomes_obtenus VALUES(498,249,498);
INSERT INTO api_dossier_diplomes_obtenus VALUES(499,250,499);
INSERT INTO api_dossier_diplomes_obtenus VALUES(500,250,500);
INSERT INTO api_dossier_diplomes_obtenus VALUES(501,251,501);
INSERT INTO api_dossier_diplomes_obtenus VALUES(502,251,502);
INSERT INTO api_dossier_diplomes_obtenus VALUES(503,252,504);
INSERT INTO api_dossier_diplomes_obtenus VALUES(504,252,503);
INSERT INTO api_dossier_diplomes_obtenus VALUES(505,253,505);
INSERT INTO api_dossier_diplomes_obtenus VALUES(506,253,506);
INSERT INTO api_dossier_diplomes_obtenus VALUES(507,254,507);
INSERT INTO api_dossier_diplomes_obtenus VALUES(508,254,508);
INSERT INTO api_dossier_diplomes_obtenus VALUES(509,255,509);
INSERT INTO api_dossier_diplomes_obtenus VALUES(510,255,510);
INSERT INTO api_dossier_diplomes_obtenus VALUES(511,256,512);
INSERT INTO api_dossier_diplomes_obtenus VALUES(512,256,511);
INSERT INTO api_dossier_diplomes_obtenus VALUES(513,257,513);
INSERT INTO api_dossier_diplomes_obtenus VALUES(514,257,514);
INSERT INTO api_dossier_diplomes_obtenus VALUES(515,258,515);
INSERT INTO api_dossier_diplomes_obtenus VALUES(516,258,516);
INSERT INTO api_dossier_diplomes_obtenus VALUES(517,259,517);
INSERT INTO api_dossier_diplomes_obtenus VALUES(518,259,518);
INSERT INTO api_dossier_diplomes_obtenus VALUES(519,260,520);
INSERT INTO api_dossier_diplomes_obtenus VALUES(520,260,519);
INSERT INTO api_dossier_diplomes_obtenus VALUES(521,261,521);
INSERT INTO api_dossier_diplomes_obtenus VALUES(522,261,522);
INSERT INTO api_dossier_diplomes_obtenus VALUES(523,262,523);
INSERT INTO api_dossier_diplomes_obtenus VALUES(524,262,524);
INSERT INTO api_dossier_diplomes_obtenus VALUES(525,263,525);
INSERT INTO api_dossier_diplomes_obtenus VALUES(526,263,526);
INSERT INTO api_dossier_diplomes_obtenus VALUES(527,264,528);
INSERT INTO api_dossier_diplomes_obtenus VALUES(528,264,527);
INSERT INTO api_dossier_diplomes_obtenus VALUES(529,265,529);
INSERT INTO api_dossier_diplomes_obtenus VALUES(530,265,530);
INSERT INTO api_dossier_diplomes_obtenus VALUES(531,266,531);
INSERT INTO api_dossier_diplomes_obtenus VALUES(532,266,532);
INSERT INTO api_dossier_diplomes_obtenus VALUES(533,267,533);
INSERT INTO api_dossier_diplomes_obtenus VALUES(534,267,534);
INSERT INTO api_dossier_diplomes_obtenus VALUES(535,268,536);
INSERT INTO api_dossier_diplomes_obtenus VALUES(536,268,535);
INSERT INTO api_dossier_diplomes_obtenus VALUES(537,269,537);
INSERT INTO api_dossier_diplomes_obtenus VALUES(538,269,538);
INSERT INTO api_dossier_diplomes_obtenus VALUES(539,270,539);
INSERT INTO api_dossier_diplomes_obtenus VALUES(540,270,540);
INSERT INTO api_dossier_diplomes_obtenus VALUES(541,271,541);
INSERT INTO api_dossier_diplomes_obtenus VALUES(542,271,542);
INSERT INTO api_dossier_diplomes_obtenus VALUES(543,272,544);
INSERT INTO api_dossier_diplomes_obtenus VALUES(544,272,543);
INSERT INTO api_dossier_diplomes_obtenus VALUES(545,273,545);
INSERT INTO api_dossier_diplomes_obtenus VALUES(546,273,546);
INSERT INTO api_dossier_diplomes_obtenus VALUES(547,274,547);
INSERT INTO api_dossier_diplomes_obtenus VALUES(548,274,548);
INSERT INTO api_dossier_diplomes_obtenus VALUES(549,275,549);
INSERT INTO api_dossier_diplomes_obtenus VALUES(550,275,550);
INSERT INTO api_dossier_diplomes_obtenus VALUES(551,276,552);
INSERT INTO api_dossier_diplomes_obtenus VALUES(552,276,551);
INSERT INTO api_dossier_diplomes_obtenus VALUES(553,277,553);
INSERT INTO api_dossier_diplomes_obtenus VALUES(554,277,554);
INSERT INTO api_dossier_diplomes_obtenus VALUES(555,278,555);
INSERT INTO api_dossier_diplomes_obtenus VALUES(556,278,556);
INSERT INTO api_dossier_diplomes_obtenus VALUES(557,279,557);
INSERT INTO api_dossier_diplomes_obtenus VALUES(558,279,558);
INSERT INTO api_dossier_diplomes_obtenus VALUES(559,280,560);
INSERT INTO api_dossier_diplomes_obtenus VALUES(560,280,559);
INSERT INTO api_dossier_diplomes_obtenus VALUES(561,281,561);
INSERT INTO api_dossier_diplomes_obtenus VALUES(562,281,562);
INSERT INTO api_dossier_diplomes_obtenus VALUES(563,282,563);
INSERT INTO api_dossier_diplomes_obtenus VALUES(564,282,564);
INSERT INTO api_dossier_diplomes_obtenus VALUES(565,283,565);
INSERT INTO api_dossier_diplomes_obtenus VALUES(566,283,566);
INSERT INTO api_dossier_diplomes_obtenus VALUES(567,284,568);
INSERT INTO api_dossier_diplomes_obtenus VALUES(568,284,567);
INSERT INTO api_dossier_diplomes_obtenus VALUES(569,285,569);
INSERT INTO api_dossier_diplomes_obtenus VALUES(570,285,570);
INSERT INTO api_dossier_diplomes_obtenus VALUES(571,286,571);
INSERT INTO api_dossier_diplomes_obtenus VALUES(572,286,572);
INSERT INTO api_dossier_diplomes_obtenus VALUES(573,287,573);
INSERT INTO api_dossier_diplomes_obtenus VALUES(574,287,574);
INSERT INTO api_dossier_diplomes_obtenus VALUES(575,288,576);
INSERT INTO api_dossier_diplomes_obtenus VALUES(576,288,575);
INSERT INTO api_dossier_diplomes_obtenus VALUES(577,289,577);
INSERT INTO api_dossier_diplomes_obtenus VALUES(578,289,578);
INSERT INTO api_dossier_diplomes_obtenus VALUES(579,290,579);
INSERT INTO api_dossier_diplomes_obtenus VALUES(580,290,580);
INSERT INTO api_dossier_diplomes_obtenus VALUES(581,291,581);
INSERT INTO api_dossier_diplomes_obtenus VALUES(582,291,582);
INSERT INTO api_dossier_diplomes_obtenus VALUES(583,292,584);
INSERT INTO api_dossier_diplomes_obtenus VALUES(584,292,583);
INSERT INTO api_dossier_diplomes_obtenus VALUES(585,293,585);
INSERT INTO api_dossier_diplomes_obtenus VALUES(586,293,586);
INSERT INTO api_dossier_diplomes_obtenus VALUES(587,294,587);
INSERT INTO api_dossier_diplomes_obtenus VALUES(588,294,588);
INSERT INTO api_dossier_diplomes_obtenus VALUES(589,295,589);
INSERT INTO api_dossier_diplomes_obtenus VALUES(590,295,590);
INSERT INTO api_dossier_diplomes_obtenus VALUES(591,296,592);
INSERT INTO api_dossier_diplomes_obtenus VALUES(592,296,591);
INSERT INTO api_dossier_diplomes_obtenus VALUES(593,297,593);
INSERT INTO api_dossier_diplomes_obtenus VALUES(594,297,594);
INSERT INTO api_dossier_diplomes_obtenus VALUES(595,298,595);
INSERT INTO api_dossier_diplomes_obtenus VALUES(596,298,596);
INSERT INTO api_dossier_diplomes_obtenus VALUES(597,299,597);
INSERT INTO api_dossier_diplomes_obtenus VALUES(598,299,598);
INSERT INTO api_dossier_diplomes_obtenus VALUES(599,300,600);
INSERT INTO api_dossier_diplomes_obtenus VALUES(600,300,599);
CREATE TABLE IF NOT EXISTS "api_infosgenerales" ("id" integer NOT NULL PRIMARY KEY AUTOINCREMENT, "nom_universite" varchar(100) NOT NULL, "nom_ecole" varchar(100) NOT NULL, "ville" varchar(100) NOT NULL, "rue" varchar(100) NOT NULL, "bp" varchar(100) NOT NULL, "tel" varchar(100) NOT NULL, "fax" varchar(100) NOT NULL, "email" varchar(100) NOT NULL, "adr_site_web" varchar(255) NOT NULL, "nom_responsable_ecole" varchar(100) NOT NULL, "titre_responsable_ecole" varchar(100) NOT NULL, "nom_responsable_etude" varchar(100) NOT NULL, "titre_responsable_etude" varchar(100) NOT NULL);
INSERT INTO api_infosgenerales VALUES(1,'Université de Lomé','Ecole Supérieur des Assistants Administratifs','Rossstad','Chavez Fork','82207','983.985.5564','315-234-1015x1359','rodriguezcharles@example.com','https://ford.biz/','Laura Edwards','Research scientist (life sciences)','Kyle Smith IV','Programmer, systems');
CREATE TABLE IF NOT EXISTS "api_jury" ("id_jury" integer NOT NULL PRIMARY KEY AUTOINCREMENT, "libelle" varchar(100) NOT NULL);
INSERT INTO api_jury VALUES(1,'Jury Administrative');
CREATE TABLE IF NOT EXISTS "api_matiere" ("id_matiere" integer NOT NULL PRIMARY KEY AUTOINCREMENT, "libelle" varchar(100) NOT NULL, "abreviation" varchar(100) NOT NULL);
INSERT INTO api_matiere VALUES(1,'Mathématiques','MTH');
INSERT INTO api_matiere VALUES(2,'Physiques','PHY');
INSERT INTO api_matiere VALUES(3,'Français','FR');
INSERT INTO api_matiere VALUES(4,'Culture Générale','CG');
INSERT INTO api_matiere VALUES(5,'Anglais','ANG');
CREATE TABLE IF NOT EXISTS "api_mention" ("id_mention" integer NOT NULL PRIMARY KEY AUTOINCREMENT, "libelle" varchar(100) NOT NULL, "abreviation" varchar(100) NOT NULL, "moy_min" decimal NOT NULL, "moy_max" decimal NOT NULL);
INSERT INTO api_mention VALUES(1,'Honorable','HOR',20,20);
INSERT INTO api_mention VALUES(2,'Excellent','EX',18,20);
INSERT INTO api_mention VALUES(3,'Très Bien','TB',16,17.98999999999999843);
INSERT INTO api_mention VALUES(4,'Bien','B',14,15.99000000000000021);
INSERT INTO api_mention VALUES(5,'Assez Bien','AB',12,13.99000000000000021);
INSERT INTO api_mention VALUES(6,'Passable','P',10,11.99000000000000021);
INSERT INTO api_mention VALUES(7,'Insuffisant','INSUF',8,9.99000000000000021);
INSERT INTO api_mention VALUES(8,'Très Insuffisant','TI',0,7.990000000000000213);
CREATE TABLE IF NOT EXISTS "api_parametre" ("id_parametre" integer NOT NULL PRIMARY KEY AUTOINCREMENT, "duree_max_oisivete" integer NULL, "bonus_annee_bac" integer NULL);
INSERT INTO api_parametre VALUES(1,3600,2);
CREATE TABLE IF NOT EXISTS "api_pays" ("id_pays" integer NOT NULL PRIMARY KEY AUTOINCREMENT, "nom_pays" varchar(100) NOT NULL, "code_pays" varchar(3) NOT NULL, "nationalite" varchar(100) NULL, "indicatif" varchar(5) NULL);
INSERT INTO api_pays VALUES(1,'Togo','TG','Togolaise','+228');
INSERT INTO api_pays VALUES(2,'France','FR','Française','+33');
INSERT INTO api_pays VALUES(3,'États-Unis','US','Américaine','+1');
INSERT INTO api_pays VALUES(4,'Canada','CA','Canadienne','+1');
INSERT INTO api_pays VALUES(5,'Allemagne','DE','Allemande','+49');
INSERT INTO api_pays VALUES(6,'Royaume-Uni','GB','Britannique','+44');
INSERT INTO api_pays VALUES(7,'Italie','IT','Italienne','+39');
INSERT INTO api_pays VALUES(8,'Espagne','ES','Espagnole','+34');
INSERT INTO api_pays VALUES(9,'Brésil','BR','Brésilienne','+55');
INSERT INTO api_pays VALUES(10,'Japon','JP','Japonaise','+81');
INSERT INTO api_pays VALUES(11,'Chine','CN','Chinoise','+86');
INSERT INTO api_pays VALUES(12,'Inde','IN','Indienne','+91');
INSERT INTO api_pays VALUES(13,'Australie','AU','Australienne','+61');
INSERT INTO api_pays VALUES(14,'Russie','RU','Russe','+7');
INSERT INTO api_pays VALUES(15,'Mexique','MX','Mexicaine','+52');
INSERT INTO api_pays VALUES(16,'Afrique du Sud','ZA','Sud-Africaine','+27');
INSERT INTO api_pays VALUES(17,'Argentine','AR','Argentine','+54');
INSERT INTO api_pays VALUES(18,'Corée du Sud','KR','Sud-Coréenne','+82');
INSERT INTO api_pays VALUES(19,'Nigeria','NG','Nigériane','+234');
INSERT INTO api_pays VALUES(20,'Égypte','EG','Égyptienne','+20');
INSERT INTO api_pays VALUES(21,'Kenya','KE','Kényane','+254');
CREATE TABLE IF NOT EXISTS "api_profil" ("id" integer NOT NULL PRIMARY KEY AUTOINCREMENT, "numProfil" varchar(100) NOT NULL, "nomProfil" varchar(100) NOT NULL);
INSERT INTO api_profil VALUES(1,'1','admin');
INSERT INTO api_profil VALUES(2,'2','utilisateur');
CREATE TABLE IF NOT EXISTS "api_serie" ("id_serie" integer NOT NULL PRIMARY KEY AUTOINCREMENT, "libelle" varchar(100) NOT NULL);
INSERT INTO api_serie VALUES(1,'Scientifique');
INSERT INTO api_serie VALUES(2,'Littéraire');
INSERT INTO api_serie VALUES(3,'Économique et Social');
INSERT INTO api_serie VALUES(4,'Technologique');
INSERT INTO api_serie VALUES(5,'Professionnelle');
INSERT INTO api_serie VALUES(6,'Mathématiques');
INSERT INTO api_serie VALUES(7,'Physique-Chimie');
INSERT INTO api_serie VALUES(8,'Biologie');
INSERT INTO api_serie VALUES(9,'Informatique');
INSERT INTO api_serie VALUES(10,'Génie Civil');
INSERT INTO api_serie VALUES(11,'Génie Électrique');
INSERT INTO api_serie VALUES(12,'Génie Mécanique');
INSERT INTO api_serie VALUES(13,'Arts Plastiques');
INSERT INTO api_serie VALUES(14,'Musique');
INSERT INTO api_serie VALUES(15,'Sport');
INSERT INTO api_serie VALUES(16,'Langues Étrangères');
INSERT INTO api_serie VALUES(17,'Histoire-Géographie');
INSERT INTO api_serie VALUES(18,'Philosophie');
INSERT INTO api_serie VALUES(19,'Gestion et Comptabilité');
INSERT INTO api_serie VALUES(20,'Marketing');
CREATE TABLE IF NOT EXISTS "api_specialite" ("id_specialite" integer NOT NULL PRIMARY KEY AUTOINCREMENT, "libelle" varchar(100) NOT NULL, "abreviation" varchar(100) NOT NULL);
INSERT INTO api_specialite VALUES(1,'Tronc Commun','TCC');
INSERT INTO api_specialite VALUES(2,'Administration et Gestion','AG');
CREATE TABLE IF NOT EXISTS "api_note" ("id_note" integer NOT NULL PRIMARY KEY AUTOINCREMENT, "note" decimal NOT NULL, "est_preselection" bool NOT NULL, "matiere_id" integer NULL REFERENCES "api_matiere" ("id_matiere") DEFERRABLE INITIALLY DEFERRED);
INSERT INTO api_note VALUES(1,11,1,3);
INSERT INTO api_note VALUES(2,18,1,5);
INSERT INTO api_note VALUES(3,10,1,3);
INSERT INTO api_note VALUES(4,16,1,5);
INSERT INTO api_note VALUES(5,12,1,3);
INSERT INTO api_note VALUES(6,13,1,5);
INSERT INTO api_note VALUES(7,9,1,3);
INSERT INTO api_note VALUES(8,9,1,5);
INSERT INTO api_note VALUES(9,12,1,3);
INSERT INTO api_note VALUES(10,18,1,5);
INSERT INTO api_note VALUES(11,16,1,3);
INSERT INTO api_note VALUES(12,12,1,5);
INSERT INTO api_note VALUES(13,10,1,3);
INSERT INTO api_note VALUES(14,15,1,5);
INSERT INTO api_note VALUES(15,15,1,3);
INSERT INTO api_note VALUES(16,15,1,5);
INSERT INTO api_note VALUES(17,8,1,3);
INSERT INTO api_note VALUES(18,8,1,5);
INSERT INTO api_note VALUES(19,13,1,3);
INSERT INTO api_note VALUES(20,9,1,5);
INSERT INTO api_note VALUES(21,16,1,3);
INSERT INTO api_note VALUES(22,16,1,5);
INSERT INTO api_note VALUES(23,8,1,3);
INSERT INTO api_note VALUES(24,17,1,5);
INSERT INTO api_note VALUES(25,10,1,3);
INSERT INTO api_note VALUES(26,14,1,5);
INSERT INTO api_note VALUES(27,9,1,3);
INSERT INTO api_note VALUES(28,16,1,5);
INSERT INTO api_note VALUES(29,9,1,3);
INSERT INTO api_note VALUES(30,18,1,5);
INSERT INTO api_note VALUES(31,12,1,3);
INSERT INTO api_note VALUES(32,19,1,5);
INSERT INTO api_note VALUES(33,16,1,3);
INSERT INTO api_note VALUES(34,15,1,5);
INSERT INTO api_note VALUES(35,14,1,3);
INSERT INTO api_note VALUES(36,19,1,5);
INSERT INTO api_note VALUES(37,15,1,3);
INSERT INTO api_note VALUES(38,8,1,5);
INSERT INTO api_note VALUES(39,16,1,3);
INSERT INTO api_note VALUES(40,12,1,5);
INSERT INTO api_note VALUES(41,11,1,3);
INSERT INTO api_note VALUES(42,11,1,5);
INSERT INTO api_note VALUES(43,10,1,3);
INSERT INTO api_note VALUES(44,14,1,5);
INSERT INTO api_note VALUES(45,9,1,3);
INSERT INTO api_note VALUES(46,13,1,5);
INSERT INTO api_note VALUES(47,8,1,3);
INSERT INTO api_note VALUES(48,12,1,5);
INSERT INTO api_note VALUES(49,9,1,3);
INSERT INTO api_note VALUES(50,15,1,5);
INSERT INTO api_note VALUES(51,13,1,3);
INSERT INTO api_note VALUES(52,9,1,5);
INSERT INTO api_note VALUES(53,8,1,3);
INSERT INTO api_note VALUES(54,8,1,5);
INSERT INTO api_note VALUES(55,10,1,3);
INSERT INTO api_note VALUES(56,8,1,5);
INSERT INTO api_note VALUES(57,8,1,3);
INSERT INTO api_note VALUES(58,9,1,5);
INSERT INTO api_note VALUES(59,9,1,3);
INSERT INTO api_note VALUES(60,19,1,5);
INSERT INTO api_note VALUES(61,8,1,3);
INSERT INTO api_note VALUES(62,13,1,5);
INSERT INTO api_note VALUES(63,10,1,3);
INSERT INTO api_note VALUES(64,12,1,5);
INSERT INTO api_note VALUES(65,13,1,3);
INSERT INTO api_note VALUES(66,11,1,5);
INSERT INTO api_note VALUES(67,11,1,3);
INSERT INTO api_note VALUES(68,19,1,5);
INSERT INTO api_note VALUES(69,13,1,3);
INSERT INTO api_note VALUES(70,9,1,5);
INSERT INTO api_note VALUES(71,10,1,3);
INSERT INTO api_note VALUES(72,12,1,5);
INSERT INTO api_note VALUES(73,15,1,3);
INSERT INTO api_note VALUES(74,15,1,5);
INSERT INTO api_note VALUES(75,13,1,3);
INSERT INTO api_note VALUES(76,8,1,5);
INSERT INTO api_note VALUES(77,14,1,3);
INSERT INTO api_note VALUES(78,10,1,5);
INSERT INTO api_note VALUES(79,15,1,3);
INSERT INTO api_note VALUES(80,18,1,5);
INSERT INTO api_note VALUES(81,13,1,3);
INSERT INTO api_note VALUES(82,19,1,5);
INSERT INTO api_note VALUES(83,9,1,3);
INSERT INTO api_note VALUES(84,10,1,5);
INSERT INTO api_note VALUES(85,14,1,3);
INSERT INTO api_note VALUES(86,18,1,5);
INSERT INTO api_note VALUES(87,13,1,3);
INSERT INTO api_note VALUES(88,19,1,5);
INSERT INTO api_note VALUES(89,13,1,3);
INSERT INTO api_note VALUES(90,10,1,5);
INSERT INTO api_note VALUES(91,13,1,3);
INSERT INTO api_note VALUES(92,12,1,5);
INSERT INTO api_note VALUES(93,9,1,3);
INSERT INTO api_note VALUES(94,8,1,5);
INSERT INTO api_note VALUES(95,11,1,3);
INSERT INTO api_note VALUES(96,17,1,5);
INSERT INTO api_note VALUES(97,11,1,3);
INSERT INTO api_note VALUES(98,11,1,5);
INSERT INTO api_note VALUES(99,14,1,3);
INSERT INTO api_note VALUES(100,17,1,5);
INSERT INTO api_note VALUES(101,14,1,3);
INSERT INTO api_note VALUES(102,14,1,5);
INSERT INTO api_note VALUES(103,9,1,3);
INSERT INTO api_note VALUES(104,12,1,5);
INSERT INTO api_note VALUES(105,15,1,3);
INSERT INTO api_note VALUES(106,17,1,5);
INSERT INTO api_note VALUES(107,16,1,3);
INSERT INTO api_note VALUES(108,8,1,5);
INSERT INTO api_note VALUES(109,11,1,3);
INSERT INTO api_note VALUES(110,12,1,5);
INSERT INTO api_note VALUES(111,16,1,3);
INSERT INTO api_note VALUES(112,18,1,5);
INSERT INTO api_note VALUES(113,10,1,3);
INSERT INTO api_note VALUES(114,8,1,5);
INSERT INTO api_note VALUES(115,10,1,3);
INSERT INTO api_note VALUES(116,18,1,5);
INSERT INTO api_note VALUES(117,9,1,3);
INSERT INTO api_note VALUES(118,9,1,5);
INSERT INTO api_note VALUES(119,13,1,3);
INSERT INTO api_note VALUES(120,12,1,5);
INSERT INTO api_note VALUES(121,13,1,3);
INSERT INTO api_note VALUES(122,15,1,5);
INSERT INTO api_note VALUES(123,12,1,3);
INSERT INTO api_note VALUES(124,19,1,5);
INSERT INTO api_note VALUES(125,12,1,3);
INSERT INTO api_note VALUES(126,8,1,5);
INSERT INTO api_note VALUES(127,14,1,3);
INSERT INTO api_note VALUES(128,16,1,5);
INSERT INTO api_note VALUES(129,9,1,3);
INSERT INTO api_note VALUES(130,13,1,5);
INSERT INTO api_note VALUES(131,11,1,3);
INSERT INTO api_note VALUES(132,9,1,5);
INSERT INTO api_note VALUES(133,15,1,3);
INSERT INTO api_note VALUES(134,10,1,5);
INSERT INTO api_note VALUES(135,16,1,3);
INSERT INTO api_note VALUES(136,15,1,5);
INSERT INTO api_note VALUES(137,11,1,3);
INSERT INTO api_note VALUES(138,19,1,5);
INSERT INTO api_note VALUES(139,12,1,3);
INSERT INTO api_note VALUES(140,13,1,5);
INSERT INTO api_note VALUES(141,12,1,3);
INSERT INTO api_note VALUES(142,14,1,5);
INSERT INTO api_note VALUES(143,11,1,3);
INSERT INTO api_note VALUES(144,17,1,5);
INSERT INTO api_note VALUES(145,13,1,3);
INSERT INTO api_note VALUES(146,17,1,5);
INSERT INTO api_note VALUES(147,11,1,3);
INSERT INTO api_note VALUES(148,18,1,5);
INSERT INTO api_note VALUES(149,11,1,3);
INSERT INTO api_note VALUES(150,13,1,5);
INSERT INTO api_note VALUES(151,11,1,3);
INSERT INTO api_note VALUES(152,14,1,5);
INSERT INTO api_note VALUES(153,11,1,3);
INSERT INTO api_note VALUES(154,16,1,5);
INSERT INTO api_note VALUES(155,14,1,3);
INSERT INTO api_note VALUES(156,15,1,5);
INSERT INTO api_note VALUES(157,11,1,3);
INSERT INTO api_note VALUES(158,15,1,5);
INSERT INTO api_note VALUES(159,10,1,3);
INSERT INTO api_note VALUES(160,15,1,5);
INSERT INTO api_note VALUES(161,14,1,3);
INSERT INTO api_note VALUES(162,13,1,5);
INSERT INTO api_note VALUES(163,12,1,3);
INSERT INTO api_note VALUES(164,16,1,5);
INSERT INTO api_note VALUES(165,12,1,3);
INSERT INTO api_note VALUES(166,16,1,5);
INSERT INTO api_note VALUES(167,14,1,3);
INSERT INTO api_note VALUES(168,9,1,5);
INSERT INTO api_note VALUES(169,9,1,3);
INSERT INTO api_note VALUES(170,12,1,5);
INSERT INTO api_note VALUES(171,12,1,3);
INSERT INTO api_note VALUES(172,12,1,5);
INSERT INTO api_note VALUES(173,16,1,3);
INSERT INTO api_note VALUES(174,12,1,5);
INSERT INTO api_note VALUES(175,16,1,3);
INSERT INTO api_note VALUES(176,11,1,5);
INSERT INTO api_note VALUES(177,14,1,3);
INSERT INTO api_note VALUES(178,8,1,5);
INSERT INTO api_note VALUES(179,15,1,3);
INSERT INTO api_note VALUES(180,16,1,5);
INSERT INTO api_note VALUES(181,8,1,3);
INSERT INTO api_note VALUES(182,17,1,5);
INSERT INTO api_note VALUES(183,8,1,3);
INSERT INTO api_note VALUES(184,10,1,5);
INSERT INTO api_note VALUES(185,11,1,3);
INSERT INTO api_note VALUES(186,9,1,5);
INSERT INTO api_note VALUES(187,9,1,3);
INSERT INTO api_note VALUES(188,12,1,5);
INSERT INTO api_note VALUES(189,11,1,3);
INSERT INTO api_note VALUES(190,8,1,5);
INSERT INTO api_note VALUES(191,14,1,3);
INSERT INTO api_note VALUES(192,9,1,5);
INSERT INTO api_note VALUES(193,13,1,3);
INSERT INTO api_note VALUES(194,19,1,5);
INSERT INTO api_note VALUES(195,15,1,3);
INSERT INTO api_note VALUES(196,12,1,5);
INSERT INTO api_note VALUES(197,11,1,3);
INSERT INTO api_note VALUES(198,13,1,5);
INSERT INTO api_note VALUES(199,16,1,3);
INSERT INTO api_note VALUES(200,13,1,5);
INSERT INTO api_note VALUES(201,9,1,3);
INSERT INTO api_note VALUES(202,15,1,5);
INSERT INTO api_note VALUES(203,10,1,3);
INSERT INTO api_note VALUES(204,10,1,5);
INSERT INTO api_note VALUES(205,9,1,3);
INSERT INTO api_note VALUES(206,9,1,5);
INSERT INTO api_note VALUES(207,11,1,3);
INSERT INTO api_note VALUES(208,15,1,5);
INSERT INTO api_note VALUES(209,15,1,3);
INSERT INTO api_note VALUES(210,16,1,5);
INSERT INTO api_note VALUES(211,15,1,3);
INSERT INTO api_note VALUES(212,17,1,5);
INSERT INTO api_note VALUES(213,8,1,3);
INSERT INTO api_note VALUES(214,13,1,5);
INSERT INTO api_note VALUES(215,10,1,3);
INSERT INTO api_note VALUES(216,10,1,5);
INSERT INTO api_note VALUES(217,12,1,3);
INSERT INTO api_note VALUES(218,9,1,5);
INSERT INTO api_note VALUES(219,8,1,3);
INSERT INTO api_note VALUES(220,15,1,5);
INSERT INTO api_note VALUES(221,8,1,3);
INSERT INTO api_note VALUES(222,18,1,5);
INSERT INTO api_note VALUES(223,14,1,3);
INSERT INTO api_note VALUES(224,9,1,5);
INSERT INTO api_note VALUES(225,10,1,3);
INSERT INTO api_note VALUES(226,9,1,5);
INSERT INTO api_note VALUES(227,14,1,3);
INSERT INTO api_note VALUES(228,9,1,5);
INSERT INTO api_note VALUES(229,10,1,3);
INSERT INTO api_note VALUES(230,13,1,5);
INSERT INTO api_note VALUES(231,13,1,3);
INSERT INTO api_note VALUES(232,18,1,5);
INSERT INTO api_note VALUES(233,15,1,3);
INSERT INTO api_note VALUES(234,8,1,5);
INSERT INTO api_note VALUES(235,12,1,3);
INSERT INTO api_note VALUES(236,12,1,5);
INSERT INTO api_note VALUES(237,15,1,3);
INSERT INTO api_note VALUES(238,18,1,5);
INSERT INTO api_note VALUES(239,14,1,3);
INSERT INTO api_note VALUES(240,12,1,5);
INSERT INTO api_note VALUES(241,11,1,3);
INSERT INTO api_note VALUES(242,14,1,5);
INSERT INTO api_note VALUES(243,9,1,3);
INSERT INTO api_note VALUES(244,11,1,5);
INSERT INTO api_note VALUES(245,9,1,3);
INSERT INTO api_note VALUES(246,12,1,5);
INSERT INTO api_note VALUES(247,8,1,3);
INSERT INTO api_note VALUES(248,16,1,5);
INSERT INTO api_note VALUES(249,15,1,3);
INSERT INTO api_note VALUES(250,11,1,5);
INSERT INTO api_note VALUES(251,15,1,3);
INSERT INTO api_note VALUES(252,18,1,5);
INSERT INTO api_note VALUES(253,11,1,3);
INSERT INTO api_note VALUES(254,15,1,5);
INSERT INTO api_note VALUES(255,15,1,3);
INSERT INTO api_note VALUES(256,15,1,5);
INSERT INTO api_note VALUES(257,13,1,3);
INSERT INTO api_note VALUES(258,15,1,5);
INSERT INTO api_note VALUES(259,12,1,3);
INSERT INTO api_note VALUES(260,9,1,5);
INSERT INTO api_note VALUES(261,16,1,3);
INSERT INTO api_note VALUES(262,15,1,5);
INSERT INTO api_note VALUES(263,15,1,3);
INSERT INTO api_note VALUES(264,17,1,5);
INSERT INTO api_note VALUES(265,13,1,3);
INSERT INTO api_note VALUES(266,19,1,5);
INSERT INTO api_note VALUES(267,13,1,3);
INSERT INTO api_note VALUES(268,17,1,5);
INSERT INTO api_note VALUES(269,11,1,3);
INSERT INTO api_note VALUES(270,8,1,5);
INSERT INTO api_note VALUES(271,12,1,3);
INSERT INTO api_note VALUES(272,19,1,5);
INSERT INTO api_note VALUES(273,12,1,3);
INSERT INTO api_note VALUES(274,8,1,5);
INSERT INTO api_note VALUES(275,13,1,3);
INSERT INTO api_note VALUES(276,12,1,5);
INSERT INTO api_note VALUES(277,9,1,3);
INSERT INTO api_note VALUES(278,14,1,5);
INSERT INTO api_note VALUES(279,11,1,3);
INSERT INTO api_note VALUES(280,15,1,5);
INSERT INTO api_note VALUES(281,10,1,3);
INSERT INTO api_note VALUES(282,16,1,5);
INSERT INTO api_note VALUES(283,10,1,3);
INSERT INTO api_note VALUES(284,11,1,5);
INSERT INTO api_note VALUES(285,13,1,3);
INSERT INTO api_note VALUES(286,18,1,5);
INSERT INTO api_note VALUES(287,9,1,3);
INSERT INTO api_note VALUES(288,17,1,5);
INSERT INTO api_note VALUES(289,15,1,3);
INSERT INTO api_note VALUES(290,18,1,5);
INSERT INTO api_note VALUES(291,14,1,3);
INSERT INTO api_note VALUES(292,15,1,5);
INSERT INTO api_note VALUES(293,11,1,3);
INSERT INTO api_note VALUES(294,11,1,5);
INSERT INTO api_note VALUES(295,10,1,3);
INSERT INTO api_note VALUES(296,16,1,5);
INSERT INTO api_note VALUES(297,11,1,3);
INSERT INTO api_note VALUES(298,8,1,5);
INSERT INTO api_note VALUES(299,10,1,3);
INSERT INTO api_note VALUES(300,12,1,5);
INSERT INTO api_note VALUES(301,12,1,3);
INSERT INTO api_note VALUES(302,13,1,5);
INSERT INTO api_note VALUES(303,13,1,3);
INSERT INTO api_note VALUES(304,10,1,5);
INSERT INTO api_note VALUES(305,10,1,3);
INSERT INTO api_note VALUES(306,12,1,5);
INSERT INTO api_note VALUES(307,15,1,3);
INSERT INTO api_note VALUES(308,16,1,5);
INSERT INTO api_note VALUES(309,13,1,3);
INSERT INTO api_note VALUES(310,19,1,5);
INSERT INTO api_note VALUES(311,14,1,3);
INSERT INTO api_note VALUES(312,18,1,5);
INSERT INTO api_note VALUES(313,8,1,3);
INSERT INTO api_note VALUES(314,9,1,5);
INSERT INTO api_note VALUES(315,11,1,3);
INSERT INTO api_note VALUES(316,17,1,5);
INSERT INTO api_note VALUES(317,13,1,3);
INSERT INTO api_note VALUES(318,19,1,5);
INSERT INTO api_note VALUES(319,10,1,3);
INSERT INTO api_note VALUES(320,13,1,5);
INSERT INTO api_note VALUES(321,10,1,3);
INSERT INTO api_note VALUES(322,10,1,5);
INSERT INTO api_note VALUES(323,16,1,3);
INSERT INTO api_note VALUES(324,11,1,5);
INSERT INTO api_note VALUES(325,9,1,3);
INSERT INTO api_note VALUES(326,14,1,5);
INSERT INTO api_note VALUES(327,14,1,3);
INSERT INTO api_note VALUES(328,10,1,5);
INSERT INTO api_note VALUES(329,9,1,3);
INSERT INTO api_note VALUES(330,10,1,5);
INSERT INTO api_note VALUES(331,10,1,3);
INSERT INTO api_note VALUES(332,9,1,5);
INSERT INTO api_note VALUES(333,9,1,3);
INSERT INTO api_note VALUES(334,13,1,5);
INSERT INTO api_note VALUES(335,11,1,3);
INSERT INTO api_note VALUES(336,9,1,5);
INSERT INTO api_note VALUES(337,15,1,3);
INSERT INTO api_note VALUES(338,12,1,5);
INSERT INTO api_note VALUES(339,12,1,3);
INSERT INTO api_note VALUES(340,14,1,5);
INSERT INTO api_note VALUES(341,14,1,3);
INSERT INTO api_note VALUES(342,18,1,5);
INSERT INTO api_note VALUES(343,11,1,3);
INSERT INTO api_note VALUES(344,17,1,5);
INSERT INTO api_note VALUES(345,9,1,3);
INSERT INTO api_note VALUES(346,14,1,5);
INSERT INTO api_note VALUES(347,10,1,3);
INSERT INTO api_note VALUES(348,16,1,5);
INSERT INTO api_note VALUES(349,13,1,3);
INSERT INTO api_note VALUES(350,14,1,5);
INSERT INTO api_note VALUES(351,11,1,3);
INSERT INTO api_note VALUES(352,19,1,5);
INSERT INTO api_note VALUES(353,16,1,3);
INSERT INTO api_note VALUES(354,9,1,5);
INSERT INTO api_note VALUES(355,11,1,3);
INSERT INTO api_note VALUES(356,19,1,5);
INSERT INTO api_note VALUES(357,13,1,3);
INSERT INTO api_note VALUES(358,9,1,5);
INSERT INTO api_note VALUES(359,10,1,3);
INSERT INTO api_note VALUES(360,13,1,5);
INSERT INTO api_note VALUES(361,14,1,3);
INSERT INTO api_note VALUES(362,19,1,5);
INSERT INTO api_note VALUES(363,13,1,3);
INSERT INTO api_note VALUES(364,17,1,5);
INSERT INTO api_note VALUES(365,13,1,3);
INSERT INTO api_note VALUES(366,8,1,5);
INSERT INTO api_note VALUES(367,16,1,3);
INSERT INTO api_note VALUES(368,17,1,5);
INSERT INTO api_note VALUES(369,13,1,3);
INSERT INTO api_note VALUES(370,19,1,5);
INSERT INTO api_note VALUES(371,16,1,3);
INSERT INTO api_note VALUES(372,13,1,5);
INSERT INTO api_note VALUES(373,13,1,3);
INSERT INTO api_note VALUES(374,8,1,5);
INSERT INTO api_note VALUES(375,8,1,3);
INSERT INTO api_note VALUES(376,15,1,5);
INSERT INTO api_note VALUES(377,15,1,3);
INSERT INTO api_note VALUES(378,9,1,5);
INSERT INTO api_note VALUES(379,8,1,3);
INSERT INTO api_note VALUES(380,19,1,5);
INSERT INTO api_note VALUES(381,16,1,3);
INSERT INTO api_note VALUES(382,14,1,5);
INSERT INTO api_note VALUES(383,8,1,3);
INSERT INTO api_note VALUES(384,17,1,5);
INSERT INTO api_note VALUES(385,12,1,3);
INSERT INTO api_note VALUES(386,14,1,5);
INSERT INTO api_note VALUES(387,11,1,3);
INSERT INTO api_note VALUES(388,12,1,5);
INSERT INTO api_note VALUES(389,10,1,3);
INSERT INTO api_note VALUES(390,10,1,5);
INSERT INTO api_note VALUES(391,10,1,3);
INSERT INTO api_note VALUES(392,8,1,5);
INSERT INTO api_note VALUES(393,9,1,3);
INSERT INTO api_note VALUES(394,17,1,5);
INSERT INTO api_note VALUES(395,8,1,3);
INSERT INTO api_note VALUES(396,14,1,5);
INSERT INTO api_note VALUES(397,10,1,3);
INSERT INTO api_note VALUES(398,12,1,5);
INSERT INTO api_note VALUES(399,13,1,3);
INSERT INTO api_note VALUES(400,18,1,5);
INSERT INTO api_note VALUES(401,12,1,3);
INSERT INTO api_note VALUES(402,10,1,5);
INSERT INTO api_note VALUES(403,8,1,3);
INSERT INTO api_note VALUES(404,13,1,5);
INSERT INTO api_note VALUES(405,10,1,3);
INSERT INTO api_note VALUES(406,11,1,5);
INSERT INTO api_note VALUES(407,10,1,3);
INSERT INTO api_note VALUES(408,13,1,5);
INSERT INTO api_note VALUES(409,10,1,3);
INSERT INTO api_note VALUES(410,13,1,5);
INSERT INTO api_note VALUES(411,14,1,3);
INSERT INTO api_note VALUES(412,9,1,5);
INSERT INTO api_note VALUES(413,14,1,3);
INSERT INTO api_note VALUES(414,17,1,5);
INSERT INTO api_note VALUES(415,14,1,3);
INSERT INTO api_note VALUES(416,10,1,5);
INSERT INTO api_note VALUES(417,10,1,3);
INSERT INTO api_note VALUES(418,9,1,5);
INSERT INTO api_note VALUES(419,15,1,3);
INSERT INTO api_note VALUES(420,16,1,5);
INSERT INTO api_note VALUES(421,13,1,3);
INSERT INTO api_note VALUES(422,17,1,5);
INSERT INTO api_note VALUES(423,13,1,3);
INSERT INTO api_note VALUES(424,12,1,5);
INSERT INTO api_note VALUES(425,15,1,3);
INSERT INTO api_note VALUES(426,14,1,5);
INSERT INTO api_note VALUES(427,9,1,3);
INSERT INTO api_note VALUES(428,8,1,5);
INSERT INTO api_note VALUES(429,13,1,3);
INSERT INTO api_note VALUES(430,8,1,5);
INSERT INTO api_note VALUES(431,9,1,3);
INSERT INTO api_note VALUES(432,18,1,5);
INSERT INTO api_note VALUES(433,10,1,3);
INSERT INTO api_note VALUES(434,19,1,5);
INSERT INTO api_note VALUES(435,14,1,3);
INSERT INTO api_note VALUES(436,8,1,5);
INSERT INTO api_note VALUES(437,13,1,3);
INSERT INTO api_note VALUES(438,8,1,5);
INSERT INTO api_note VALUES(439,10,1,3);
INSERT INTO api_note VALUES(440,17,1,5);
INSERT INTO api_note VALUES(441,12,1,3);
INSERT INTO api_note VALUES(442,9,1,5);
INSERT INTO api_note VALUES(443,12,1,3);
INSERT INTO api_note VALUES(444,9,1,5);
INSERT INTO api_note VALUES(445,16,1,3);
INSERT INTO api_note VALUES(446,17,1,5);
INSERT INTO api_note VALUES(447,16,1,3);
INSERT INTO api_note VALUES(448,17,1,5);
INSERT INTO api_note VALUES(449,14,1,3);
INSERT INTO api_note VALUES(450,15,1,5);
INSERT INTO api_note VALUES(451,14,1,3);
INSERT INTO api_note VALUES(452,19,1,5);
INSERT INTO api_note VALUES(453,10,1,3);
INSERT INTO api_note VALUES(454,14,1,5);
INSERT INTO api_note VALUES(455,13,1,3);
INSERT INTO api_note VALUES(456,19,1,5);
INSERT INTO api_note VALUES(457,16,1,3);
INSERT INTO api_note VALUES(458,18,1,5);
INSERT INTO api_note VALUES(459,13,1,3);
INSERT INTO api_note VALUES(460,17,1,5);
INSERT INTO api_note VALUES(461,14,1,3);
INSERT INTO api_note VALUES(462,12,1,5);
INSERT INTO api_note VALUES(463,15,1,3);
INSERT INTO api_note VALUES(464,11,1,5);
INSERT INTO api_note VALUES(465,12,1,3);
INSERT INTO api_note VALUES(466,8,1,5);
INSERT INTO api_note VALUES(467,14,1,3);
INSERT INTO api_note VALUES(468,18,1,5);
INSERT INTO api_note VALUES(469,9,1,3);
INSERT INTO api_note VALUES(470,17,1,5);
INSERT INTO api_note VALUES(471,12,1,3);
INSERT INTO api_note VALUES(472,18,1,5);
INSERT INTO api_note VALUES(473,9,1,3);
INSERT INTO api_note VALUES(474,18,1,5);
INSERT INTO api_note VALUES(475,12,1,3);
INSERT INTO api_note VALUES(476,8,1,5);
INSERT INTO api_note VALUES(477,14,1,3);
INSERT INTO api_note VALUES(478,13,1,5);
INSERT INTO api_note VALUES(479,11,1,3);
INSERT INTO api_note VALUES(480,12,1,5);
INSERT INTO api_note VALUES(481,8,1,3);
INSERT INTO api_note VALUES(482,8,1,5);
INSERT INTO api_note VALUES(483,9,1,3);
INSERT INTO api_note VALUES(484,14,1,5);
INSERT INTO api_note VALUES(485,11,1,3);
INSERT INTO api_note VALUES(486,11,1,5);
INSERT INTO api_note VALUES(487,13,1,3);
INSERT INTO api_note VALUES(488,17,1,5);
INSERT INTO api_note VALUES(489,10,1,3);
INSERT INTO api_note VALUES(490,16,1,5);
INSERT INTO api_note VALUES(491,13,1,3);
INSERT INTO api_note VALUES(492,13,1,5);
INSERT INTO api_note VALUES(493,13,1,3);
INSERT INTO api_note VALUES(494,9,1,5);
INSERT INTO api_note VALUES(495,8,1,3);
INSERT INTO api_note VALUES(496,16,1,5);
INSERT INTO api_note VALUES(497,11,1,3);
INSERT INTO api_note VALUES(498,16,1,5);
INSERT INTO api_note VALUES(499,13,1,3);
INSERT INTO api_note VALUES(500,14,1,5);
INSERT INTO api_note VALUES(501,8,1,3);
INSERT INTO api_note VALUES(502,19,1,5);
INSERT INTO api_note VALUES(503,13,1,3);
INSERT INTO api_note VALUES(504,12,1,5);
INSERT INTO api_note VALUES(505,10,1,3);
INSERT INTO api_note VALUES(506,8,1,5);
INSERT INTO api_note VALUES(507,13,1,3);
INSERT INTO api_note VALUES(508,10,1,5);
INSERT INTO api_note VALUES(509,13,1,3);
INSERT INTO api_note VALUES(510,19,1,5);
INSERT INTO api_note VALUES(511,12,1,3);
INSERT INTO api_note VALUES(512,11,1,5);
INSERT INTO api_note VALUES(513,14,1,3);
INSERT INTO api_note VALUES(514,18,1,5);
INSERT INTO api_note VALUES(515,16,1,3);
INSERT INTO api_note VALUES(516,9,1,5);
INSERT INTO api_note VALUES(517,13,1,3);
INSERT INTO api_note VALUES(518,12,1,5);
INSERT INTO api_note VALUES(519,8,1,3);
INSERT INTO api_note VALUES(520,14,1,5);
INSERT INTO api_note VALUES(521,12,1,3);
INSERT INTO api_note VALUES(522,9,1,5);
INSERT INTO api_note VALUES(523,14,1,3);
INSERT INTO api_note VALUES(524,11,1,5);
INSERT INTO api_note VALUES(525,12,1,3);
INSERT INTO api_note VALUES(526,12,1,5);
INSERT INTO api_note VALUES(527,10,1,3);
INSERT INTO api_note VALUES(528,15,1,5);
INSERT INTO api_note VALUES(529,13,1,3);
INSERT INTO api_note VALUES(530,14,1,5);
INSERT INTO api_note VALUES(531,14,1,3);
INSERT INTO api_note VALUES(532,17,1,5);
INSERT INTO api_note VALUES(533,13,1,3);
INSERT INTO api_note VALUES(534,19,1,5);
INSERT INTO api_note VALUES(535,15,1,3);
INSERT INTO api_note VALUES(536,11,1,5);
INSERT INTO api_note VALUES(537,16,1,3);
INSERT INTO api_note VALUES(538,14,1,5);
INSERT INTO api_note VALUES(539,13,1,3);
INSERT INTO api_note VALUES(540,8,1,5);
INSERT INTO api_note VALUES(541,16,1,3);
INSERT INTO api_note VALUES(542,12,1,5);
INSERT INTO api_note VALUES(543,15,1,3);
INSERT INTO api_note VALUES(544,11,1,5);
INSERT INTO api_note VALUES(545,8,1,3);
INSERT INTO api_note VALUES(546,18,1,5);
INSERT INTO api_note VALUES(547,15,1,3);
INSERT INTO api_note VALUES(548,14,1,5);
INSERT INTO api_note VALUES(549,13,1,3);
INSERT INTO api_note VALUES(550,14,1,5);
INSERT INTO api_note VALUES(551,14,1,3);
INSERT INTO api_note VALUES(552,13,1,5);
INSERT INTO api_note VALUES(553,14,1,3);
INSERT INTO api_note VALUES(554,17,1,5);
INSERT INTO api_note VALUES(555,16,1,3);
INSERT INTO api_note VALUES(556,16,1,5);
INSERT INTO api_note VALUES(557,9,1,3);
INSERT INTO api_note VALUES(558,18,1,5);
INSERT INTO api_note VALUES(559,9,1,3);
INSERT INTO api_note VALUES(560,16,1,5);
INSERT INTO api_note VALUES(561,8,1,3);
INSERT INTO api_note VALUES(562,18,1,5);
INSERT INTO api_note VALUES(563,10,1,3);
INSERT INTO api_note VALUES(564,8,1,5);
INSERT INTO api_note VALUES(565,16,1,3);
INSERT INTO api_note VALUES(566,18,1,5);
INSERT INTO api_note VALUES(567,12,1,3);
INSERT INTO api_note VALUES(568,10,1,5);
INSERT INTO api_note VALUES(569,16,1,3);
INSERT INTO api_note VALUES(570,17,1,5);
INSERT INTO api_note VALUES(571,15,1,3);
INSERT INTO api_note VALUES(572,15,1,5);
INSERT INTO api_note VALUES(573,12,1,3);
INSERT INTO api_note VALUES(574,11,1,5);
INSERT INTO api_note VALUES(575,14,1,3);
INSERT INTO api_note VALUES(576,15,1,5);
INSERT INTO api_note VALUES(577,16,1,3);
INSERT INTO api_note VALUES(578,17,1,5);
INSERT INTO api_note VALUES(579,16,1,3);
INSERT INTO api_note VALUES(580,16,1,5);
INSERT INTO api_note VALUES(581,8,1,3);
INSERT INTO api_note VALUES(582,15,1,5);
INSERT INTO api_note VALUES(583,8,1,3);
INSERT INTO api_note VALUES(584,11,1,5);
INSERT INTO api_note VALUES(585,13,1,3);
INSERT INTO api_note VALUES(586,17,1,5);
INSERT INTO api_note VALUES(587,16,1,3);
INSERT INTO api_note VALUES(588,10,1,5);
INSERT INTO api_note VALUES(589,13,1,3);
INSERT INTO api_note VALUES(590,17,1,5);
INSERT INTO api_note VALUES(591,15,1,3);
INSERT INTO api_note VALUES(592,13,1,5);
INSERT INTO api_note VALUES(593,14,1,3);
INSERT INTO api_note VALUES(594,13,1,5);
INSERT INTO api_note VALUES(595,12,1,3);
INSERT INTO api_note VALUES(596,9,1,5);
INSERT INTO api_note VALUES(597,8,1,3);
INSERT INTO api_note VALUES(598,14,1,5);
INSERT INTO api_note VALUES(599,14,1,3);
INSERT INTO api_note VALUES(600,18,1,5);
INSERT INTO api_note VALUES(601,15,1,3);
INSERT INTO api_note VALUES(602,11,1,5);
INSERT INTO api_note VALUES(603,8,1,3);
INSERT INTO api_note VALUES(604,18,1,5);
INSERT INTO api_note VALUES(605,15,1,3);
INSERT INTO api_note VALUES(606,9,1,5);
INSERT INTO api_note VALUES(607,11,1,3);
INSERT INTO api_note VALUES(608,19,1,5);
INSERT INTO api_note VALUES(609,10,1,3);
INSERT INTO api_note VALUES(610,8,1,5);
INSERT INTO api_note VALUES(611,15,1,3);
INSERT INTO api_note VALUES(612,11,1,5);
INSERT INTO api_note VALUES(613,12,1,3);
INSERT INTO api_note VALUES(614,10,1,5);
INSERT INTO api_note VALUES(615,14,1,3);
INSERT INTO api_note VALUES(616,14,1,5);
INSERT INTO api_note VALUES(617,11,1,3);
INSERT INTO api_note VALUES(618,16,1,5);
INSERT INTO api_note VALUES(619,12,1,3);
INSERT INTO api_note VALUES(620,8,1,5);
INSERT INTO api_note VALUES(621,10,1,3);
INSERT INTO api_note VALUES(622,16,1,5);
INSERT INTO api_note VALUES(623,11,1,3);
INSERT INTO api_note VALUES(624,14,1,5);
INSERT INTO api_note VALUES(625,15,1,3);
INSERT INTO api_note VALUES(626,16,1,5);
INSERT INTO api_note VALUES(627,16,1,3);
INSERT INTO api_note VALUES(628,11,1,5);
INSERT INTO api_note VALUES(629,10,1,3);
INSERT INTO api_note VALUES(630,17,1,5);
INSERT INTO api_note VALUES(631,10,1,3);
INSERT INTO api_note VALUES(632,13,1,5);
INSERT INTO api_note VALUES(633,16,1,3);
INSERT INTO api_note VALUES(634,13,1,5);
INSERT INTO api_note VALUES(635,15,1,3);
INSERT INTO api_note VALUES(636,13,1,5);
INSERT INTO api_note VALUES(637,16,1,3);
INSERT INTO api_note VALUES(638,15,1,5);
INSERT INTO api_note VALUES(639,16,1,3);
INSERT INTO api_note VALUES(640,18,1,5);
INSERT INTO api_note VALUES(641,15,1,3);
INSERT INTO api_note VALUES(642,18,1,5);
INSERT INTO api_note VALUES(643,15,1,3);
INSERT INTO api_note VALUES(644,9,1,5);
INSERT INTO api_note VALUES(645,9,1,3);
INSERT INTO api_note VALUES(646,8,1,5);
INSERT INTO api_note VALUES(647,12,1,3);
INSERT INTO api_note VALUES(648,14,1,5);
INSERT INTO api_note VALUES(649,10,1,3);
INSERT INTO api_note VALUES(650,18,1,5);
INSERT INTO api_note VALUES(651,9,1,3);
INSERT INTO api_note VALUES(652,17,1,5);
INSERT INTO api_note VALUES(653,12,1,3);
INSERT INTO api_note VALUES(654,11,1,5);
INSERT INTO api_note VALUES(655,13,1,3);
INSERT INTO api_note VALUES(656,10,1,5);
INSERT INTO api_note VALUES(657,13,1,3);
INSERT INTO api_note VALUES(658,8,1,5);
INSERT INTO api_note VALUES(659,16,1,3);
INSERT INTO api_note VALUES(660,13,1,5);
INSERT INTO api_note VALUES(661,10,1,3);
INSERT INTO api_note VALUES(662,15,1,5);
INSERT INTO api_note VALUES(663,16,1,3);
INSERT INTO api_note VALUES(664,18,1,5);
INSERT INTO api_note VALUES(665,16,1,3);
INSERT INTO api_note VALUES(666,15,1,5);
INSERT INTO api_note VALUES(667,13,1,3);
INSERT INTO api_note VALUES(668,8,1,5);
INSERT INTO api_note VALUES(669,12,1,3);
INSERT INTO api_note VALUES(670,15,1,5);
INSERT INTO api_note VALUES(671,10,1,3);
INSERT INTO api_note VALUES(672,9,1,5);
INSERT INTO api_note VALUES(673,8,1,3);
INSERT INTO api_note VALUES(674,18,1,5);
INSERT INTO api_note VALUES(675,14,1,3);
INSERT INTO api_note VALUES(676,10,1,5);
INSERT INTO api_note VALUES(677,11,1,3);
INSERT INTO api_note VALUES(678,9,1,5);
INSERT INTO api_note VALUES(679,8,1,3);
INSERT INTO api_note VALUES(680,15,1,5);
INSERT INTO api_note VALUES(681,8,1,3);
INSERT INTO api_note VALUES(682,8,1,5);
INSERT INTO api_note VALUES(683,10,1,3);
INSERT INTO api_note VALUES(684,14,1,5);
INSERT INTO api_note VALUES(685,9,1,3);
INSERT INTO api_note VALUES(686,9,1,5);
INSERT INTO api_note VALUES(687,16,1,3);
INSERT INTO api_note VALUES(688,15,1,5);
INSERT INTO api_note VALUES(689,15,1,3);
INSERT INTO api_note VALUES(690,15,1,5);
INSERT INTO api_note VALUES(691,11,1,3);
INSERT INTO api_note VALUES(692,19,1,5);
INSERT INTO api_note VALUES(693,13,1,3);
INSERT INTO api_note VALUES(694,11,1,5);
INSERT INTO api_note VALUES(695,15,1,3);
INSERT INTO api_note VALUES(696,12,1,5);
INSERT INTO api_note VALUES(697,9,1,3);
INSERT INTO api_note VALUES(698,12,1,5);
INSERT INTO api_note VALUES(699,10,1,3);
INSERT INTO api_note VALUES(700,10,1,5);
INSERT INTO api_note VALUES(701,14,1,3);
INSERT INTO api_note VALUES(702,10,1,5);
INSERT INTO api_note VALUES(703,12,1,3);
INSERT INTO api_note VALUES(704,17,1,5);
INSERT INTO api_note VALUES(705,12,1,3);
INSERT INTO api_note VALUES(706,12,1,5);
INSERT INTO api_note VALUES(707,15,1,3);
INSERT INTO api_note VALUES(708,10,1,5);
INSERT INTO api_note VALUES(709,16,1,3);
INSERT INTO api_note VALUES(710,17,1,5);
INSERT INTO api_note VALUES(711,14,1,3);
INSERT INTO api_note VALUES(712,18,1,5);
INSERT INTO api_note VALUES(713,9,1,3);
INSERT INTO api_note VALUES(714,18,1,5);
INSERT INTO api_note VALUES(715,13,1,3);
INSERT INTO api_note VALUES(716,12,1,5);
INSERT INTO api_note VALUES(717,16,1,3);
INSERT INTO api_note VALUES(718,19,1,5);
INSERT INTO api_note VALUES(719,15,1,3);
INSERT INTO api_note VALUES(720,8,1,5);
INSERT INTO api_note VALUES(721,14,1,3);
INSERT INTO api_note VALUES(722,12,1,5);
INSERT INTO api_note VALUES(723,12,1,3);
INSERT INTO api_note VALUES(724,9,1,5);
INSERT INTO api_note VALUES(725,13,1,3);
INSERT INTO api_note VALUES(726,12,1,5);
INSERT INTO api_note VALUES(727,13,1,3);
INSERT INTO api_note VALUES(728,19,1,5);
INSERT INTO api_note VALUES(729,15,1,3);
INSERT INTO api_note VALUES(730,15,1,5);
INSERT INTO api_note VALUES(731,10,1,3);
INSERT INTO api_note VALUES(732,18,1,5);
INSERT INTO api_note VALUES(733,13,1,3);
INSERT INTO api_note VALUES(734,12,1,5);
INSERT INTO api_note VALUES(735,15,1,3);
INSERT INTO api_note VALUES(736,15,1,5);
INSERT INTO api_note VALUES(737,9,1,3);
INSERT INTO api_note VALUES(738,9,1,5);
INSERT INTO api_note VALUES(739,15,1,3);
INSERT INTO api_note VALUES(740,18,1,5);
INSERT INTO api_note VALUES(741,9,1,3);
INSERT INTO api_note VALUES(742,9,1,5);
INSERT INTO api_note VALUES(743,16,1,3);
INSERT INTO api_note VALUES(744,15,1,5);
INSERT INTO api_note VALUES(745,15,1,3);
INSERT INTO api_note VALUES(746,12,1,5);
INSERT INTO api_note VALUES(747,11,1,3);
INSERT INTO api_note VALUES(748,17,1,5);
INSERT INTO api_note VALUES(749,16,1,3);
INSERT INTO api_note VALUES(750,18,1,5);
INSERT INTO api_note VALUES(751,14,1,3);
INSERT INTO api_note VALUES(752,19,1,5);
INSERT INTO api_note VALUES(753,15,1,3);
INSERT INTO api_note VALUES(754,19,1,5);
INSERT INTO api_note VALUES(755,10,1,3);
INSERT INTO api_note VALUES(756,10,1,5);
INSERT INTO api_note VALUES(757,15,1,3);
INSERT INTO api_note VALUES(758,15,1,5);
INSERT INTO api_note VALUES(759,8,1,3);
INSERT INTO api_note VALUES(760,18,1,5);
INSERT INTO api_note VALUES(761,15,1,3);
INSERT INTO api_note VALUES(762,8,1,5);
INSERT INTO api_note VALUES(763,8,1,3);
INSERT INTO api_note VALUES(764,12,1,5);
INSERT INTO api_note VALUES(765,10,1,3);
INSERT INTO api_note VALUES(766,19,1,5);
INSERT INTO api_note VALUES(767,9,1,3);
INSERT INTO api_note VALUES(768,12,1,5);
INSERT INTO api_note VALUES(769,11,1,3);
INSERT INTO api_note VALUES(770,16,1,5);
INSERT INTO api_note VALUES(771,9,1,3);
INSERT INTO api_note VALUES(772,13,1,5);
INSERT INTO api_note VALUES(773,11,1,3);
INSERT INTO api_note VALUES(774,13,1,5);
INSERT INTO api_note VALUES(775,9,1,3);
INSERT INTO api_note VALUES(776,11,1,5);
INSERT INTO api_note VALUES(777,12,1,3);
INSERT INTO api_note VALUES(778,8,1,5);
INSERT INTO api_note VALUES(779,15,1,3);
INSERT INTO api_note VALUES(780,13,1,5);
INSERT INTO api_note VALUES(781,15,1,3);
INSERT INTO api_note VALUES(782,11,1,5);
INSERT INTO api_note VALUES(783,9,1,3);
INSERT INTO api_note VALUES(784,8,1,5);
INSERT INTO api_note VALUES(785,11,1,3);
INSERT INTO api_note VALUES(786,14,1,5);
INSERT INTO api_note VALUES(787,8,1,3);
INSERT INTO api_note VALUES(788,16,1,5);
INSERT INTO api_note VALUES(789,16,1,3);
INSERT INTO api_note VALUES(790,12,1,5);
INSERT INTO api_note VALUES(791,14,1,3);
INSERT INTO api_note VALUES(792,12,1,5);
INSERT INTO api_note VALUES(793,12,1,3);
INSERT INTO api_note VALUES(794,11,1,5);
INSERT INTO api_note VALUES(795,11,1,3);
INSERT INTO api_note VALUES(796,16,1,5);
INSERT INTO api_note VALUES(797,16,1,3);
INSERT INTO api_note VALUES(798,13,1,5);
INSERT INTO api_note VALUES(799,13,1,3);
INSERT INTO api_note VALUES(800,13,1,5);
INSERT INTO api_note VALUES(801,14,1,3);
INSERT INTO api_note VALUES(802,9,1,5);
INSERT INTO api_note VALUES(803,10,1,3);
INSERT INTO api_note VALUES(804,15,1,5);
INSERT INTO api_note VALUES(805,9,1,3);
INSERT INTO api_note VALUES(806,9,1,5);
INSERT INTO api_note VALUES(807,12,1,3);
INSERT INTO api_note VALUES(808,19,1,5);
INSERT INTO api_note VALUES(809,11,1,3);
INSERT INTO api_note VALUES(810,12,1,5);
INSERT INTO api_note VALUES(811,15,1,3);
INSERT INTO api_note VALUES(812,12,1,5);
INSERT INTO api_note VALUES(813,10,1,3);
INSERT INTO api_note VALUES(814,8,1,5);
INSERT INTO api_note VALUES(815,8,1,3);
INSERT INTO api_note VALUES(816,17,1,5);
INSERT INTO api_note VALUES(817,9,1,3);
INSERT INTO api_note VALUES(818,16,1,5);
INSERT INTO api_note VALUES(819,16,1,3);
INSERT INTO api_note VALUES(820,19,1,5);
INSERT INTO api_note VALUES(821,8,1,3);
INSERT INTO api_note VALUES(822,9,1,5);
INSERT INTO api_note VALUES(823,11,1,3);
INSERT INTO api_note VALUES(824,18,1,5);
INSERT INTO api_note VALUES(825,13,1,3);
INSERT INTO api_note VALUES(826,12,1,5);
INSERT INTO api_note VALUES(827,11,1,3);
INSERT INTO api_note VALUES(828,10,1,5);
INSERT INTO api_note VALUES(829,12,1,3);
INSERT INTO api_note VALUES(830,15,1,5);
INSERT INTO api_note VALUES(831,10,1,3);
INSERT INTO api_note VALUES(832,15,1,5);
INSERT INTO api_note VALUES(833,15,1,3);
INSERT INTO api_note VALUES(834,13,1,5);
INSERT INTO api_note VALUES(835,16,1,3);
INSERT INTO api_note VALUES(836,14,1,5);
INSERT INTO api_note VALUES(837,15,1,3);
INSERT INTO api_note VALUES(838,17,1,5);
INSERT INTO api_note VALUES(839,11,1,3);
INSERT INTO api_note VALUES(840,10,1,5);
INSERT INTO api_note VALUES(841,9,1,3);
INSERT INTO api_note VALUES(842,13,1,5);
INSERT INTO api_note VALUES(843,16,1,3);
INSERT INTO api_note VALUES(844,12,1,5);
INSERT INTO api_note VALUES(845,11,1,3);
INSERT INTO api_note VALUES(846,13,1,5);
INSERT INTO api_note VALUES(847,12,1,3);
INSERT INTO api_note VALUES(848,8,1,5);
INSERT INTO api_note VALUES(849,12,1,3);
INSERT INTO api_note VALUES(850,8,1,5);
INSERT INTO api_note VALUES(851,14,1,3);
INSERT INTO api_note VALUES(852,13,1,5);
INSERT INTO api_note VALUES(853,14,1,3);
INSERT INTO api_note VALUES(854,19,1,5);
INSERT INTO api_note VALUES(855,8,1,3);
INSERT INTO api_note VALUES(856,8,1,5);
INSERT INTO api_note VALUES(857,15,1,3);
INSERT INTO api_note VALUES(858,8,1,5);
INSERT INTO api_note VALUES(859,15,1,3);
INSERT INTO api_note VALUES(860,19,1,5);
INSERT INTO api_note VALUES(861,13,1,3);
INSERT INTO api_note VALUES(862,17,1,5);
INSERT INTO api_note VALUES(863,9,1,3);
INSERT INTO api_note VALUES(864,14,1,5);
INSERT INTO api_note VALUES(865,11,1,3);
INSERT INTO api_note VALUES(866,9,1,5);
INSERT INTO api_note VALUES(867,11,1,3);
INSERT INTO api_note VALUES(868,18,1,5);
INSERT INTO api_note VALUES(869,11,1,3);
INSERT INTO api_note VALUES(870,16,1,5);
INSERT INTO api_note VALUES(871,13,1,3);
INSERT INTO api_note VALUES(872,15,1,5);
INSERT INTO api_note VALUES(873,15,1,3);
INSERT INTO api_note VALUES(874,11,1,5);
INSERT INTO api_note VALUES(875,15,1,3);
INSERT INTO api_note VALUES(876,18,1,5);
INSERT INTO api_note VALUES(877,14,1,3);
INSERT INTO api_note VALUES(878,11,1,5);
INSERT INTO api_note VALUES(879,14,1,3);
INSERT INTO api_note VALUES(880,11,1,5);
INSERT INTO api_note VALUES(881,13,1,3);
INSERT INTO api_note VALUES(882,12,1,5);
INSERT INTO api_note VALUES(883,12,1,3);
INSERT INTO api_note VALUES(884,9,1,5);
INSERT INTO api_note VALUES(885,12,1,3);
INSERT INTO api_note VALUES(886,8,1,5);
INSERT INTO api_note VALUES(887,14,1,3);
INSERT INTO api_note VALUES(888,16,1,5);
INSERT INTO api_note VALUES(889,16,1,3);
INSERT INTO api_note VALUES(890,13,1,5);
INSERT INTO api_note VALUES(891,14,1,3);
INSERT INTO api_note VALUES(892,11,1,5);
INSERT INTO api_note VALUES(893,15,1,3);
INSERT INTO api_note VALUES(894,18,1,5);
INSERT INTO api_note VALUES(895,13,1,3);
INSERT INTO api_note VALUES(896,17,1,5);
INSERT INTO api_note VALUES(897,9,1,3);
INSERT INTO api_note VALUES(898,10,1,5);
INSERT INTO api_note VALUES(899,15,1,3);
INSERT INTO api_note VALUES(900,18,1,5);
INSERT INTO api_note VALUES(901,16,1,3);
INSERT INTO api_note VALUES(902,11,1,5);
INSERT INTO api_note VALUES(903,10,1,3);
INSERT INTO api_note VALUES(904,13,1,5);
INSERT INTO api_note VALUES(905,13,1,3);
INSERT INTO api_note VALUES(906,9,1,5);
INSERT INTO api_note VALUES(907,8,1,3);
INSERT INTO api_note VALUES(908,9,1,5);
INSERT INTO api_note VALUES(909,13,1,3);
INSERT INTO api_note VALUES(910,19,1,5);
INSERT INTO api_note VALUES(911,16,1,3);
INSERT INTO api_note VALUES(912,9,1,5);
INSERT INTO api_note VALUES(913,13,1,3);
INSERT INTO api_note VALUES(914,13,1,5);
INSERT INTO api_note VALUES(915,11,1,3);
INSERT INTO api_note VALUES(916,8,1,5);
INSERT INTO api_note VALUES(917,13,1,3);
INSERT INTO api_note VALUES(918,11,1,5);
INSERT INTO api_note VALUES(919,9,1,3);
INSERT INTO api_note VALUES(920,17,1,5);
INSERT INTO api_note VALUES(921,16,1,3);
INSERT INTO api_note VALUES(922,12,1,5);
INSERT INTO api_note VALUES(923,14,1,3);
INSERT INTO api_note VALUES(924,10,1,5);
INSERT INTO api_note VALUES(925,11,1,3);
INSERT INTO api_note VALUES(926,11,1,5);
INSERT INTO api_note VALUES(927,8,1,3);
INSERT INTO api_note VALUES(928,13,1,5);
INSERT INTO api_note VALUES(929,15,1,3);
INSERT INTO api_note VALUES(930,17,1,5);
INSERT INTO api_note VALUES(931,14,1,3);
INSERT INTO api_note VALUES(932,17,1,5);
INSERT INTO api_note VALUES(933,15,1,3);
INSERT INTO api_note VALUES(934,9,1,5);
INSERT INTO api_note VALUES(935,13,1,3);
INSERT INTO api_note VALUES(936,13,1,5);
INSERT INTO api_note VALUES(937,14,1,3);
INSERT INTO api_note VALUES(938,8,1,5);
INSERT INTO api_note VALUES(939,10,1,3);
INSERT INTO api_note VALUES(940,11,1,5);
INSERT INTO api_note VALUES(941,15,1,3);
INSERT INTO api_note VALUES(942,17,1,5);
INSERT INTO api_note VALUES(943,12,1,3);
INSERT INTO api_note VALUES(944,11,1,5);
INSERT INTO api_note VALUES(945,9,1,3);
INSERT INTO api_note VALUES(946,13,1,5);
INSERT INTO api_note VALUES(947,14,1,3);
INSERT INTO api_note VALUES(948,14,1,5);
INSERT INTO api_note VALUES(949,11,1,3);
INSERT INTO api_note VALUES(950,18,1,5);
INSERT INTO api_note VALUES(951,12,1,3);
INSERT INTO api_note VALUES(952,13,1,5);
INSERT INTO api_note VALUES(953,9,1,3);
INSERT INTO api_note VALUES(954,8,1,5);
INSERT INTO api_note VALUES(955,13,1,3);
INSERT INTO api_note VALUES(956,17,1,5);
INSERT INTO api_note VALUES(957,8,1,3);
INSERT INTO api_note VALUES(958,13,1,5);
INSERT INTO api_note VALUES(959,16,1,3);
INSERT INTO api_note VALUES(960,19,1,5);
INSERT INTO api_note VALUES(961,15,1,3);
INSERT INTO api_note VALUES(962,11,1,5);
INSERT INTO api_note VALUES(963,13,1,3);
INSERT INTO api_note VALUES(964,18,1,5);
INSERT INTO api_note VALUES(965,12,1,3);
INSERT INTO api_note VALUES(966,14,1,5);
INSERT INTO api_note VALUES(967,15,1,3);
INSERT INTO api_note VALUES(968,15,1,5);
INSERT INTO api_note VALUES(969,10,1,3);
INSERT INTO api_note VALUES(970,10,1,5);
INSERT INTO api_note VALUES(971,10,1,3);
INSERT INTO api_note VALUES(972,11,1,5);
INSERT INTO api_note VALUES(973,13,1,3);
INSERT INTO api_note VALUES(974,19,1,5);
INSERT INTO api_note VALUES(975,8,1,3);
INSERT INTO api_note VALUES(976,8,1,5);
INSERT INTO api_note VALUES(977,14,1,3);
INSERT INTO api_note VALUES(978,18,1,5);
INSERT INTO api_note VALUES(979,9,1,3);
INSERT INTO api_note VALUES(980,11,1,5);
INSERT INTO api_note VALUES(981,8,1,3);
INSERT INTO api_note VALUES(982,14,1,5);
INSERT INTO api_note VALUES(983,10,1,3);
INSERT INTO api_note VALUES(984,13,1,5);
INSERT INTO api_note VALUES(985,11,1,3);
INSERT INTO api_note VALUES(986,16,1,5);
INSERT INTO api_note VALUES(987,11,1,3);
INSERT INTO api_note VALUES(988,16,1,5);
INSERT INTO api_note VALUES(989,13,1,3);
INSERT INTO api_note VALUES(990,10,1,5);
INSERT INTO api_note VALUES(991,14,1,3);
INSERT INTO api_note VALUES(992,17,1,5);
INSERT INTO api_note VALUES(993,14,1,3);
INSERT INTO api_note VALUES(994,14,1,5);
INSERT INTO api_note VALUES(995,11,1,3);
INSERT INTO api_note VALUES(996,14,1,5);
INSERT INTO api_note VALUES(997,12,1,3);
INSERT INTO api_note VALUES(998,11,1,5);
INSERT INTO api_note VALUES(999,11,1,3);
INSERT INTO api_note VALUES(1000,16,1,5);
INSERT INTO api_note VALUES(1001,12,1,3);
INSERT INTO api_note VALUES(1002,12,1,5);
INSERT INTO api_note VALUES(1003,11,1,3);
INSERT INTO api_note VALUES(1004,14,1,5);
INSERT INTO api_note VALUES(1005,9,1,3);
INSERT INTO api_note VALUES(1006,12,1,5);
INSERT INTO api_note VALUES(1007,11,1,3);
INSERT INTO api_note VALUES(1008,16,1,5);
INSERT INTO api_note VALUES(1009,9,1,3);
INSERT INTO api_note VALUES(1010,19,1,5);
INSERT INTO api_note VALUES(1011,15,1,3);
INSERT INTO api_note VALUES(1012,8,1,5);
INSERT INTO api_note VALUES(1013,9,1,3);
INSERT INTO api_note VALUES(1014,18,1,5);
INSERT INTO api_note VALUES(1015,10,1,3);
INSERT INTO api_note VALUES(1016,10,1,5);
INSERT INTO api_note VALUES(1017,12,1,3);
INSERT INTO api_note VALUES(1018,14,1,5);
INSERT INTO api_note VALUES(1019,9,1,3);
INSERT INTO api_note VALUES(1020,12,1,5);
INSERT INTO api_note VALUES(1021,16,1,3);
INSERT INTO api_note VALUES(1022,14,1,5);
INSERT INTO api_note VALUES(1023,15,1,3);
INSERT INTO api_note VALUES(1024,15,1,5);
INSERT INTO api_note VALUES(1025,9,1,3);
INSERT INTO api_note VALUES(1026,11,1,5);
INSERT INTO api_note VALUES(1027,11,1,3);
INSERT INTO api_note VALUES(1028,13,1,5);
INSERT INTO api_note VALUES(1029,11,1,3);
INSERT INTO api_note VALUES(1030,15,1,5);
INSERT INTO api_note VALUES(1031,16,1,3);
INSERT INTO api_note VALUES(1032,17,1,5);
INSERT INTO api_note VALUES(1033,16,1,3);
INSERT INTO api_note VALUES(1034,9,1,5);
INSERT INTO api_note VALUES(1035,9,1,3);
INSERT INTO api_note VALUES(1036,15,1,5);
INSERT INTO api_note VALUES(1037,15,1,3);
INSERT INTO api_note VALUES(1038,17,1,5);
INSERT INTO api_note VALUES(1039,14,1,3);
INSERT INTO api_note VALUES(1040,9,1,5);
INSERT INTO api_note VALUES(1041,12,1,3);
INSERT INTO api_note VALUES(1042,14,1,5);
INSERT INTO api_note VALUES(1043,16,1,3);
INSERT INTO api_note VALUES(1044,18,1,5);
INSERT INTO api_note VALUES(1045,16,1,3);
INSERT INTO api_note VALUES(1046,10,1,5);
INSERT INTO api_note VALUES(1047,10,1,3);
INSERT INTO api_note VALUES(1048,9,1,5);
INSERT INTO api_note VALUES(1049,12,1,3);
INSERT INTO api_note VALUES(1050,10,1,5);
INSERT INTO api_note VALUES(1051,13,1,3);
INSERT INTO api_note VALUES(1052,8,1,5);
INSERT INTO api_note VALUES(1053,9,1,3);
INSERT INTO api_note VALUES(1054,10,1,5);
INSERT INTO api_note VALUES(1055,10,1,3);
INSERT INTO api_note VALUES(1056,16,1,5);
INSERT INTO api_note VALUES(1057,12,1,3);
INSERT INTO api_note VALUES(1058,17,1,5);
INSERT INTO api_note VALUES(1059,11,1,3);
INSERT INTO api_note VALUES(1060,12,1,5);
INSERT INTO api_note VALUES(1061,9,1,3);
INSERT INTO api_note VALUES(1062,18,1,5);
INSERT INTO api_note VALUES(1063,14,1,3);
INSERT INTO api_note VALUES(1064,11,1,5);
INSERT INTO api_note VALUES(1065,15,1,3);
INSERT INTO api_note VALUES(1066,14,1,5);
INSERT INTO api_note VALUES(1067,8,1,3);
INSERT INTO api_note VALUES(1068,12,1,5);
INSERT INTO api_note VALUES(1069,8,1,3);
INSERT INTO api_note VALUES(1070,9,1,5);
INSERT INTO api_note VALUES(1071,8,1,3);
INSERT INTO api_note VALUES(1072,12,1,5);
INSERT INTO api_note VALUES(1073,9,1,3);
INSERT INTO api_note VALUES(1074,9,1,5);
INSERT INTO api_note VALUES(1075,11,1,3);
INSERT INTO api_note VALUES(1076,14,1,5);
INSERT INTO api_note VALUES(1077,8,1,3);
INSERT INTO api_note VALUES(1078,15,1,5);
INSERT INTO api_note VALUES(1079,8,1,3);
INSERT INTO api_note VALUES(1080,9,1,5);
INSERT INTO api_note VALUES(1081,9,1,3);
INSERT INTO api_note VALUES(1082,9,1,5);
INSERT INTO api_note VALUES(1083,11,1,3);
INSERT INTO api_note VALUES(1084,11,1,5);
INSERT INTO api_note VALUES(1085,16,1,3);
INSERT INTO api_note VALUES(1086,10,1,5);
INSERT INTO api_note VALUES(1087,13,1,3);
INSERT INTO api_note VALUES(1088,10,1,5);
INSERT INTO api_note VALUES(1089,9,1,3);
INSERT INTO api_note VALUES(1090,19,1,5);
INSERT INTO api_note VALUES(1091,12,1,3);
INSERT INTO api_note VALUES(1092,18,1,5);
INSERT INTO api_note VALUES(1093,16,1,3);
INSERT INTO api_note VALUES(1094,13,1,5);
INSERT INTO api_note VALUES(1095,16,1,3);
INSERT INTO api_note VALUES(1096,14,1,5);
INSERT INTO api_note VALUES(1097,10,1,3);
INSERT INTO api_note VALUES(1098,11,1,5);
INSERT INTO api_note VALUES(1099,13,1,3);
INSERT INTO api_note VALUES(1100,18,1,5);
INSERT INTO api_note VALUES(1101,16,1,3);
INSERT INTO api_note VALUES(1102,12,1,5);
INSERT INTO api_note VALUES(1103,13,1,3);
INSERT INTO api_note VALUES(1104,19,1,5);
INSERT INTO api_note VALUES(1105,15,1,3);
INSERT INTO api_note VALUES(1106,9,1,5);
INSERT INTO api_note VALUES(1107,10,1,3);
INSERT INTO api_note VALUES(1108,18,1,5);
INSERT INTO api_note VALUES(1109,10,1,3);
INSERT INTO api_note VALUES(1110,16,1,5);
INSERT INTO api_note VALUES(1111,8,1,3);
INSERT INTO api_note VALUES(1112,10,1,5);
INSERT INTO api_note VALUES(1113,13,1,3);
INSERT INTO api_note VALUES(1114,9,1,5);
INSERT INTO api_note VALUES(1115,16,1,3);
INSERT INTO api_note VALUES(1116,18,1,5);
INSERT INTO api_note VALUES(1117,15,1,3);
INSERT INTO api_note VALUES(1118,13,1,5);
INSERT INTO api_note VALUES(1119,13,1,3);
INSERT INTO api_note VALUES(1120,16,1,5);
INSERT INTO api_note VALUES(1121,10,1,3);
INSERT INTO api_note VALUES(1122,9,1,5);
INSERT INTO api_note VALUES(1123,16,1,3);
INSERT INTO api_note VALUES(1124,14,1,5);
INSERT INTO api_note VALUES(1125,12,1,3);
INSERT INTO api_note VALUES(1126,11,1,5);
INSERT INTO api_note VALUES(1127,11,1,3);
INSERT INTO api_note VALUES(1128,17,1,5);
INSERT INTO api_note VALUES(1129,13,1,3);
INSERT INTO api_note VALUES(1130,9,1,5);
INSERT INTO api_note VALUES(1131,11,1,3);
INSERT INTO api_note VALUES(1132,17,1,5);
INSERT INTO api_note VALUES(1133,14,1,3);
INSERT INTO api_note VALUES(1134,8,1,5);
INSERT INTO api_note VALUES(1135,9,1,3);
INSERT INTO api_note VALUES(1136,18,1,5);
INSERT INTO api_note VALUES(1137,8,1,3);
INSERT INTO api_note VALUES(1138,16,1,5);
INSERT INTO api_note VALUES(1139,16,1,3);
INSERT INTO api_note VALUES(1140,12,1,5);
INSERT INTO api_note VALUES(1141,11,1,3);
INSERT INTO api_note VALUES(1142,19,1,5);
INSERT INTO api_note VALUES(1143,8,1,3);
INSERT INTO api_note VALUES(1144,17,1,5);
INSERT INTO api_note VALUES(1145,14,1,3);
INSERT INTO api_note VALUES(1146,8,1,5);
INSERT INTO api_note VALUES(1147,13,1,3);
INSERT INTO api_note VALUES(1148,16,1,5);
INSERT INTO api_note VALUES(1149,11,1,3);
INSERT INTO api_note VALUES(1150,13,1,5);
INSERT INTO api_note VALUES(1151,16,1,3);
INSERT INTO api_note VALUES(1152,8,1,5);
INSERT INTO api_note VALUES(1153,9,1,3);
INSERT INTO api_note VALUES(1154,15,1,5);
INSERT INTO api_note VALUES(1155,8,1,3);
INSERT INTO api_note VALUES(1156,14,1,5);
INSERT INTO api_note VALUES(1157,12,1,3);
INSERT INTO api_note VALUES(1158,14,1,5);
INSERT INTO api_note VALUES(1159,12,1,3);
INSERT INTO api_note VALUES(1160,19,1,5);
INSERT INTO api_note VALUES(1161,12,1,3);
INSERT INTO api_note VALUES(1162,13,1,5);
INSERT INTO api_note VALUES(1163,16,1,3);
INSERT INTO api_note VALUES(1164,8,1,5);
INSERT INTO api_note VALUES(1165,11,1,3);
INSERT INTO api_note VALUES(1166,17,1,5);
INSERT INTO api_note VALUES(1167,14,1,3);
INSERT INTO api_note VALUES(1168,12,1,5);
INSERT INTO api_note VALUES(1169,8,1,3);
INSERT INTO api_note VALUES(1170,12,1,5);
INSERT INTO api_note VALUES(1171,10,1,3);
INSERT INTO api_note VALUES(1172,9,1,5);
INSERT INTO api_note VALUES(1173,11,1,3);
INSERT INTO api_note VALUES(1174,14,1,5);
INSERT INTO api_note VALUES(1175,11,1,3);
INSERT INTO api_note VALUES(1176,10,1,5);
INSERT INTO api_note VALUES(1177,11,1,3);
INSERT INTO api_note VALUES(1178,11,1,5);
INSERT INTO api_note VALUES(1179,16,1,3);
INSERT INTO api_note VALUES(1180,11,1,5);
INSERT INTO api_note VALUES(1181,16,1,3);
INSERT INTO api_note VALUES(1182,16,1,5);
INSERT INTO api_note VALUES(1183,9,1,3);
INSERT INTO api_note VALUES(1184,16,1,5);
INSERT INTO api_note VALUES(1185,13,1,3);
INSERT INTO api_note VALUES(1186,14,1,5);
INSERT INTO api_note VALUES(1187,9,1,3);
INSERT INTO api_note VALUES(1188,8,1,5);
INSERT INTO api_note VALUES(1189,15,1,3);
INSERT INTO api_note VALUES(1190,17,1,5);
INSERT INTO api_note VALUES(1191,12,1,3);
INSERT INTO api_note VALUES(1192,14,1,5);
INSERT INTO api_note VALUES(1193,14,1,3);
INSERT INTO api_note VALUES(1194,11,1,5);
INSERT INTO api_note VALUES(1195,14,1,3);
INSERT INTO api_note VALUES(1196,12,1,5);
INSERT INTO api_note VALUES(1197,16,1,3);
INSERT INTO api_note VALUES(1198,18,1,5);
INSERT INTO api_note VALUES(1199,14,1,3);
INSERT INTO api_note VALUES(1200,17,1,5);
CREATE TABLE IF NOT EXISTS "api_membrejury" ("id_membre" integer NOT NULL PRIMARY KEY AUTOINCREMENT, "nom" varchar(100) NOT NULL, "prenom" varchar(100) NOT NULL, "jury_id" integer NULL REFERENCES "api_jury" ("id_jury") DEFERRABLE INITIALLY DEFERRED);
INSERT INTO api_membrejury VALUES(1,'Dupont','Jean',1);
INSERT INTO api_membrejury VALUES(2,'Martin','Claire',1);
INSERT INTO api_membrejury VALUES(3,'Durand','Paul',1);
CREATE TABLE IF NOT EXISTS "api_diplomeobtenu_notes" ("id" integer NOT NULL PRIMARY KEY AUTOINCREMENT, "diplomeobtenu_id" integer NOT NULL REFERENCES "api_diplomeobtenu" ("id_diplome_obtenu") DEFERRABLE INITIALLY DEFERRED, "note_id" integer NOT NULL REFERENCES "api_note" ("id_note") DEFERRABLE INITIALLY DEFERRED);
INSERT INTO api_diplomeobtenu_notes VALUES(1,1,1);
INSERT INTO api_diplomeobtenu_notes VALUES(2,1,2);
INSERT INTO api_diplomeobtenu_notes VALUES(3,2,3);
INSERT INTO api_diplomeobtenu_notes VALUES(4,2,4);
INSERT INTO api_diplomeobtenu_notes VALUES(5,3,5);
INSERT INTO api_diplomeobtenu_notes VALUES(6,3,6);
INSERT INTO api_diplomeobtenu_notes VALUES(7,4,8);
INSERT INTO api_diplomeobtenu_notes VALUES(8,4,7);
INSERT INTO api_diplomeobtenu_notes VALUES(9,5,9);
INSERT INTO api_diplomeobtenu_notes VALUES(10,5,10);
INSERT INTO api_diplomeobtenu_notes VALUES(11,6,11);
INSERT INTO api_diplomeobtenu_notes VALUES(12,6,12);
INSERT INTO api_diplomeobtenu_notes VALUES(13,7,13);
INSERT INTO api_diplomeobtenu_notes VALUES(14,7,14);
INSERT INTO api_diplomeobtenu_notes VALUES(15,8,16);
INSERT INTO api_diplomeobtenu_notes VALUES(16,8,15);
INSERT INTO api_diplomeobtenu_notes VALUES(17,9,17);
INSERT INTO api_diplomeobtenu_notes VALUES(18,9,18);
INSERT INTO api_diplomeobtenu_notes VALUES(19,10,19);
INSERT INTO api_diplomeobtenu_notes VALUES(20,10,20);
INSERT INTO api_diplomeobtenu_notes VALUES(21,11,21);
INSERT INTO api_diplomeobtenu_notes VALUES(22,11,22);
INSERT INTO api_diplomeobtenu_notes VALUES(23,12,24);
INSERT INTO api_diplomeobtenu_notes VALUES(24,12,23);
INSERT INTO api_diplomeobtenu_notes VALUES(25,13,25);
INSERT INTO api_diplomeobtenu_notes VALUES(26,13,26);
INSERT INTO api_diplomeobtenu_notes VALUES(27,14,27);
INSERT INTO api_diplomeobtenu_notes VALUES(28,14,28);
INSERT INTO api_diplomeobtenu_notes VALUES(29,15,29);
INSERT INTO api_diplomeobtenu_notes VALUES(30,15,30);
INSERT INTO api_diplomeobtenu_notes VALUES(31,16,32);
INSERT INTO api_diplomeobtenu_notes VALUES(32,16,31);
INSERT INTO api_diplomeobtenu_notes VALUES(33,17,33);
INSERT INTO api_diplomeobtenu_notes VALUES(34,17,34);
INSERT INTO api_diplomeobtenu_notes VALUES(35,18,35);
INSERT INTO api_diplomeobtenu_notes VALUES(36,18,36);
INSERT INTO api_diplomeobtenu_notes VALUES(37,19,37);
INSERT INTO api_diplomeobtenu_notes VALUES(38,19,38);
INSERT INTO api_diplomeobtenu_notes VALUES(39,20,40);
INSERT INTO api_diplomeobtenu_notes VALUES(40,20,39);
INSERT INTO api_diplomeobtenu_notes VALUES(41,21,41);
INSERT INTO api_diplomeobtenu_notes VALUES(42,21,42);
INSERT INTO api_diplomeobtenu_notes VALUES(43,22,43);
INSERT INTO api_diplomeobtenu_notes VALUES(44,22,44);
INSERT INTO api_diplomeobtenu_notes VALUES(45,23,45);
INSERT INTO api_diplomeobtenu_notes VALUES(46,23,46);
INSERT INTO api_diplomeobtenu_notes VALUES(47,24,48);
INSERT INTO api_diplomeobtenu_notes VALUES(48,24,47);
INSERT INTO api_diplomeobtenu_notes VALUES(49,25,49);
INSERT INTO api_diplomeobtenu_notes VALUES(50,25,50);
INSERT INTO api_diplomeobtenu_notes VALUES(51,26,51);
INSERT INTO api_diplomeobtenu_notes VALUES(52,26,52);
INSERT INTO api_diplomeobtenu_notes VALUES(53,27,53);
INSERT INTO api_diplomeobtenu_notes VALUES(54,27,54);
INSERT INTO api_diplomeobtenu_notes VALUES(55,28,56);
INSERT INTO api_diplomeobtenu_notes VALUES(56,28,55);
INSERT INTO api_diplomeobtenu_notes VALUES(57,29,57);
INSERT INTO api_diplomeobtenu_notes VALUES(58,29,58);
INSERT INTO api_diplomeobtenu_notes VALUES(59,30,59);
INSERT INTO api_diplomeobtenu_notes VALUES(60,30,60);
INSERT INTO api_diplomeobtenu_notes VALUES(61,31,61);
INSERT INTO api_diplomeobtenu_notes VALUES(62,31,62);
INSERT INTO api_diplomeobtenu_notes VALUES(63,32,64);
INSERT INTO api_diplomeobtenu_notes VALUES(64,32,63);
INSERT INTO api_diplomeobtenu_notes VALUES(65,33,65);
INSERT INTO api_diplomeobtenu_notes VALUES(66,33,66);
INSERT INTO api_diplomeobtenu_notes VALUES(67,34,67);
INSERT INTO api_diplomeobtenu_notes VALUES(68,34,68);
INSERT INTO api_diplomeobtenu_notes VALUES(69,35,69);
INSERT INTO api_diplomeobtenu_notes VALUES(70,35,70);
INSERT INTO api_diplomeobtenu_notes VALUES(71,36,72);
INSERT INTO api_diplomeobtenu_notes VALUES(72,36,71);
INSERT INTO api_diplomeobtenu_notes VALUES(73,37,73);
INSERT INTO api_diplomeobtenu_notes VALUES(74,37,74);
INSERT INTO api_diplomeobtenu_notes VALUES(75,38,75);
INSERT INTO api_diplomeobtenu_notes VALUES(76,38,76);
INSERT INTO api_diplomeobtenu_notes VALUES(77,39,77);
INSERT INTO api_diplomeobtenu_notes VALUES(78,39,78);
INSERT INTO api_diplomeobtenu_notes VALUES(79,40,80);
INSERT INTO api_diplomeobtenu_notes VALUES(80,40,79);
INSERT INTO api_diplomeobtenu_notes VALUES(81,41,81);
INSERT INTO api_diplomeobtenu_notes VALUES(82,41,82);
INSERT INTO api_diplomeobtenu_notes VALUES(83,42,83);
INSERT INTO api_diplomeobtenu_notes VALUES(84,42,84);
INSERT INTO api_diplomeobtenu_notes VALUES(85,43,85);
INSERT INTO api_diplomeobtenu_notes VALUES(86,43,86);
INSERT INTO api_diplomeobtenu_notes VALUES(87,44,88);
INSERT INTO api_diplomeobtenu_notes VALUES(88,44,87);
INSERT INTO api_diplomeobtenu_notes VALUES(89,45,89);
INSERT INTO api_diplomeobtenu_notes VALUES(90,45,90);
INSERT INTO api_diplomeobtenu_notes VALUES(91,46,91);
INSERT INTO api_diplomeobtenu_notes VALUES(92,46,92);
INSERT INTO api_diplomeobtenu_notes VALUES(93,47,93);
INSERT INTO api_diplomeobtenu_notes VALUES(94,47,94);
INSERT INTO api_diplomeobtenu_notes VALUES(95,48,96);
INSERT INTO api_diplomeobtenu_notes VALUES(96,48,95);
INSERT INTO api_diplomeobtenu_notes VALUES(97,49,97);
INSERT INTO api_diplomeobtenu_notes VALUES(98,49,98);
INSERT INTO api_diplomeobtenu_notes VALUES(99,50,99);
INSERT INTO api_diplomeobtenu_notes VALUES(100,50,100);
INSERT INTO api_diplomeobtenu_notes VALUES(101,51,101);
INSERT INTO api_diplomeobtenu_notes VALUES(102,51,102);
INSERT INTO api_diplomeobtenu_notes VALUES(103,52,104);
INSERT INTO api_diplomeobtenu_notes VALUES(104,52,103);
INSERT INTO api_diplomeobtenu_notes VALUES(105,53,105);
INSERT INTO api_diplomeobtenu_notes VALUES(106,53,106);
INSERT INTO api_diplomeobtenu_notes VALUES(107,54,107);
INSERT INTO api_diplomeobtenu_notes VALUES(108,54,108);
INSERT INTO api_diplomeobtenu_notes VALUES(109,55,109);
INSERT INTO api_diplomeobtenu_notes VALUES(110,55,110);
INSERT INTO api_diplomeobtenu_notes VALUES(111,56,112);
INSERT INTO api_diplomeobtenu_notes VALUES(112,56,111);
INSERT INTO api_diplomeobtenu_notes VALUES(113,57,113);
INSERT INTO api_diplomeobtenu_notes VALUES(114,57,114);
INSERT INTO api_diplomeobtenu_notes VALUES(115,58,115);
INSERT INTO api_diplomeobtenu_notes VALUES(116,58,116);
INSERT INTO api_diplomeobtenu_notes VALUES(117,59,117);
INSERT INTO api_diplomeobtenu_notes VALUES(118,59,118);
INSERT INTO api_diplomeobtenu_notes VALUES(119,60,120);
INSERT INTO api_diplomeobtenu_notes VALUES(120,60,119);
INSERT INTO api_diplomeobtenu_notes VALUES(121,61,121);
INSERT INTO api_diplomeobtenu_notes VALUES(122,61,122);
INSERT INTO api_diplomeobtenu_notes VALUES(123,62,123);
INSERT INTO api_diplomeobtenu_notes VALUES(124,62,124);
INSERT INTO api_diplomeobtenu_notes VALUES(125,63,125);
INSERT INTO api_diplomeobtenu_notes VALUES(126,63,126);
INSERT INTO api_diplomeobtenu_notes VALUES(127,64,128);
INSERT INTO api_diplomeobtenu_notes VALUES(128,64,127);
INSERT INTO api_diplomeobtenu_notes VALUES(129,65,129);
INSERT INTO api_diplomeobtenu_notes VALUES(130,65,130);
INSERT INTO api_diplomeobtenu_notes VALUES(131,66,131);
INSERT INTO api_diplomeobtenu_notes VALUES(132,66,132);
INSERT INTO api_diplomeobtenu_notes VALUES(133,67,133);
INSERT INTO api_diplomeobtenu_notes VALUES(134,67,134);
INSERT INTO api_diplomeobtenu_notes VALUES(135,68,136);
INSERT INTO api_diplomeobtenu_notes VALUES(136,68,135);
INSERT INTO api_diplomeobtenu_notes VALUES(137,69,137);
INSERT INTO api_diplomeobtenu_notes VALUES(138,69,138);
INSERT INTO api_diplomeobtenu_notes VALUES(139,70,139);
INSERT INTO api_diplomeobtenu_notes VALUES(140,70,140);
INSERT INTO api_diplomeobtenu_notes VALUES(141,71,141);
INSERT INTO api_diplomeobtenu_notes VALUES(142,71,142);
INSERT INTO api_diplomeobtenu_notes VALUES(143,72,144);
INSERT INTO api_diplomeobtenu_notes VALUES(144,72,143);
INSERT INTO api_diplomeobtenu_notes VALUES(145,73,145);
INSERT INTO api_diplomeobtenu_notes VALUES(146,73,146);
INSERT INTO api_diplomeobtenu_notes VALUES(147,74,147);
INSERT INTO api_diplomeobtenu_notes VALUES(148,74,148);
INSERT INTO api_diplomeobtenu_notes VALUES(149,75,149);
INSERT INTO api_diplomeobtenu_notes VALUES(150,75,150);
INSERT INTO api_diplomeobtenu_notes VALUES(151,76,152);
INSERT INTO api_diplomeobtenu_notes VALUES(152,76,151);
INSERT INTO api_diplomeobtenu_notes VALUES(153,77,153);
INSERT INTO api_diplomeobtenu_notes VALUES(154,77,154);
INSERT INTO api_diplomeobtenu_notes VALUES(155,78,155);
INSERT INTO api_diplomeobtenu_notes VALUES(156,78,156);
INSERT INTO api_diplomeobtenu_notes VALUES(157,79,157);
INSERT INTO api_diplomeobtenu_notes VALUES(158,79,158);
INSERT INTO api_diplomeobtenu_notes VALUES(159,80,160);
INSERT INTO api_diplomeobtenu_notes VALUES(160,80,159);
INSERT INTO api_diplomeobtenu_notes VALUES(161,81,161);
INSERT INTO api_diplomeobtenu_notes VALUES(162,81,162);
INSERT INTO api_diplomeobtenu_notes VALUES(163,82,163);
INSERT INTO api_diplomeobtenu_notes VALUES(164,82,164);
INSERT INTO api_diplomeobtenu_notes VALUES(165,83,165);
INSERT INTO api_diplomeobtenu_notes VALUES(166,83,166);
INSERT INTO api_diplomeobtenu_notes VALUES(167,84,168);
INSERT INTO api_diplomeobtenu_notes VALUES(168,84,167);
INSERT INTO api_diplomeobtenu_notes VALUES(169,85,169);
INSERT INTO api_diplomeobtenu_notes VALUES(170,85,170);
INSERT INTO api_diplomeobtenu_notes VALUES(171,86,171);
INSERT INTO api_diplomeobtenu_notes VALUES(172,86,172);
INSERT INTO api_diplomeobtenu_notes VALUES(173,87,173);
INSERT INTO api_diplomeobtenu_notes VALUES(174,87,174);
INSERT INTO api_diplomeobtenu_notes VALUES(175,88,176);
INSERT INTO api_diplomeobtenu_notes VALUES(176,88,175);
INSERT INTO api_diplomeobtenu_notes VALUES(177,89,177);
INSERT INTO api_diplomeobtenu_notes VALUES(178,89,178);
INSERT INTO api_diplomeobtenu_notes VALUES(179,90,179);
INSERT INTO api_diplomeobtenu_notes VALUES(180,90,180);
INSERT INTO api_diplomeobtenu_notes VALUES(181,91,181);
INSERT INTO api_diplomeobtenu_notes VALUES(182,91,182);
INSERT INTO api_diplomeobtenu_notes VALUES(183,92,184);
INSERT INTO api_diplomeobtenu_notes VALUES(184,92,183);
INSERT INTO api_diplomeobtenu_notes VALUES(185,93,185);
INSERT INTO api_diplomeobtenu_notes VALUES(186,93,186);
INSERT INTO api_diplomeobtenu_notes VALUES(187,94,187);
INSERT INTO api_diplomeobtenu_notes VALUES(188,94,188);
INSERT INTO api_diplomeobtenu_notes VALUES(189,95,189);
INSERT INTO api_diplomeobtenu_notes VALUES(190,95,190);
INSERT INTO api_diplomeobtenu_notes VALUES(191,96,192);
INSERT INTO api_diplomeobtenu_notes VALUES(192,96,191);
INSERT INTO api_diplomeobtenu_notes VALUES(193,97,193);
INSERT INTO api_diplomeobtenu_notes VALUES(194,97,194);
INSERT INTO api_diplomeobtenu_notes VALUES(195,98,195);
INSERT INTO api_diplomeobtenu_notes VALUES(196,98,196);
INSERT INTO api_diplomeobtenu_notes VALUES(197,99,197);
INSERT INTO api_diplomeobtenu_notes VALUES(198,99,198);
INSERT INTO api_diplomeobtenu_notes VALUES(199,100,200);
INSERT INTO api_diplomeobtenu_notes VALUES(200,100,199);
INSERT INTO api_diplomeobtenu_notes VALUES(201,101,201);
INSERT INTO api_diplomeobtenu_notes VALUES(202,101,202);
INSERT INTO api_diplomeobtenu_notes VALUES(203,102,203);
INSERT INTO api_diplomeobtenu_notes VALUES(204,102,204);
INSERT INTO api_diplomeobtenu_notes VALUES(205,103,205);
INSERT INTO api_diplomeobtenu_notes VALUES(206,103,206);
INSERT INTO api_diplomeobtenu_notes VALUES(207,104,208);
INSERT INTO api_diplomeobtenu_notes VALUES(208,104,207);
INSERT INTO api_diplomeobtenu_notes VALUES(209,105,209);
INSERT INTO api_diplomeobtenu_notes VALUES(210,105,210);
INSERT INTO api_diplomeobtenu_notes VALUES(211,106,211);
INSERT INTO api_diplomeobtenu_notes VALUES(212,106,212);
INSERT INTO api_diplomeobtenu_notes VALUES(213,107,213);
INSERT INTO api_diplomeobtenu_notes VALUES(214,107,214);
INSERT INTO api_diplomeobtenu_notes VALUES(215,108,216);
INSERT INTO api_diplomeobtenu_notes VALUES(216,108,215);
INSERT INTO api_diplomeobtenu_notes VALUES(217,109,217);
INSERT INTO api_diplomeobtenu_notes VALUES(218,109,218);
INSERT INTO api_diplomeobtenu_notes VALUES(219,110,219);
INSERT INTO api_diplomeobtenu_notes VALUES(220,110,220);
INSERT INTO api_diplomeobtenu_notes VALUES(221,111,221);
INSERT INTO api_diplomeobtenu_notes VALUES(222,111,222);
INSERT INTO api_diplomeobtenu_notes VALUES(223,112,224);
INSERT INTO api_diplomeobtenu_notes VALUES(224,112,223);
INSERT INTO api_diplomeobtenu_notes VALUES(225,113,225);
INSERT INTO api_diplomeobtenu_notes VALUES(226,113,226);
INSERT INTO api_diplomeobtenu_notes VALUES(227,114,227);
INSERT INTO api_diplomeobtenu_notes VALUES(228,114,228);
INSERT INTO api_diplomeobtenu_notes VALUES(229,115,229);
INSERT INTO api_diplomeobtenu_notes VALUES(230,115,230);
INSERT INTO api_diplomeobtenu_notes VALUES(231,116,232);
INSERT INTO api_diplomeobtenu_notes VALUES(232,116,231);
INSERT INTO api_diplomeobtenu_notes VALUES(233,117,233);
INSERT INTO api_diplomeobtenu_notes VALUES(234,117,234);
INSERT INTO api_diplomeobtenu_notes VALUES(235,118,235);
INSERT INTO api_diplomeobtenu_notes VALUES(236,118,236);
INSERT INTO api_diplomeobtenu_notes VALUES(237,119,237);
INSERT INTO api_diplomeobtenu_notes VALUES(238,119,238);
INSERT INTO api_diplomeobtenu_notes VALUES(239,120,240);
INSERT INTO api_diplomeobtenu_notes VALUES(240,120,239);
INSERT INTO api_diplomeobtenu_notes VALUES(241,121,241);
INSERT INTO api_diplomeobtenu_notes VALUES(242,121,242);
INSERT INTO api_diplomeobtenu_notes VALUES(243,122,243);
INSERT INTO api_diplomeobtenu_notes VALUES(244,122,244);
INSERT INTO api_diplomeobtenu_notes VALUES(245,123,245);
INSERT INTO api_diplomeobtenu_notes VALUES(246,123,246);
INSERT INTO api_diplomeobtenu_notes VALUES(247,124,248);
INSERT INTO api_diplomeobtenu_notes VALUES(248,124,247);
INSERT INTO api_diplomeobtenu_notes VALUES(249,125,249);
INSERT INTO api_diplomeobtenu_notes VALUES(250,125,250);
INSERT INTO api_diplomeobtenu_notes VALUES(251,126,251);
INSERT INTO api_diplomeobtenu_notes VALUES(252,126,252);
INSERT INTO api_diplomeobtenu_notes VALUES(253,127,253);
INSERT INTO api_diplomeobtenu_notes VALUES(254,127,254);
INSERT INTO api_diplomeobtenu_notes VALUES(255,128,256);
INSERT INTO api_diplomeobtenu_notes VALUES(256,128,255);
INSERT INTO api_diplomeobtenu_notes VALUES(257,129,257);
INSERT INTO api_diplomeobtenu_notes VALUES(258,129,258);
INSERT INTO api_diplomeobtenu_notes VALUES(259,130,259);
INSERT INTO api_diplomeobtenu_notes VALUES(260,130,260);
INSERT INTO api_diplomeobtenu_notes VALUES(261,131,261);
INSERT INTO api_diplomeobtenu_notes VALUES(262,131,262);
INSERT INTO api_diplomeobtenu_notes VALUES(263,132,264);
INSERT INTO api_diplomeobtenu_notes VALUES(264,132,263);
INSERT INTO api_diplomeobtenu_notes VALUES(265,133,265);
INSERT INTO api_diplomeobtenu_notes VALUES(266,133,266);
INSERT INTO api_diplomeobtenu_notes VALUES(267,134,267);
INSERT INTO api_diplomeobtenu_notes VALUES(268,134,268);
INSERT INTO api_diplomeobtenu_notes VALUES(269,135,269);
INSERT INTO api_diplomeobtenu_notes VALUES(270,135,270);
INSERT INTO api_diplomeobtenu_notes VALUES(271,136,272);
INSERT INTO api_diplomeobtenu_notes VALUES(272,136,271);
INSERT INTO api_diplomeobtenu_notes VALUES(273,137,273);
INSERT INTO api_diplomeobtenu_notes VALUES(274,137,274);
INSERT INTO api_diplomeobtenu_notes VALUES(275,138,275);
INSERT INTO api_diplomeobtenu_notes VALUES(276,138,276);
INSERT INTO api_diplomeobtenu_notes VALUES(277,139,277);
INSERT INTO api_diplomeobtenu_notes VALUES(278,139,278);
INSERT INTO api_diplomeobtenu_notes VALUES(279,140,280);
INSERT INTO api_diplomeobtenu_notes VALUES(280,140,279);
INSERT INTO api_diplomeobtenu_notes VALUES(281,141,281);
INSERT INTO api_diplomeobtenu_notes VALUES(282,141,282);
INSERT INTO api_diplomeobtenu_notes VALUES(283,142,283);
INSERT INTO api_diplomeobtenu_notes VALUES(284,142,284);
INSERT INTO api_diplomeobtenu_notes VALUES(285,143,285);
INSERT INTO api_diplomeobtenu_notes VALUES(286,143,286);
INSERT INTO api_diplomeobtenu_notes VALUES(287,144,288);
INSERT INTO api_diplomeobtenu_notes VALUES(288,144,287);
INSERT INTO api_diplomeobtenu_notes VALUES(289,145,289);
INSERT INTO api_diplomeobtenu_notes VALUES(290,145,290);
INSERT INTO api_diplomeobtenu_notes VALUES(291,146,291);
INSERT INTO api_diplomeobtenu_notes VALUES(292,146,292);
INSERT INTO api_diplomeobtenu_notes VALUES(293,147,293);
INSERT INTO api_diplomeobtenu_notes VALUES(294,147,294);
INSERT INTO api_diplomeobtenu_notes VALUES(295,148,296);
INSERT INTO api_diplomeobtenu_notes VALUES(296,148,295);
INSERT INTO api_diplomeobtenu_notes VALUES(297,149,297);
INSERT INTO api_diplomeobtenu_notes VALUES(298,149,298);
INSERT INTO api_diplomeobtenu_notes VALUES(299,150,299);
INSERT INTO api_diplomeobtenu_notes VALUES(300,150,300);
INSERT INTO api_diplomeobtenu_notes VALUES(301,151,301);
INSERT INTO api_diplomeobtenu_notes VALUES(302,151,302);
INSERT INTO api_diplomeobtenu_notes VALUES(303,152,304);
INSERT INTO api_diplomeobtenu_notes VALUES(304,152,303);
INSERT INTO api_diplomeobtenu_notes VALUES(305,153,305);
INSERT INTO api_diplomeobtenu_notes VALUES(306,153,306);
INSERT INTO api_diplomeobtenu_notes VALUES(307,154,307);
INSERT INTO api_diplomeobtenu_notes VALUES(308,154,308);
INSERT INTO api_diplomeobtenu_notes VALUES(309,155,309);
INSERT INTO api_diplomeobtenu_notes VALUES(310,155,310);
INSERT INTO api_diplomeobtenu_notes VALUES(311,156,312);
INSERT INTO api_diplomeobtenu_notes VALUES(312,156,311);
INSERT INTO api_diplomeobtenu_notes VALUES(313,157,313);
INSERT INTO api_diplomeobtenu_notes VALUES(314,157,314);
INSERT INTO api_diplomeobtenu_notes VALUES(315,158,315);
INSERT INTO api_diplomeobtenu_notes VALUES(316,158,316);
INSERT INTO api_diplomeobtenu_notes VALUES(317,159,317);
INSERT INTO api_diplomeobtenu_notes VALUES(318,159,318);
INSERT INTO api_diplomeobtenu_notes VALUES(319,160,320);
INSERT INTO api_diplomeobtenu_notes VALUES(320,160,319);
INSERT INTO api_diplomeobtenu_notes VALUES(321,161,321);
INSERT INTO api_diplomeobtenu_notes VALUES(322,161,322);
INSERT INTO api_diplomeobtenu_notes VALUES(323,162,323);
INSERT INTO api_diplomeobtenu_notes VALUES(324,162,324);
INSERT INTO api_diplomeobtenu_notes VALUES(325,163,325);
INSERT INTO api_diplomeobtenu_notes VALUES(326,163,326);
INSERT INTO api_diplomeobtenu_notes VALUES(327,164,328);
INSERT INTO api_diplomeobtenu_notes VALUES(328,164,327);
INSERT INTO api_diplomeobtenu_notes VALUES(329,165,329);
INSERT INTO api_diplomeobtenu_notes VALUES(330,165,330);
INSERT INTO api_diplomeobtenu_notes VALUES(331,166,331);
INSERT INTO api_diplomeobtenu_notes VALUES(332,166,332);
INSERT INTO api_diplomeobtenu_notes VALUES(333,167,333);
INSERT INTO api_diplomeobtenu_notes VALUES(334,167,334);
INSERT INTO api_diplomeobtenu_notes VALUES(335,168,336);
INSERT INTO api_diplomeobtenu_notes VALUES(336,168,335);
INSERT INTO api_diplomeobtenu_notes VALUES(337,169,337);
INSERT INTO api_diplomeobtenu_notes VALUES(338,169,338);
INSERT INTO api_diplomeobtenu_notes VALUES(339,170,339);
INSERT INTO api_diplomeobtenu_notes VALUES(340,170,340);
INSERT INTO api_diplomeobtenu_notes VALUES(341,171,341);
INSERT INTO api_diplomeobtenu_notes VALUES(342,171,342);
INSERT INTO api_diplomeobtenu_notes VALUES(343,172,344);
INSERT INTO api_diplomeobtenu_notes VALUES(344,172,343);
INSERT INTO api_diplomeobtenu_notes VALUES(345,173,345);
INSERT INTO api_diplomeobtenu_notes VALUES(346,173,346);
INSERT INTO api_diplomeobtenu_notes VALUES(347,174,347);
INSERT INTO api_diplomeobtenu_notes VALUES(348,174,348);
INSERT INTO api_diplomeobtenu_notes VALUES(349,175,349);
INSERT INTO api_diplomeobtenu_notes VALUES(350,175,350);
INSERT INTO api_diplomeobtenu_notes VALUES(351,176,352);
INSERT INTO api_diplomeobtenu_notes VALUES(352,176,351);
INSERT INTO api_diplomeobtenu_notes VALUES(353,177,353);
INSERT INTO api_diplomeobtenu_notes VALUES(354,177,354);
INSERT INTO api_diplomeobtenu_notes VALUES(355,178,355);
INSERT INTO api_diplomeobtenu_notes VALUES(356,178,356);
INSERT INTO api_diplomeobtenu_notes VALUES(357,179,357);
INSERT INTO api_diplomeobtenu_notes VALUES(358,179,358);
INSERT INTO api_diplomeobtenu_notes VALUES(359,180,360);
INSERT INTO api_diplomeobtenu_notes VALUES(360,180,359);
INSERT INTO api_diplomeobtenu_notes VALUES(361,181,361);
INSERT INTO api_diplomeobtenu_notes VALUES(362,181,362);
INSERT INTO api_diplomeobtenu_notes VALUES(363,182,363);
INSERT INTO api_diplomeobtenu_notes VALUES(364,182,364);
INSERT INTO api_diplomeobtenu_notes VALUES(365,183,365);
INSERT INTO api_diplomeobtenu_notes VALUES(366,183,366);
INSERT INTO api_diplomeobtenu_notes VALUES(367,184,368);
INSERT INTO api_diplomeobtenu_notes VALUES(368,184,367);
INSERT INTO api_diplomeobtenu_notes VALUES(369,185,369);
INSERT INTO api_diplomeobtenu_notes VALUES(370,185,370);
INSERT INTO api_diplomeobtenu_notes VALUES(371,186,371);
INSERT INTO api_diplomeobtenu_notes VALUES(372,186,372);
INSERT INTO api_diplomeobtenu_notes VALUES(373,187,373);
INSERT INTO api_diplomeobtenu_notes VALUES(374,187,374);
INSERT INTO api_diplomeobtenu_notes VALUES(375,188,376);
INSERT INTO api_diplomeobtenu_notes VALUES(376,188,375);
INSERT INTO api_diplomeobtenu_notes VALUES(377,189,377);
INSERT INTO api_diplomeobtenu_notes VALUES(378,189,378);
INSERT INTO api_diplomeobtenu_notes VALUES(379,190,379);
INSERT INTO api_diplomeobtenu_notes VALUES(380,190,380);
INSERT INTO api_diplomeobtenu_notes VALUES(381,191,381);
INSERT INTO api_diplomeobtenu_notes VALUES(382,191,382);
INSERT INTO api_diplomeobtenu_notes VALUES(383,192,384);
INSERT INTO api_diplomeobtenu_notes VALUES(384,192,383);
INSERT INTO api_diplomeobtenu_notes VALUES(385,193,385);
INSERT INTO api_diplomeobtenu_notes VALUES(386,193,386);
INSERT INTO api_diplomeobtenu_notes VALUES(387,194,387);
INSERT INTO api_diplomeobtenu_notes VALUES(388,194,388);
INSERT INTO api_diplomeobtenu_notes VALUES(389,195,389);
INSERT INTO api_diplomeobtenu_notes VALUES(390,195,390);
INSERT INTO api_diplomeobtenu_notes VALUES(391,196,392);
INSERT INTO api_diplomeobtenu_notes VALUES(392,196,391);
INSERT INTO api_diplomeobtenu_notes VALUES(393,197,393);
INSERT INTO api_diplomeobtenu_notes VALUES(394,197,394);
INSERT INTO api_diplomeobtenu_notes VALUES(395,198,395);
INSERT INTO api_diplomeobtenu_notes VALUES(396,198,396);
INSERT INTO api_diplomeobtenu_notes VALUES(397,199,397);
INSERT INTO api_diplomeobtenu_notes VALUES(398,199,398);
INSERT INTO api_diplomeobtenu_notes VALUES(399,200,400);
INSERT INTO api_diplomeobtenu_notes VALUES(400,200,399);
INSERT INTO api_diplomeobtenu_notes VALUES(401,201,401);
INSERT INTO api_diplomeobtenu_notes VALUES(402,201,402);
INSERT INTO api_diplomeobtenu_notes VALUES(403,202,403);
INSERT INTO api_diplomeobtenu_notes VALUES(404,202,404);
INSERT INTO api_diplomeobtenu_notes VALUES(405,203,405);
INSERT INTO api_diplomeobtenu_notes VALUES(406,203,406);
INSERT INTO api_diplomeobtenu_notes VALUES(407,204,408);
INSERT INTO api_diplomeobtenu_notes VALUES(408,204,407);
INSERT INTO api_diplomeobtenu_notes VALUES(409,205,409);
INSERT INTO api_diplomeobtenu_notes VALUES(410,205,410);
INSERT INTO api_diplomeobtenu_notes VALUES(411,206,411);
INSERT INTO api_diplomeobtenu_notes VALUES(412,206,412);
INSERT INTO api_diplomeobtenu_notes VALUES(413,207,413);
INSERT INTO api_diplomeobtenu_notes VALUES(414,207,414);
INSERT INTO api_diplomeobtenu_notes VALUES(415,208,416);
INSERT INTO api_diplomeobtenu_notes VALUES(416,208,415);
INSERT INTO api_diplomeobtenu_notes VALUES(417,209,417);
INSERT INTO api_diplomeobtenu_notes VALUES(418,209,418);
INSERT INTO api_diplomeobtenu_notes VALUES(419,210,419);
INSERT INTO api_diplomeobtenu_notes VALUES(420,210,420);
INSERT INTO api_diplomeobtenu_notes VALUES(421,211,421);
INSERT INTO api_diplomeobtenu_notes VALUES(422,211,422);
INSERT INTO api_diplomeobtenu_notes VALUES(423,212,424);
INSERT INTO api_diplomeobtenu_notes VALUES(424,212,423);
INSERT INTO api_diplomeobtenu_notes VALUES(425,213,425);
INSERT INTO api_diplomeobtenu_notes VALUES(426,213,426);
INSERT INTO api_diplomeobtenu_notes VALUES(427,214,427);
INSERT INTO api_diplomeobtenu_notes VALUES(428,214,428);
INSERT INTO api_diplomeobtenu_notes VALUES(429,215,429);
INSERT INTO api_diplomeobtenu_notes VALUES(430,215,430);
INSERT INTO api_diplomeobtenu_notes VALUES(431,216,432);
INSERT INTO api_diplomeobtenu_notes VALUES(432,216,431);
INSERT INTO api_diplomeobtenu_notes VALUES(433,217,433);
INSERT INTO api_diplomeobtenu_notes VALUES(434,217,434);
INSERT INTO api_diplomeobtenu_notes VALUES(435,218,435);
INSERT INTO api_diplomeobtenu_notes VALUES(436,218,436);
INSERT INTO api_diplomeobtenu_notes VALUES(437,219,437);
INSERT INTO api_diplomeobtenu_notes VALUES(438,219,438);
INSERT INTO api_diplomeobtenu_notes VALUES(439,220,440);
INSERT INTO api_diplomeobtenu_notes VALUES(440,220,439);
INSERT INTO api_diplomeobtenu_notes VALUES(441,221,441);
INSERT INTO api_diplomeobtenu_notes VALUES(442,221,442);
INSERT INTO api_diplomeobtenu_notes VALUES(443,222,443);
INSERT INTO api_diplomeobtenu_notes VALUES(444,222,444);
INSERT INTO api_diplomeobtenu_notes VALUES(445,223,445);
INSERT INTO api_diplomeobtenu_notes VALUES(446,223,446);
INSERT INTO api_diplomeobtenu_notes VALUES(447,224,448);
INSERT INTO api_diplomeobtenu_notes VALUES(448,224,447);
INSERT INTO api_diplomeobtenu_notes VALUES(449,225,449);
INSERT INTO api_diplomeobtenu_notes VALUES(450,225,450);
INSERT INTO api_diplomeobtenu_notes VALUES(451,226,451);
INSERT INTO api_diplomeobtenu_notes VALUES(452,226,452);
INSERT INTO api_diplomeobtenu_notes VALUES(453,227,453);
INSERT INTO api_diplomeobtenu_notes VALUES(454,227,454);
INSERT INTO api_diplomeobtenu_notes VALUES(455,228,456);
INSERT INTO api_diplomeobtenu_notes VALUES(456,228,455);
INSERT INTO api_diplomeobtenu_notes VALUES(457,229,457);
INSERT INTO api_diplomeobtenu_notes VALUES(458,229,458);
INSERT INTO api_diplomeobtenu_notes VALUES(459,230,459);
INSERT INTO api_diplomeobtenu_notes VALUES(460,230,460);
INSERT INTO api_diplomeobtenu_notes VALUES(461,231,461);
INSERT INTO api_diplomeobtenu_notes VALUES(462,231,462);
INSERT INTO api_diplomeobtenu_notes VALUES(463,232,464);
INSERT INTO api_diplomeobtenu_notes VALUES(464,232,463);
INSERT INTO api_diplomeobtenu_notes VALUES(465,233,465);
INSERT INTO api_diplomeobtenu_notes VALUES(466,233,466);
INSERT INTO api_diplomeobtenu_notes VALUES(467,234,467);
INSERT INTO api_diplomeobtenu_notes VALUES(468,234,468);
INSERT INTO api_diplomeobtenu_notes VALUES(469,235,469);
INSERT INTO api_diplomeobtenu_notes VALUES(470,235,470);
INSERT INTO api_diplomeobtenu_notes VALUES(471,236,472);
INSERT INTO api_diplomeobtenu_notes VALUES(472,236,471);
INSERT INTO api_diplomeobtenu_notes VALUES(473,237,473);
INSERT INTO api_diplomeobtenu_notes VALUES(474,237,474);
INSERT INTO api_diplomeobtenu_notes VALUES(475,238,475);
INSERT INTO api_diplomeobtenu_notes VALUES(476,238,476);
INSERT INTO api_diplomeobtenu_notes VALUES(477,239,477);
INSERT INTO api_diplomeobtenu_notes VALUES(478,239,478);
INSERT INTO api_diplomeobtenu_notes VALUES(479,240,480);
INSERT INTO api_diplomeobtenu_notes VALUES(480,240,479);
INSERT INTO api_diplomeobtenu_notes VALUES(481,241,481);
INSERT INTO api_diplomeobtenu_notes VALUES(482,241,482);
INSERT INTO api_diplomeobtenu_notes VALUES(483,242,483);
INSERT INTO api_diplomeobtenu_notes VALUES(484,242,484);
INSERT INTO api_diplomeobtenu_notes VALUES(485,243,485);
INSERT INTO api_diplomeobtenu_notes VALUES(486,243,486);
INSERT INTO api_diplomeobtenu_notes VALUES(487,244,488);
INSERT INTO api_diplomeobtenu_notes VALUES(488,244,487);
INSERT INTO api_diplomeobtenu_notes VALUES(489,245,489);
INSERT INTO api_diplomeobtenu_notes VALUES(490,245,490);
INSERT INTO api_diplomeobtenu_notes VALUES(491,246,491);
INSERT INTO api_diplomeobtenu_notes VALUES(492,246,492);
INSERT INTO api_diplomeobtenu_notes VALUES(493,247,493);
INSERT INTO api_diplomeobtenu_notes VALUES(494,247,494);
INSERT INTO api_diplomeobtenu_notes VALUES(495,248,496);
INSERT INTO api_diplomeobtenu_notes VALUES(496,248,495);
INSERT INTO api_diplomeobtenu_notes VALUES(497,249,497);
INSERT INTO api_diplomeobtenu_notes VALUES(498,249,498);
INSERT INTO api_diplomeobtenu_notes VALUES(499,250,499);
INSERT INTO api_diplomeobtenu_notes VALUES(500,250,500);
INSERT INTO api_diplomeobtenu_notes VALUES(501,251,501);
INSERT INTO api_diplomeobtenu_notes VALUES(502,251,502);
INSERT INTO api_diplomeobtenu_notes VALUES(503,252,504);
INSERT INTO api_diplomeobtenu_notes VALUES(504,252,503);
INSERT INTO api_diplomeobtenu_notes VALUES(505,253,505);
INSERT INTO api_diplomeobtenu_notes VALUES(506,253,506);
INSERT INTO api_diplomeobtenu_notes VALUES(507,254,507);
INSERT INTO api_diplomeobtenu_notes VALUES(508,254,508);
INSERT INTO api_diplomeobtenu_notes VALUES(509,255,509);
INSERT INTO api_diplomeobtenu_notes VALUES(510,255,510);
INSERT INTO api_diplomeobtenu_notes VALUES(511,256,512);
INSERT INTO api_diplomeobtenu_notes VALUES(512,256,511);
INSERT INTO api_diplomeobtenu_notes VALUES(513,257,513);
INSERT INTO api_diplomeobtenu_notes VALUES(514,257,514);
INSERT INTO api_diplomeobtenu_notes VALUES(515,258,515);
INSERT INTO api_diplomeobtenu_notes VALUES(516,258,516);
INSERT INTO api_diplomeobtenu_notes VALUES(517,259,517);
INSERT INTO api_diplomeobtenu_notes VALUES(518,259,518);
INSERT INTO api_diplomeobtenu_notes VALUES(519,260,520);
INSERT INTO api_diplomeobtenu_notes VALUES(520,260,519);
INSERT INTO api_diplomeobtenu_notes VALUES(521,261,521);
INSERT INTO api_diplomeobtenu_notes VALUES(522,261,522);
INSERT INTO api_diplomeobtenu_notes VALUES(523,262,523);
INSERT INTO api_diplomeobtenu_notes VALUES(524,262,524);
INSERT INTO api_diplomeobtenu_notes VALUES(525,263,525);
INSERT INTO api_diplomeobtenu_notes VALUES(526,263,526);
INSERT INTO api_diplomeobtenu_notes VALUES(527,264,528);
INSERT INTO api_diplomeobtenu_notes VALUES(528,264,527);
INSERT INTO api_diplomeobtenu_notes VALUES(529,265,529);
INSERT INTO api_diplomeobtenu_notes VALUES(530,265,530);
INSERT INTO api_diplomeobtenu_notes VALUES(531,266,531);
INSERT INTO api_diplomeobtenu_notes VALUES(532,266,532);
INSERT INTO api_diplomeobtenu_notes VALUES(533,267,533);
INSERT INTO api_diplomeobtenu_notes VALUES(534,267,534);
INSERT INTO api_diplomeobtenu_notes VALUES(535,268,536);
INSERT INTO api_diplomeobtenu_notes VALUES(536,268,535);
INSERT INTO api_diplomeobtenu_notes VALUES(537,269,537);
INSERT INTO api_diplomeobtenu_notes VALUES(538,269,538);
INSERT INTO api_diplomeobtenu_notes VALUES(539,270,539);
INSERT INTO api_diplomeobtenu_notes VALUES(540,270,540);
INSERT INTO api_diplomeobtenu_notes VALUES(541,271,541);
INSERT INTO api_diplomeobtenu_notes VALUES(542,271,542);
INSERT INTO api_diplomeobtenu_notes VALUES(543,272,544);
INSERT INTO api_diplomeobtenu_notes VALUES(544,272,543);
INSERT INTO api_diplomeobtenu_notes VALUES(545,273,545);
INSERT INTO api_diplomeobtenu_notes VALUES(546,273,546);
INSERT INTO api_diplomeobtenu_notes VALUES(547,274,547);
INSERT INTO api_diplomeobtenu_notes VALUES(548,274,548);
INSERT INTO api_diplomeobtenu_notes VALUES(549,275,549);
INSERT INTO api_diplomeobtenu_notes VALUES(550,275,550);
INSERT INTO api_diplomeobtenu_notes VALUES(551,276,552);
INSERT INTO api_diplomeobtenu_notes VALUES(552,276,551);
INSERT INTO api_diplomeobtenu_notes VALUES(553,277,553);
INSERT INTO api_diplomeobtenu_notes VALUES(554,277,554);
INSERT INTO api_diplomeobtenu_notes VALUES(555,278,555);
INSERT INTO api_diplomeobtenu_notes VALUES(556,278,556);
INSERT INTO api_diplomeobtenu_notes VALUES(557,279,557);
INSERT INTO api_diplomeobtenu_notes VALUES(558,279,558);
INSERT INTO api_diplomeobtenu_notes VALUES(559,280,560);
INSERT INTO api_diplomeobtenu_notes VALUES(560,280,559);
INSERT INTO api_diplomeobtenu_notes VALUES(561,281,561);
INSERT INTO api_diplomeobtenu_notes VALUES(562,281,562);
INSERT INTO api_diplomeobtenu_notes VALUES(563,282,563);
INSERT INTO api_diplomeobtenu_notes VALUES(564,282,564);
INSERT INTO api_diplomeobtenu_notes VALUES(565,283,565);
INSERT INTO api_diplomeobtenu_notes VALUES(566,283,566);
INSERT INTO api_diplomeobtenu_notes VALUES(567,284,568);
INSERT INTO api_diplomeobtenu_notes VALUES(568,284,567);
INSERT INTO api_diplomeobtenu_notes VALUES(569,285,569);
INSERT INTO api_diplomeobtenu_notes VALUES(570,285,570);
INSERT INTO api_diplomeobtenu_notes VALUES(571,286,571);
INSERT INTO api_diplomeobtenu_notes VALUES(572,286,572);
INSERT INTO api_diplomeobtenu_notes VALUES(573,287,573);
INSERT INTO api_diplomeobtenu_notes VALUES(574,287,574);
INSERT INTO api_diplomeobtenu_notes VALUES(575,288,576);
INSERT INTO api_diplomeobtenu_notes VALUES(576,288,575);
INSERT INTO api_diplomeobtenu_notes VALUES(577,289,577);
INSERT INTO api_diplomeobtenu_notes VALUES(578,289,578);
INSERT INTO api_diplomeobtenu_notes VALUES(579,290,579);
INSERT INTO api_diplomeobtenu_notes VALUES(580,290,580);
INSERT INTO api_diplomeobtenu_notes VALUES(581,291,581);
INSERT INTO api_diplomeobtenu_notes VALUES(582,291,582);
INSERT INTO api_diplomeobtenu_notes VALUES(583,292,584);
INSERT INTO api_diplomeobtenu_notes VALUES(584,292,583);
INSERT INTO api_diplomeobtenu_notes VALUES(585,293,585);
INSERT INTO api_diplomeobtenu_notes VALUES(586,293,586);
INSERT INTO api_diplomeobtenu_notes VALUES(587,294,587);
INSERT INTO api_diplomeobtenu_notes VALUES(588,294,588);
INSERT INTO api_diplomeobtenu_notes VALUES(589,295,589);
INSERT INTO api_diplomeobtenu_notes VALUES(590,295,590);
INSERT INTO api_diplomeobtenu_notes VALUES(591,296,592);
INSERT INTO api_diplomeobtenu_notes VALUES(592,296,591);
INSERT INTO api_diplomeobtenu_notes VALUES(593,297,593);
INSERT INTO api_diplomeobtenu_notes VALUES(594,297,594);
INSERT INTO api_diplomeobtenu_notes VALUES(595,298,595);
INSERT INTO api_diplomeobtenu_notes VALUES(596,298,596);
INSERT INTO api_diplomeobtenu_notes VALUES(597,299,597);
INSERT INTO api_diplomeobtenu_notes VALUES(598,299,598);
INSERT INTO api_diplomeobtenu_notes VALUES(599,300,600);
INSERT INTO api_diplomeobtenu_notes VALUES(600,300,599);
INSERT INTO api_diplomeobtenu_notes VALUES(601,301,601);
INSERT INTO api_diplomeobtenu_notes VALUES(602,301,602);
INSERT INTO api_diplomeobtenu_notes VALUES(603,302,603);
INSERT INTO api_diplomeobtenu_notes VALUES(604,302,604);
INSERT INTO api_diplomeobtenu_notes VALUES(605,303,605);
INSERT INTO api_diplomeobtenu_notes VALUES(606,303,606);
INSERT INTO api_diplomeobtenu_notes VALUES(607,304,608);
INSERT INTO api_diplomeobtenu_notes VALUES(608,304,607);
INSERT INTO api_diplomeobtenu_notes VALUES(609,305,609);
INSERT INTO api_diplomeobtenu_notes VALUES(610,305,610);
INSERT INTO api_diplomeobtenu_notes VALUES(611,306,611);
INSERT INTO api_diplomeobtenu_notes VALUES(612,306,612);
INSERT INTO api_diplomeobtenu_notes VALUES(613,307,613);
INSERT INTO api_diplomeobtenu_notes VALUES(614,307,614);
INSERT INTO api_diplomeobtenu_notes VALUES(615,308,616);
INSERT INTO api_diplomeobtenu_notes VALUES(616,308,615);
INSERT INTO api_diplomeobtenu_notes VALUES(617,309,617);
INSERT INTO api_diplomeobtenu_notes VALUES(618,309,618);
INSERT INTO api_diplomeobtenu_notes VALUES(619,310,619);
INSERT INTO api_diplomeobtenu_notes VALUES(620,310,620);
INSERT INTO api_diplomeobtenu_notes VALUES(621,311,621);
INSERT INTO api_diplomeobtenu_notes VALUES(622,311,622);
INSERT INTO api_diplomeobtenu_notes VALUES(623,312,624);
INSERT INTO api_diplomeobtenu_notes VALUES(624,312,623);
INSERT INTO api_diplomeobtenu_notes VALUES(625,313,625);
INSERT INTO api_diplomeobtenu_notes VALUES(626,313,626);
INSERT INTO api_diplomeobtenu_notes VALUES(627,314,627);
INSERT INTO api_diplomeobtenu_notes VALUES(628,314,628);
INSERT INTO api_diplomeobtenu_notes VALUES(629,315,629);
INSERT INTO api_diplomeobtenu_notes VALUES(630,315,630);
INSERT INTO api_diplomeobtenu_notes VALUES(631,316,632);
INSERT INTO api_diplomeobtenu_notes VALUES(632,316,631);
INSERT INTO api_diplomeobtenu_notes VALUES(633,317,633);
INSERT INTO api_diplomeobtenu_notes VALUES(634,317,634);
INSERT INTO api_diplomeobtenu_notes VALUES(635,318,635);
INSERT INTO api_diplomeobtenu_notes VALUES(636,318,636);
INSERT INTO api_diplomeobtenu_notes VALUES(637,319,637);
INSERT INTO api_diplomeobtenu_notes VALUES(638,319,638);
INSERT INTO api_diplomeobtenu_notes VALUES(639,320,640);
INSERT INTO api_diplomeobtenu_notes VALUES(640,320,639);
INSERT INTO api_diplomeobtenu_notes VALUES(641,321,641);
INSERT INTO api_diplomeobtenu_notes VALUES(642,321,642);
INSERT INTO api_diplomeobtenu_notes VALUES(643,322,643);
INSERT INTO api_diplomeobtenu_notes VALUES(644,322,644);
INSERT INTO api_diplomeobtenu_notes VALUES(645,323,645);
INSERT INTO api_diplomeobtenu_notes VALUES(646,323,646);
INSERT INTO api_diplomeobtenu_notes VALUES(647,324,648);
INSERT INTO api_diplomeobtenu_notes VALUES(648,324,647);
INSERT INTO api_diplomeobtenu_notes VALUES(649,325,649);
INSERT INTO api_diplomeobtenu_notes VALUES(650,325,650);
INSERT INTO api_diplomeobtenu_notes VALUES(651,326,651);
INSERT INTO api_diplomeobtenu_notes VALUES(652,326,652);
INSERT INTO api_diplomeobtenu_notes VALUES(653,327,653);
INSERT INTO api_diplomeobtenu_notes VALUES(654,327,654);
INSERT INTO api_diplomeobtenu_notes VALUES(655,328,656);
INSERT INTO api_diplomeobtenu_notes VALUES(656,328,655);
INSERT INTO api_diplomeobtenu_notes VALUES(657,329,657);
INSERT INTO api_diplomeobtenu_notes VALUES(658,329,658);
INSERT INTO api_diplomeobtenu_notes VALUES(659,330,659);
INSERT INTO api_diplomeobtenu_notes VALUES(660,330,660);
INSERT INTO api_diplomeobtenu_notes VALUES(661,331,661);
INSERT INTO api_diplomeobtenu_notes VALUES(662,331,662);
INSERT INTO api_diplomeobtenu_notes VALUES(663,332,664);
INSERT INTO api_diplomeobtenu_notes VALUES(664,332,663);
INSERT INTO api_diplomeobtenu_notes VALUES(665,333,665);
INSERT INTO api_diplomeobtenu_notes VALUES(666,333,666);
INSERT INTO api_diplomeobtenu_notes VALUES(667,334,667);
INSERT INTO api_diplomeobtenu_notes VALUES(668,334,668);
INSERT INTO api_diplomeobtenu_notes VALUES(669,335,669);
INSERT INTO api_diplomeobtenu_notes VALUES(670,335,670);
INSERT INTO api_diplomeobtenu_notes VALUES(671,336,672);
INSERT INTO api_diplomeobtenu_notes VALUES(672,336,671);
INSERT INTO api_diplomeobtenu_notes VALUES(673,337,673);
INSERT INTO api_diplomeobtenu_notes VALUES(674,337,674);
INSERT INTO api_diplomeobtenu_notes VALUES(675,338,675);
INSERT INTO api_diplomeobtenu_notes VALUES(676,338,676);
INSERT INTO api_diplomeobtenu_notes VALUES(677,339,677);
INSERT INTO api_diplomeobtenu_notes VALUES(678,339,678);
INSERT INTO api_diplomeobtenu_notes VALUES(679,340,680);
INSERT INTO api_diplomeobtenu_notes VALUES(680,340,679);
INSERT INTO api_diplomeobtenu_notes VALUES(681,341,681);
INSERT INTO api_diplomeobtenu_notes VALUES(682,341,682);
INSERT INTO api_diplomeobtenu_notes VALUES(683,342,683);
INSERT INTO api_diplomeobtenu_notes VALUES(684,342,684);
INSERT INTO api_diplomeobtenu_notes VALUES(685,343,685);
INSERT INTO api_diplomeobtenu_notes VALUES(686,343,686);
INSERT INTO api_diplomeobtenu_notes VALUES(687,344,688);
INSERT INTO api_diplomeobtenu_notes VALUES(688,344,687);
INSERT INTO api_diplomeobtenu_notes VALUES(689,345,689);
INSERT INTO api_diplomeobtenu_notes VALUES(690,345,690);
INSERT INTO api_diplomeobtenu_notes VALUES(691,346,691);
INSERT INTO api_diplomeobtenu_notes VALUES(692,346,692);
INSERT INTO api_diplomeobtenu_notes VALUES(693,347,693);
INSERT INTO api_diplomeobtenu_notes VALUES(694,347,694);
INSERT INTO api_diplomeobtenu_notes VALUES(695,348,696);
INSERT INTO api_diplomeobtenu_notes VALUES(696,348,695);
INSERT INTO api_diplomeobtenu_notes VALUES(697,349,697);
INSERT INTO api_diplomeobtenu_notes VALUES(698,349,698);
INSERT INTO api_diplomeobtenu_notes VALUES(699,350,699);
INSERT INTO api_diplomeobtenu_notes VALUES(700,350,700);
INSERT INTO api_diplomeobtenu_notes VALUES(701,351,701);
INSERT INTO api_diplomeobtenu_notes VALUES(702,351,702);
INSERT INTO api_diplomeobtenu_notes VALUES(703,352,704);
INSERT INTO api_diplomeobtenu_notes VALUES(704,352,703);
INSERT INTO api_diplomeobtenu_notes VALUES(705,353,705);
INSERT INTO api_diplomeobtenu_notes VALUES(706,353,706);
INSERT INTO api_diplomeobtenu_notes VALUES(707,354,707);
INSERT INTO api_diplomeobtenu_notes VALUES(708,354,708);
INSERT INTO api_diplomeobtenu_notes VALUES(709,355,709);
INSERT INTO api_diplomeobtenu_notes VALUES(710,355,710);
INSERT INTO api_diplomeobtenu_notes VALUES(711,356,712);
INSERT INTO api_diplomeobtenu_notes VALUES(712,356,711);
INSERT INTO api_diplomeobtenu_notes VALUES(713,357,713);
INSERT INTO api_diplomeobtenu_notes VALUES(714,357,714);
INSERT INTO api_diplomeobtenu_notes VALUES(715,358,715);
INSERT INTO api_diplomeobtenu_notes VALUES(716,358,716);
INSERT INTO api_diplomeobtenu_notes VALUES(717,359,717);
INSERT INTO api_diplomeobtenu_notes VALUES(718,359,718);
INSERT INTO api_diplomeobtenu_notes VALUES(719,360,720);
INSERT INTO api_diplomeobtenu_notes VALUES(720,360,719);
INSERT INTO api_diplomeobtenu_notes VALUES(721,361,721);
INSERT INTO api_diplomeobtenu_notes VALUES(722,361,722);
INSERT INTO api_diplomeobtenu_notes VALUES(723,362,723);
INSERT INTO api_diplomeobtenu_notes VALUES(724,362,724);
INSERT INTO api_diplomeobtenu_notes VALUES(725,363,725);
INSERT INTO api_diplomeobtenu_notes VALUES(726,363,726);
INSERT INTO api_diplomeobtenu_notes VALUES(727,364,728);
INSERT INTO api_diplomeobtenu_notes VALUES(728,364,727);
INSERT INTO api_diplomeobtenu_notes VALUES(729,365,729);
INSERT INTO api_diplomeobtenu_notes VALUES(730,365,730);
INSERT INTO api_diplomeobtenu_notes VALUES(731,366,731);
INSERT INTO api_diplomeobtenu_notes VALUES(732,366,732);
INSERT INTO api_diplomeobtenu_notes VALUES(733,367,733);
INSERT INTO api_diplomeobtenu_notes VALUES(734,367,734);
INSERT INTO api_diplomeobtenu_notes VALUES(735,368,736);
INSERT INTO api_diplomeobtenu_notes VALUES(736,368,735);
INSERT INTO api_diplomeobtenu_notes VALUES(737,369,737);
INSERT INTO api_diplomeobtenu_notes VALUES(738,369,738);
INSERT INTO api_diplomeobtenu_notes VALUES(739,370,739);
INSERT INTO api_diplomeobtenu_notes VALUES(740,370,740);
INSERT INTO api_diplomeobtenu_notes VALUES(741,371,741);
INSERT INTO api_diplomeobtenu_notes VALUES(742,371,742);
INSERT INTO api_diplomeobtenu_notes VALUES(743,372,744);
INSERT INTO api_diplomeobtenu_notes VALUES(744,372,743);
INSERT INTO api_diplomeobtenu_notes VALUES(745,373,745);
INSERT INTO api_diplomeobtenu_notes VALUES(746,373,746);
INSERT INTO api_diplomeobtenu_notes VALUES(747,374,747);
INSERT INTO api_diplomeobtenu_notes VALUES(748,374,748);
INSERT INTO api_diplomeobtenu_notes VALUES(749,375,749);
INSERT INTO api_diplomeobtenu_notes VALUES(750,375,750);
INSERT INTO api_diplomeobtenu_notes VALUES(751,376,752);
INSERT INTO api_diplomeobtenu_notes VALUES(752,376,751);
INSERT INTO api_diplomeobtenu_notes VALUES(753,377,753);
INSERT INTO api_diplomeobtenu_notes VALUES(754,377,754);
INSERT INTO api_diplomeobtenu_notes VALUES(755,378,755);
INSERT INTO api_diplomeobtenu_notes VALUES(756,378,756);
INSERT INTO api_diplomeobtenu_notes VALUES(757,379,757);
INSERT INTO api_diplomeobtenu_notes VALUES(758,379,758);
INSERT INTO api_diplomeobtenu_notes VALUES(759,380,760);
INSERT INTO api_diplomeobtenu_notes VALUES(760,380,759);
INSERT INTO api_diplomeobtenu_notes VALUES(761,381,761);
INSERT INTO api_diplomeobtenu_notes VALUES(762,381,762);
INSERT INTO api_diplomeobtenu_notes VALUES(763,382,763);
INSERT INTO api_diplomeobtenu_notes VALUES(764,382,764);
INSERT INTO api_diplomeobtenu_notes VALUES(765,383,765);
INSERT INTO api_diplomeobtenu_notes VALUES(766,383,766);
INSERT INTO api_diplomeobtenu_notes VALUES(767,384,768);
INSERT INTO api_diplomeobtenu_notes VALUES(768,384,767);
INSERT INTO api_diplomeobtenu_notes VALUES(769,385,769);
INSERT INTO api_diplomeobtenu_notes VALUES(770,385,770);
INSERT INTO api_diplomeobtenu_notes VALUES(771,386,771);
INSERT INTO api_diplomeobtenu_notes VALUES(772,386,772);
INSERT INTO api_diplomeobtenu_notes VALUES(773,387,773);
INSERT INTO api_diplomeobtenu_notes VALUES(774,387,774);
INSERT INTO api_diplomeobtenu_notes VALUES(775,388,776);
INSERT INTO api_diplomeobtenu_notes VALUES(776,388,775);
INSERT INTO api_diplomeobtenu_notes VALUES(777,389,777);
INSERT INTO api_diplomeobtenu_notes VALUES(778,389,778);
INSERT INTO api_diplomeobtenu_notes VALUES(779,390,779);
INSERT INTO api_diplomeobtenu_notes VALUES(780,390,780);
INSERT INTO api_diplomeobtenu_notes VALUES(781,391,781);
INSERT INTO api_diplomeobtenu_notes VALUES(782,391,782);
INSERT INTO api_diplomeobtenu_notes VALUES(783,392,784);
INSERT INTO api_diplomeobtenu_notes VALUES(784,392,783);
INSERT INTO api_diplomeobtenu_notes VALUES(785,393,785);
INSERT INTO api_diplomeobtenu_notes VALUES(786,393,786);
INSERT INTO api_diplomeobtenu_notes VALUES(787,394,787);
INSERT INTO api_diplomeobtenu_notes VALUES(788,394,788);
INSERT INTO api_diplomeobtenu_notes VALUES(789,395,789);
INSERT INTO api_diplomeobtenu_notes VALUES(790,395,790);
INSERT INTO api_diplomeobtenu_notes VALUES(791,396,792);
INSERT INTO api_diplomeobtenu_notes VALUES(792,396,791);
INSERT INTO api_diplomeobtenu_notes VALUES(793,397,793);
INSERT INTO api_diplomeobtenu_notes VALUES(794,397,794);
INSERT INTO api_diplomeobtenu_notes VALUES(795,398,795);
INSERT INTO api_diplomeobtenu_notes VALUES(796,398,796);
INSERT INTO api_diplomeobtenu_notes VALUES(797,399,797);
INSERT INTO api_diplomeobtenu_notes VALUES(798,399,798);
INSERT INTO api_diplomeobtenu_notes VALUES(799,400,800);
INSERT INTO api_diplomeobtenu_notes VALUES(800,400,799);
INSERT INTO api_diplomeobtenu_notes VALUES(801,401,801);
INSERT INTO api_diplomeobtenu_notes VALUES(802,401,802);
INSERT INTO api_diplomeobtenu_notes VALUES(803,402,803);
INSERT INTO api_diplomeobtenu_notes VALUES(804,402,804);
INSERT INTO api_diplomeobtenu_notes VALUES(805,403,805);
INSERT INTO api_diplomeobtenu_notes VALUES(806,403,806);
INSERT INTO api_diplomeobtenu_notes VALUES(807,404,808);
INSERT INTO api_diplomeobtenu_notes VALUES(808,404,807);
INSERT INTO api_diplomeobtenu_notes VALUES(809,405,809);
INSERT INTO api_diplomeobtenu_notes VALUES(810,405,810);
INSERT INTO api_diplomeobtenu_notes VALUES(811,406,811);
INSERT INTO api_diplomeobtenu_notes VALUES(812,406,812);
INSERT INTO api_diplomeobtenu_notes VALUES(813,407,813);
INSERT INTO api_diplomeobtenu_notes VALUES(814,407,814);
INSERT INTO api_diplomeobtenu_notes VALUES(815,408,816);
INSERT INTO api_diplomeobtenu_notes VALUES(816,408,815);
INSERT INTO api_diplomeobtenu_notes VALUES(817,409,817);
INSERT INTO api_diplomeobtenu_notes VALUES(818,409,818);
INSERT INTO api_diplomeobtenu_notes VALUES(819,410,819);
INSERT INTO api_diplomeobtenu_notes VALUES(820,410,820);
INSERT INTO api_diplomeobtenu_notes VALUES(821,411,821);
INSERT INTO api_diplomeobtenu_notes VALUES(822,411,822);
INSERT INTO api_diplomeobtenu_notes VALUES(823,412,824);
INSERT INTO api_diplomeobtenu_notes VALUES(824,412,823);
INSERT INTO api_diplomeobtenu_notes VALUES(825,413,825);
INSERT INTO api_diplomeobtenu_notes VALUES(826,413,826);
INSERT INTO api_diplomeobtenu_notes VALUES(827,414,827);
INSERT INTO api_diplomeobtenu_notes VALUES(828,414,828);
INSERT INTO api_diplomeobtenu_notes VALUES(829,415,829);
INSERT INTO api_diplomeobtenu_notes VALUES(830,415,830);
INSERT INTO api_diplomeobtenu_notes VALUES(831,416,832);
INSERT INTO api_diplomeobtenu_notes VALUES(832,416,831);
INSERT INTO api_diplomeobtenu_notes VALUES(833,417,833);
INSERT INTO api_diplomeobtenu_notes VALUES(834,417,834);
INSERT INTO api_diplomeobtenu_notes VALUES(835,418,835);
INSERT INTO api_diplomeobtenu_notes VALUES(836,418,836);
INSERT INTO api_diplomeobtenu_notes VALUES(837,419,837);
INSERT INTO api_diplomeobtenu_notes VALUES(838,419,838);
INSERT INTO api_diplomeobtenu_notes VALUES(839,420,840);
INSERT INTO api_diplomeobtenu_notes VALUES(840,420,839);
INSERT INTO api_diplomeobtenu_notes VALUES(841,421,841);
INSERT INTO api_diplomeobtenu_notes VALUES(842,421,842);
INSERT INTO api_diplomeobtenu_notes VALUES(843,422,843);
INSERT INTO api_diplomeobtenu_notes VALUES(844,422,844);
INSERT INTO api_diplomeobtenu_notes VALUES(845,423,845);
INSERT INTO api_diplomeobtenu_notes VALUES(846,423,846);
INSERT INTO api_diplomeobtenu_notes VALUES(847,424,848);
INSERT INTO api_diplomeobtenu_notes VALUES(848,424,847);
INSERT INTO api_diplomeobtenu_notes VALUES(849,425,849);
INSERT INTO api_diplomeobtenu_notes VALUES(850,425,850);
INSERT INTO api_diplomeobtenu_notes VALUES(851,426,851);
INSERT INTO api_diplomeobtenu_notes VALUES(852,426,852);
INSERT INTO api_diplomeobtenu_notes VALUES(853,427,853);
INSERT INTO api_diplomeobtenu_notes VALUES(854,427,854);
INSERT INTO api_diplomeobtenu_notes VALUES(855,428,856);
INSERT INTO api_diplomeobtenu_notes VALUES(856,428,855);
INSERT INTO api_diplomeobtenu_notes VALUES(857,429,857);
INSERT INTO api_diplomeobtenu_notes VALUES(858,429,858);
INSERT INTO api_diplomeobtenu_notes VALUES(859,430,859);
INSERT INTO api_diplomeobtenu_notes VALUES(860,430,860);
INSERT INTO api_diplomeobtenu_notes VALUES(861,431,861);
INSERT INTO api_diplomeobtenu_notes VALUES(862,431,862);
INSERT INTO api_diplomeobtenu_notes VALUES(863,432,864);
INSERT INTO api_diplomeobtenu_notes VALUES(864,432,863);
INSERT INTO api_diplomeobtenu_notes VALUES(865,433,865);
INSERT INTO api_diplomeobtenu_notes VALUES(866,433,866);
INSERT INTO api_diplomeobtenu_notes VALUES(867,434,867);
INSERT INTO api_diplomeobtenu_notes VALUES(868,434,868);
INSERT INTO api_diplomeobtenu_notes VALUES(869,435,869);
INSERT INTO api_diplomeobtenu_notes VALUES(870,435,870);
INSERT INTO api_diplomeobtenu_notes VALUES(871,436,872);
INSERT INTO api_diplomeobtenu_notes VALUES(872,436,871);
INSERT INTO api_diplomeobtenu_notes VALUES(873,437,873);
INSERT INTO api_diplomeobtenu_notes VALUES(874,437,874);
INSERT INTO api_diplomeobtenu_notes VALUES(875,438,875);
INSERT INTO api_diplomeobtenu_notes VALUES(876,438,876);
INSERT INTO api_diplomeobtenu_notes VALUES(877,439,877);
INSERT INTO api_diplomeobtenu_notes VALUES(878,439,878);
INSERT INTO api_diplomeobtenu_notes VALUES(879,440,880);
INSERT INTO api_diplomeobtenu_notes VALUES(880,440,879);
INSERT INTO api_diplomeobtenu_notes VALUES(881,441,881);
INSERT INTO api_diplomeobtenu_notes VALUES(882,441,882);
INSERT INTO api_diplomeobtenu_notes VALUES(883,442,883);
INSERT INTO api_diplomeobtenu_notes VALUES(884,442,884);
INSERT INTO api_diplomeobtenu_notes VALUES(885,443,885);
INSERT INTO api_diplomeobtenu_notes VALUES(886,443,886);
INSERT INTO api_diplomeobtenu_notes VALUES(887,444,888);
INSERT INTO api_diplomeobtenu_notes VALUES(888,444,887);
INSERT INTO api_diplomeobtenu_notes VALUES(889,445,889);
INSERT INTO api_diplomeobtenu_notes VALUES(890,445,890);
INSERT INTO api_diplomeobtenu_notes VALUES(891,446,891);
INSERT INTO api_diplomeobtenu_notes VALUES(892,446,892);
INSERT INTO api_diplomeobtenu_notes VALUES(893,447,893);
INSERT INTO api_diplomeobtenu_notes VALUES(894,447,894);
INSERT INTO api_diplomeobtenu_notes VALUES(895,448,896);
INSERT INTO api_diplomeobtenu_notes VALUES(896,448,895);
INSERT INTO api_diplomeobtenu_notes VALUES(897,449,897);
INSERT INTO api_diplomeobtenu_notes VALUES(898,449,898);
INSERT INTO api_diplomeobtenu_notes VALUES(899,450,899);
INSERT INTO api_diplomeobtenu_notes VALUES(900,450,900);
INSERT INTO api_diplomeobtenu_notes VALUES(901,451,901);
INSERT INTO api_diplomeobtenu_notes VALUES(902,451,902);
INSERT INTO api_diplomeobtenu_notes VALUES(903,452,904);
INSERT INTO api_diplomeobtenu_notes VALUES(904,452,903);
INSERT INTO api_diplomeobtenu_notes VALUES(905,453,905);
INSERT INTO api_diplomeobtenu_notes VALUES(906,453,906);
INSERT INTO api_diplomeobtenu_notes VALUES(907,454,907);
INSERT INTO api_diplomeobtenu_notes VALUES(908,454,908);
INSERT INTO api_diplomeobtenu_notes VALUES(909,455,909);
INSERT INTO api_diplomeobtenu_notes VALUES(910,455,910);
INSERT INTO api_diplomeobtenu_notes VALUES(911,456,912);
INSERT INTO api_diplomeobtenu_notes VALUES(912,456,911);
INSERT INTO api_diplomeobtenu_notes VALUES(913,457,913);
INSERT INTO api_diplomeobtenu_notes VALUES(914,457,914);
INSERT INTO api_diplomeobtenu_notes VALUES(915,458,915);
INSERT INTO api_diplomeobtenu_notes VALUES(916,458,916);
INSERT INTO api_diplomeobtenu_notes VALUES(917,459,917);
INSERT INTO api_diplomeobtenu_notes VALUES(918,459,918);
INSERT INTO api_diplomeobtenu_notes VALUES(919,460,920);
INSERT INTO api_diplomeobtenu_notes VALUES(920,460,919);
INSERT INTO api_diplomeobtenu_notes VALUES(921,461,921);
INSERT INTO api_diplomeobtenu_notes VALUES(922,461,922);
INSERT INTO api_diplomeobtenu_notes VALUES(923,462,923);
INSERT INTO api_diplomeobtenu_notes VALUES(924,462,924);
INSERT INTO api_diplomeobtenu_notes VALUES(925,463,925);
INSERT INTO api_diplomeobtenu_notes VALUES(926,463,926);
INSERT INTO api_diplomeobtenu_notes VALUES(927,464,928);
INSERT INTO api_diplomeobtenu_notes VALUES(928,464,927);
INSERT INTO api_diplomeobtenu_notes VALUES(929,465,929);
INSERT INTO api_diplomeobtenu_notes VALUES(930,465,930);
INSERT INTO api_diplomeobtenu_notes VALUES(931,466,931);
INSERT INTO api_diplomeobtenu_notes VALUES(932,466,932);
INSERT INTO api_diplomeobtenu_notes VALUES(933,467,933);
INSERT INTO api_diplomeobtenu_notes VALUES(934,467,934);
INSERT INTO api_diplomeobtenu_notes VALUES(935,468,936);
INSERT INTO api_diplomeobtenu_notes VALUES(936,468,935);
INSERT INTO api_diplomeobtenu_notes VALUES(937,469,937);
INSERT INTO api_diplomeobtenu_notes VALUES(938,469,938);
INSERT INTO api_diplomeobtenu_notes VALUES(939,470,939);
INSERT INTO api_diplomeobtenu_notes VALUES(940,470,940);
INSERT INTO api_diplomeobtenu_notes VALUES(941,471,941);
INSERT INTO api_diplomeobtenu_notes VALUES(942,471,942);
INSERT INTO api_diplomeobtenu_notes VALUES(943,472,944);
INSERT INTO api_diplomeobtenu_notes VALUES(944,472,943);
INSERT INTO api_diplomeobtenu_notes VALUES(945,473,945);
INSERT INTO api_diplomeobtenu_notes VALUES(946,473,946);
INSERT INTO api_diplomeobtenu_notes VALUES(947,474,947);
INSERT INTO api_diplomeobtenu_notes VALUES(948,474,948);
INSERT INTO api_diplomeobtenu_notes VALUES(949,475,949);
INSERT INTO api_diplomeobtenu_notes VALUES(950,475,950);
INSERT INTO api_diplomeobtenu_notes VALUES(951,476,952);
INSERT INTO api_diplomeobtenu_notes VALUES(952,476,951);
INSERT INTO api_diplomeobtenu_notes VALUES(953,477,953);
INSERT INTO api_diplomeobtenu_notes VALUES(954,477,954);
INSERT INTO api_diplomeobtenu_notes VALUES(955,478,955);
INSERT INTO api_diplomeobtenu_notes VALUES(956,478,956);
INSERT INTO api_diplomeobtenu_notes VALUES(957,479,957);
INSERT INTO api_diplomeobtenu_notes VALUES(958,479,958);
INSERT INTO api_diplomeobtenu_notes VALUES(959,480,960);
INSERT INTO api_diplomeobtenu_notes VALUES(960,480,959);
INSERT INTO api_diplomeobtenu_notes VALUES(961,481,961);
INSERT INTO api_diplomeobtenu_notes VALUES(962,481,962);
INSERT INTO api_diplomeobtenu_notes VALUES(963,482,963);
INSERT INTO api_diplomeobtenu_notes VALUES(964,482,964);
INSERT INTO api_diplomeobtenu_notes VALUES(965,483,965);
INSERT INTO api_diplomeobtenu_notes VALUES(966,483,966);
INSERT INTO api_diplomeobtenu_notes VALUES(967,484,968);
INSERT INTO api_diplomeobtenu_notes VALUES(968,484,967);
INSERT INTO api_diplomeobtenu_notes VALUES(969,485,969);
INSERT INTO api_diplomeobtenu_notes VALUES(970,485,970);
INSERT INTO api_diplomeobtenu_notes VALUES(971,486,971);
INSERT INTO api_diplomeobtenu_notes VALUES(972,486,972);
INSERT INTO api_diplomeobtenu_notes VALUES(973,487,973);
INSERT INTO api_diplomeobtenu_notes VALUES(974,487,974);
INSERT INTO api_diplomeobtenu_notes VALUES(975,488,976);
INSERT INTO api_diplomeobtenu_notes VALUES(976,488,975);
INSERT INTO api_diplomeobtenu_notes VALUES(977,489,977);
INSERT INTO api_diplomeobtenu_notes VALUES(978,489,978);
INSERT INTO api_diplomeobtenu_notes VALUES(979,490,979);
INSERT INTO api_diplomeobtenu_notes VALUES(980,490,980);
INSERT INTO api_diplomeobtenu_notes VALUES(981,491,981);
INSERT INTO api_diplomeobtenu_notes VALUES(982,491,982);
INSERT INTO api_diplomeobtenu_notes VALUES(983,492,984);
INSERT INTO api_diplomeobtenu_notes VALUES(984,492,983);
INSERT INTO api_diplomeobtenu_notes VALUES(985,493,985);
INSERT INTO api_diplomeobtenu_notes VALUES(986,493,986);
INSERT INTO api_diplomeobtenu_notes VALUES(987,494,987);
INSERT INTO api_diplomeobtenu_notes VALUES(988,494,988);
INSERT INTO api_diplomeobtenu_notes VALUES(989,495,989);
INSERT INTO api_diplomeobtenu_notes VALUES(990,495,990);
INSERT INTO api_diplomeobtenu_notes VALUES(991,496,992);
INSERT INTO api_diplomeobtenu_notes VALUES(992,496,991);
INSERT INTO api_diplomeobtenu_notes VALUES(993,497,993);
INSERT INTO api_diplomeobtenu_notes VALUES(994,497,994);
INSERT INTO api_diplomeobtenu_notes VALUES(995,498,995);
INSERT INTO api_diplomeobtenu_notes VALUES(996,498,996);
INSERT INTO api_diplomeobtenu_notes VALUES(997,499,997);
INSERT INTO api_diplomeobtenu_notes VALUES(998,499,998);
INSERT INTO api_diplomeobtenu_notes VALUES(999,500,1000);
INSERT INTO api_diplomeobtenu_notes VALUES(1000,500,999);
INSERT INTO api_diplomeobtenu_notes VALUES(1001,501,1001);
INSERT INTO api_diplomeobtenu_notes VALUES(1002,501,1002);
INSERT INTO api_diplomeobtenu_notes VALUES(1003,502,1003);
INSERT INTO api_diplomeobtenu_notes VALUES(1004,502,1004);
INSERT INTO api_diplomeobtenu_notes VALUES(1005,503,1005);
INSERT INTO api_diplomeobtenu_notes VALUES(1006,503,1006);
INSERT INTO api_diplomeobtenu_notes VALUES(1007,504,1008);
INSERT INTO api_diplomeobtenu_notes VALUES(1008,504,1007);
INSERT INTO api_diplomeobtenu_notes VALUES(1009,505,1009);
INSERT INTO api_diplomeobtenu_notes VALUES(1010,505,1010);
INSERT INTO api_diplomeobtenu_notes VALUES(1011,506,1011);
INSERT INTO api_diplomeobtenu_notes VALUES(1012,506,1012);
INSERT INTO api_diplomeobtenu_notes VALUES(1013,507,1013);
INSERT INTO api_diplomeobtenu_notes VALUES(1014,507,1014);
INSERT INTO api_diplomeobtenu_notes VALUES(1015,508,1016);
INSERT INTO api_diplomeobtenu_notes VALUES(1016,508,1015);
INSERT INTO api_diplomeobtenu_notes VALUES(1017,509,1017);
INSERT INTO api_diplomeobtenu_notes VALUES(1018,509,1018);
INSERT INTO api_diplomeobtenu_notes VALUES(1019,510,1019);
INSERT INTO api_diplomeobtenu_notes VALUES(1020,510,1020);
INSERT INTO api_diplomeobtenu_notes VALUES(1021,511,1021);
INSERT INTO api_diplomeobtenu_notes VALUES(1022,511,1022);
INSERT INTO api_diplomeobtenu_notes VALUES(1023,512,1024);
INSERT INTO api_diplomeobtenu_notes VALUES(1024,512,1023);
INSERT INTO api_diplomeobtenu_notes VALUES(1025,513,1025);
INSERT INTO api_diplomeobtenu_notes VALUES(1026,513,1026);
INSERT INTO api_diplomeobtenu_notes VALUES(1027,514,1027);
INSERT INTO api_diplomeobtenu_notes VALUES(1028,514,1028);
INSERT INTO api_diplomeobtenu_notes VALUES(1029,515,1029);
INSERT INTO api_diplomeobtenu_notes VALUES(1030,515,1030);
INSERT INTO api_diplomeobtenu_notes VALUES(1031,516,1032);
INSERT INTO api_diplomeobtenu_notes VALUES(1032,516,1031);
INSERT INTO api_diplomeobtenu_notes VALUES(1033,517,1033);
INSERT INTO api_diplomeobtenu_notes VALUES(1034,517,1034);
INSERT INTO api_diplomeobtenu_notes VALUES(1035,518,1035);
INSERT INTO api_diplomeobtenu_notes VALUES(1036,518,1036);
INSERT INTO api_diplomeobtenu_notes VALUES(1037,519,1037);
INSERT INTO api_diplomeobtenu_notes VALUES(1038,519,1038);
INSERT INTO api_diplomeobtenu_notes VALUES(1039,520,1040);
INSERT INTO api_diplomeobtenu_notes VALUES(1040,520,1039);
INSERT INTO api_diplomeobtenu_notes VALUES(1041,521,1041);
INSERT INTO api_diplomeobtenu_notes VALUES(1042,521,1042);
INSERT INTO api_diplomeobtenu_notes VALUES(1043,522,1043);
INSERT INTO api_diplomeobtenu_notes VALUES(1044,522,1044);
INSERT INTO api_diplomeobtenu_notes VALUES(1045,523,1045);
INSERT INTO api_diplomeobtenu_notes VALUES(1046,523,1046);
INSERT INTO api_diplomeobtenu_notes VALUES(1047,524,1048);
INSERT INTO api_diplomeobtenu_notes VALUES(1048,524,1047);
INSERT INTO api_diplomeobtenu_notes VALUES(1049,525,1049);
INSERT INTO api_diplomeobtenu_notes VALUES(1050,525,1050);
INSERT INTO api_diplomeobtenu_notes VALUES(1051,526,1051);
INSERT INTO api_diplomeobtenu_notes VALUES(1052,526,1052);
INSERT INTO api_diplomeobtenu_notes VALUES(1053,527,1053);
INSERT INTO api_diplomeobtenu_notes VALUES(1054,527,1054);
INSERT INTO api_diplomeobtenu_notes VALUES(1055,528,1056);
INSERT INTO api_diplomeobtenu_notes VALUES(1056,528,1055);
INSERT INTO api_diplomeobtenu_notes VALUES(1057,529,1057);
INSERT INTO api_diplomeobtenu_notes VALUES(1058,529,1058);
INSERT INTO api_diplomeobtenu_notes VALUES(1059,530,1059);
INSERT INTO api_diplomeobtenu_notes VALUES(1060,530,1060);
INSERT INTO api_diplomeobtenu_notes VALUES(1061,531,1061);
INSERT INTO api_diplomeobtenu_notes VALUES(1062,531,1062);
INSERT INTO api_diplomeobtenu_notes VALUES(1063,532,1064);
INSERT INTO api_diplomeobtenu_notes VALUES(1064,532,1063);
INSERT INTO api_diplomeobtenu_notes VALUES(1065,533,1065);
INSERT INTO api_diplomeobtenu_notes VALUES(1066,533,1066);
INSERT INTO api_diplomeobtenu_notes VALUES(1067,534,1067);
INSERT INTO api_diplomeobtenu_notes VALUES(1068,534,1068);
INSERT INTO api_diplomeobtenu_notes VALUES(1069,535,1069);
INSERT INTO api_diplomeobtenu_notes VALUES(1070,535,1070);
INSERT INTO api_diplomeobtenu_notes VALUES(1071,536,1072);
INSERT INTO api_diplomeobtenu_notes VALUES(1072,536,1071);
INSERT INTO api_diplomeobtenu_notes VALUES(1073,537,1073);
INSERT INTO api_diplomeobtenu_notes VALUES(1074,537,1074);
INSERT INTO api_diplomeobtenu_notes VALUES(1075,538,1075);
INSERT INTO api_diplomeobtenu_notes VALUES(1076,538,1076);
INSERT INTO api_diplomeobtenu_notes VALUES(1077,539,1077);
INSERT INTO api_diplomeobtenu_notes VALUES(1078,539,1078);
INSERT INTO api_diplomeobtenu_notes VALUES(1079,540,1080);
INSERT INTO api_diplomeobtenu_notes VALUES(1080,540,1079);
INSERT INTO api_diplomeobtenu_notes VALUES(1081,541,1081);
INSERT INTO api_diplomeobtenu_notes VALUES(1082,541,1082);
INSERT INTO api_diplomeobtenu_notes VALUES(1083,542,1083);
INSERT INTO api_diplomeobtenu_notes VALUES(1084,542,1084);
INSERT INTO api_diplomeobtenu_notes VALUES(1085,543,1085);
INSERT INTO api_diplomeobtenu_notes VALUES(1086,543,1086);
INSERT INTO api_diplomeobtenu_notes VALUES(1087,544,1088);
INSERT INTO api_diplomeobtenu_notes VALUES(1088,544,1087);
INSERT INTO api_diplomeobtenu_notes VALUES(1089,545,1089);
INSERT INTO api_diplomeobtenu_notes VALUES(1090,545,1090);
INSERT INTO api_diplomeobtenu_notes VALUES(1091,546,1091);
INSERT INTO api_diplomeobtenu_notes VALUES(1092,546,1092);
INSERT INTO api_diplomeobtenu_notes VALUES(1093,547,1093);
INSERT INTO api_diplomeobtenu_notes VALUES(1094,547,1094);
INSERT INTO api_diplomeobtenu_notes VALUES(1095,548,1096);
INSERT INTO api_diplomeobtenu_notes VALUES(1096,548,1095);
INSERT INTO api_diplomeobtenu_notes VALUES(1097,549,1097);
INSERT INTO api_diplomeobtenu_notes VALUES(1098,549,1098);
INSERT INTO api_diplomeobtenu_notes VALUES(1099,550,1099);
INSERT INTO api_diplomeobtenu_notes VALUES(1100,550,1100);
INSERT INTO api_diplomeobtenu_notes VALUES(1101,551,1101);
INSERT INTO api_diplomeobtenu_notes VALUES(1102,551,1102);
INSERT INTO api_diplomeobtenu_notes VALUES(1103,552,1104);
INSERT INTO api_diplomeobtenu_notes VALUES(1104,552,1103);
INSERT INTO api_diplomeobtenu_notes VALUES(1105,553,1105);
INSERT INTO api_diplomeobtenu_notes VALUES(1106,553,1106);
INSERT INTO api_diplomeobtenu_notes VALUES(1107,554,1107);
INSERT INTO api_diplomeobtenu_notes VALUES(1108,554,1108);
INSERT INTO api_diplomeobtenu_notes VALUES(1109,555,1109);
INSERT INTO api_diplomeobtenu_notes VALUES(1110,555,1110);
INSERT INTO api_diplomeobtenu_notes VALUES(1111,556,1112);
INSERT INTO api_diplomeobtenu_notes VALUES(1112,556,1111);
INSERT INTO api_diplomeobtenu_notes VALUES(1113,557,1113);
INSERT INTO api_diplomeobtenu_notes VALUES(1114,557,1114);
INSERT INTO api_diplomeobtenu_notes VALUES(1115,558,1115);
INSERT INTO api_diplomeobtenu_notes VALUES(1116,558,1116);
INSERT INTO api_diplomeobtenu_notes VALUES(1117,559,1117);
INSERT INTO api_diplomeobtenu_notes VALUES(1118,559,1118);
INSERT INTO api_diplomeobtenu_notes VALUES(1119,560,1120);
INSERT INTO api_diplomeobtenu_notes VALUES(1120,560,1119);
INSERT INTO api_diplomeobtenu_notes VALUES(1121,561,1121);
INSERT INTO api_diplomeobtenu_notes VALUES(1122,561,1122);
INSERT INTO api_diplomeobtenu_notes VALUES(1123,562,1123);
INSERT INTO api_diplomeobtenu_notes VALUES(1124,562,1124);
INSERT INTO api_diplomeobtenu_notes VALUES(1125,563,1125);
INSERT INTO api_diplomeobtenu_notes VALUES(1126,563,1126);
INSERT INTO api_diplomeobtenu_notes VALUES(1127,564,1128);
INSERT INTO api_diplomeobtenu_notes VALUES(1128,564,1127);
INSERT INTO api_diplomeobtenu_notes VALUES(1129,565,1129);
INSERT INTO api_diplomeobtenu_notes VALUES(1130,565,1130);
INSERT INTO api_diplomeobtenu_notes VALUES(1131,566,1131);
INSERT INTO api_diplomeobtenu_notes VALUES(1132,566,1132);
INSERT INTO api_diplomeobtenu_notes VALUES(1133,567,1133);
INSERT INTO api_diplomeobtenu_notes VALUES(1134,567,1134);
INSERT INTO api_diplomeobtenu_notes VALUES(1135,568,1136);
INSERT INTO api_diplomeobtenu_notes VALUES(1136,568,1135);
INSERT INTO api_diplomeobtenu_notes VALUES(1137,569,1137);
INSERT INTO api_diplomeobtenu_notes VALUES(1138,569,1138);
INSERT INTO api_diplomeobtenu_notes VALUES(1139,570,1139);
INSERT INTO api_diplomeobtenu_notes VALUES(1140,570,1140);
INSERT INTO api_diplomeobtenu_notes VALUES(1141,571,1141);
INSERT INTO api_diplomeobtenu_notes VALUES(1142,571,1142);
INSERT INTO api_diplomeobtenu_notes VALUES(1143,572,1144);
INSERT INTO api_diplomeobtenu_notes VALUES(1144,572,1143);
INSERT INTO api_diplomeobtenu_notes VALUES(1145,573,1145);
INSERT INTO api_diplomeobtenu_notes VALUES(1146,573,1146);
INSERT INTO api_diplomeobtenu_notes VALUES(1147,574,1147);
INSERT INTO api_diplomeobtenu_notes VALUES(1148,574,1148);
INSERT INTO api_diplomeobtenu_notes VALUES(1149,575,1149);
INSERT INTO api_diplomeobtenu_notes VALUES(1150,575,1150);
INSERT INTO api_diplomeobtenu_notes VALUES(1151,576,1152);
INSERT INTO api_diplomeobtenu_notes VALUES(1152,576,1151);
INSERT INTO api_diplomeobtenu_notes VALUES(1153,577,1153);
INSERT INTO api_diplomeobtenu_notes VALUES(1154,577,1154);
INSERT INTO api_diplomeobtenu_notes VALUES(1155,578,1155);
INSERT INTO api_diplomeobtenu_notes VALUES(1156,578,1156);
INSERT INTO api_diplomeobtenu_notes VALUES(1157,579,1157);
INSERT INTO api_diplomeobtenu_notes VALUES(1158,579,1158);
INSERT INTO api_diplomeobtenu_notes VALUES(1159,580,1160);
INSERT INTO api_diplomeobtenu_notes VALUES(1160,580,1159);
INSERT INTO api_diplomeobtenu_notes VALUES(1161,581,1161);
INSERT INTO api_diplomeobtenu_notes VALUES(1162,581,1162);
INSERT INTO api_diplomeobtenu_notes VALUES(1163,582,1163);
INSERT INTO api_diplomeobtenu_notes VALUES(1164,582,1164);
INSERT INTO api_diplomeobtenu_notes VALUES(1165,583,1165);
INSERT INTO api_diplomeobtenu_notes VALUES(1166,583,1166);
INSERT INTO api_diplomeobtenu_notes VALUES(1167,584,1168);
INSERT INTO api_diplomeobtenu_notes VALUES(1168,584,1167);
INSERT INTO api_diplomeobtenu_notes VALUES(1169,585,1169);
INSERT INTO api_diplomeobtenu_notes VALUES(1170,585,1170);
INSERT INTO api_diplomeobtenu_notes VALUES(1171,586,1171);
INSERT INTO api_diplomeobtenu_notes VALUES(1172,586,1172);
INSERT INTO api_diplomeobtenu_notes VALUES(1173,587,1173);
INSERT INTO api_diplomeobtenu_notes VALUES(1174,587,1174);
INSERT INTO api_diplomeobtenu_notes VALUES(1175,588,1176);
INSERT INTO api_diplomeobtenu_notes VALUES(1176,588,1175);
INSERT INTO api_diplomeobtenu_notes VALUES(1177,589,1177);
INSERT INTO api_diplomeobtenu_notes VALUES(1178,589,1178);
INSERT INTO api_diplomeobtenu_notes VALUES(1179,590,1179);
INSERT INTO api_diplomeobtenu_notes VALUES(1180,590,1180);
INSERT INTO api_diplomeobtenu_notes VALUES(1181,591,1181);
INSERT INTO api_diplomeobtenu_notes VALUES(1182,591,1182);
INSERT INTO api_diplomeobtenu_notes VALUES(1183,592,1184);
INSERT INTO api_diplomeobtenu_notes VALUES(1184,592,1183);
INSERT INTO api_diplomeobtenu_notes VALUES(1185,593,1185);
INSERT INTO api_diplomeobtenu_notes VALUES(1186,593,1186);
INSERT INTO api_diplomeobtenu_notes VALUES(1187,594,1187);
INSERT INTO api_diplomeobtenu_notes VALUES(1188,594,1188);
INSERT INTO api_diplomeobtenu_notes VALUES(1189,595,1189);
INSERT INTO api_diplomeobtenu_notes VALUES(1190,595,1190);
INSERT INTO api_diplomeobtenu_notes VALUES(1191,596,1192);
INSERT INTO api_diplomeobtenu_notes VALUES(1192,596,1191);
INSERT INTO api_diplomeobtenu_notes VALUES(1193,597,1193);
INSERT INTO api_diplomeobtenu_notes VALUES(1194,597,1194);
INSERT INTO api_diplomeobtenu_notes VALUES(1195,598,1195);
INSERT INTO api_diplomeobtenu_notes VALUES(1196,598,1196);
INSERT INTO api_diplomeobtenu_notes VALUES(1197,599,1197);
INSERT INTO api_diplomeobtenu_notes VALUES(1198,599,1198);
INSERT INTO api_diplomeobtenu_notes VALUES(1199,600,1200);
INSERT INTO api_diplomeobtenu_notes VALUES(1200,600,1199);
CREATE TABLE IF NOT EXISTS "api_coefficientmatierephase" ("id_coeffmp" integer NOT NULL PRIMARY KEY AUTOINCREMENT, "estPreselection" bool NOT NULL, "coefficient" integer NULL, "matiere_id" integer NULL REFERENCES "api_matiere" ("id_matiere") DEFERRABLE INITIALLY DEFERRED, "specialite_id" integer NULL REFERENCES "api_specialite" ("id_specialite") DEFERRABLE INITIALLY DEFERRED);
INSERT INTO api_coefficientmatierephase VALUES(1,0,5,1,1);
INSERT INTO api_coefficientmatierephase VALUES(2,1,5,1,1);
INSERT INTO api_coefficientmatierephase VALUES(3,0,5,2,1);
INSERT INTO api_coefficientmatierephase VALUES(4,1,5,2,1);
INSERT INTO api_coefficientmatierephase VALUES(5,0,3,3,1);
INSERT INTO api_coefficientmatierephase VALUES(6,1,3,3,1);
INSERT INTO api_coefficientmatierephase VALUES(7,0,2,4,1);
INSERT INTO api_coefficientmatierephase VALUES(8,1,2,4,1);
INSERT INTO api_coefficientmatierephase VALUES(9,0,5,5,1);
INSERT INTO api_coefficientmatierephase VALUES(10,1,5,5,1);
INSERT INTO api_coefficientmatierephase VALUES(11,0,6,1,2);
INSERT INTO api_coefficientmatierephase VALUES(12,1,6,1,2);
INSERT INTO api_coefficientmatierephase VALUES(13,0,6,2,2);
INSERT INTO api_coefficientmatierephase VALUES(14,1,6,2,2);
INSERT INTO api_coefficientmatierephase VALUES(15,0,5,3,2);
INSERT INTO api_coefficientmatierephase VALUES(16,1,5,3,2);
INSERT INTO api_coefficientmatierephase VALUES(17,0,3,4,2);
INSERT INTO api_coefficientmatierephase VALUES(18,1,3,4,2);
INSERT INTO api_coefficientmatierephase VALUES(19,0,5,5,2);
INSERT INTO api_coefficientmatierephase VALUES(20,1,5,5,2);
CREATE TABLE IF NOT EXISTS "api_candidat_notes" ("id" integer NOT NULL PRIMARY KEY AUTOINCREMENT, "candidat_id" integer NOT NULL REFERENCES "api_candidat" ("id_candidat") DEFERRABLE INITIALLY DEFERRED, "note_id" integer NOT NULL REFERENCES "api_note" ("id_note") DEFERRABLE INITIALLY DEFERRED);
CREATE TABLE IF NOT EXISTS "api_utilisateur" ("id" integer NOT NULL PRIMARY KEY AUTOINCREMENT, "password" varchar(128) NOT NULL, "last_login" datetime NULL, "is_superuser" bool NOT NULL, "nom" varchar(100) NOT NULL, "prenom" varchar(100) NOT NULL, "email" varchar(100) NOT NULL, "telephone" varchar(100) NOT NULL, "code_access" varchar(100) NOT NULL UNIQUE, "profil_id" bigint NULL REFERENCES "api_profil" ("id") DEFERRABLE INITIALLY DEFERRED);
INSERT INTO api_utilisateur VALUES(1,'pbkdf2_sha256$600000$ScCeftt79IMaBhOYUDSxNx$nA/UIPvYXOurEnLLaYewL7rGihX7O3OJVDWmiIKZTtY=','2025-06-01 03:56:34.199616',0,'Harris','Benjamin','jlee@example.com','548-428-5296x298','admin123',1);
INSERT INTO api_utilisateur VALUES(2,'pbkdf2_sha256$600000$VU8L8lHw2YS5YNgnLZ2zto$zjOnROt+FDJRDDMe90L0NJecP0k1aLde6UMSe4AYOhs=',NULL,0,'Fox','Michael','lturner@example.org','+1-698-443-6592x609','user123',2);
CREATE TABLE IF NOT EXISTS "api_utilisateur_groups" ("id" integer NOT NULL PRIMARY KEY AUTOINCREMENT, "utilisateur_id" bigint NOT NULL REFERENCES "api_utilisateur" ("id") DEFERRABLE INITIALLY DEFERRED, "group_id" integer NOT NULL REFERENCES "auth_group" ("id") DEFERRABLE INITIALLY DEFERRED);
CREATE TABLE IF NOT EXISTS "api_utilisateur_user_permissions" ("id" integer NOT NULL PRIMARY KEY AUTOINCREMENT, "utilisateur_id" bigint NOT NULL REFERENCES "api_utilisateur" ("id") DEFERRABLE INITIALLY DEFERRED, "permission_id" integer NOT NULL REFERENCES "auth_permission" ("id") DEFERRABLE INITIALLY DEFERRED);
CREATE TABLE IF NOT EXISTS "django_admin_log" ("id" integer NOT NULL PRIMARY KEY AUTOINCREMENT, "object_id" text NULL, "object_repr" varchar(200) NOT NULL, "action_flag" smallint unsigned NOT NULL CHECK ("action_flag" >= 0), "change_message" text NOT NULL, "content_type_id" integer NULL REFERENCES "django_content_type" ("id") DEFERRABLE INITIALLY DEFERRED, "user_id" bigint NOT NULL REFERENCES "api_utilisateur" ("id") DEFERRABLE INITIALLY DEFERRED, "action_time" datetime NOT NULL);
CREATE TABLE IF NOT EXISTS "api_eleve" ("id_eleve" integer NOT NULL PRIMARY KEY AUTOINCREMENT, "nom" varchar(100) NULL, "prenom" varchar(100) NULL, "sexe" varchar(1) NOT NULL, "date_naissance" date NULL, "lieu_naissance" varchar(100) NULL, "telephone" varchar(20) NULL, "email" varchar(254) NULL, "addresse" varchar(100) NULL, "dossier_id" integer NULL REFERENCES "api_dossier" ("id_dossier") DEFERRABLE INITIALLY DEFERRED, "pays_naissance_id" integer NULL REFERENCES "api_pays" ("id_pays") DEFERRABLE INITIALLY DEFERRED, "poids" decimal NOT NULL);
INSERT INTO api_eleve VALUES(1,'Thomas','Richard','M','1999-11-13','Port Scotttown','414-507-8084x384','sandrasmith@example.com',replace('318 Chad Mountain Apt. 526\nSouth Matthewton, NC 69837','\n',char(10)),1,12,0);
INSERT INTO api_eleve VALUES(2,'Carter','Desiree','M','2004-04-26','Matthewstad','520.953.1260x922','stephensmark@example.net',replace('92049 French Plains\nAnnashire, FL 68078','\n',char(10)),2,12,0);
INSERT INTO api_eleve VALUES(3,'Taylor','Richard','M','2003-07-18','Port Amandaberg','001-514-474-7268x5015','karen48@example.net',replace('9524 Berry River\nSouth Justinport, KS 68385','\n',char(10)),3,17,0);
INSERT INTO api_eleve VALUES(4,'Wilson','Sara','F','2004-11-27','New Christina','001-770-324-7991','chad20@example.com',replace('61727 Carol Island\nJohnsonbury, NH 22082','\n',char(10)),4,12,12.5);
INSERT INTO api_eleve VALUES(5,'Cruz','Randall','F','2003-05-01','Lake Kimberly','5858625768','seanmays@example.org',replace('90706 Richard Flat\nWilliambury, SC 17910','\n',char(10)),5,17,0);
INSERT INTO api_eleve VALUES(6,'Lane','Bradley','M','2003-05-28','Pattersonmouth','(970)874-8596','chaneytonya@example.com',replace('0252 Erickson Ports Apt. 699\nLake Joel, VA 49365','\n',char(10)),6,8,0);
INSERT INTO api_eleve VALUES(7,'Jones','Zachary','M','2002-07-29','New Timothy','552.372.2792x694','lauren57@example.net',replace('026 Hart Mission\nPort Matthewport, ME 20010','\n',char(10)),7,11,12.5);
INSERT INTO api_eleve VALUES(8,'Mayer','Donald','F','2007-03-26','Seantown','001-468-228-3668x961','colleenbarron@example.org',replace('Unit 2264 Box 9563\nDPO AA 99696','\n',char(10)),8,3,0);
INSERT INTO api_eleve VALUES(9,'Park','Samantha','F','2006-01-19','West Stephenmouth','(882)694-1462x741','lauren93@example.net',replace('697 Berry Port\nKirbyberg, ME 86279','\n',char(10)),9,11,0);
INSERT INTO api_eleve VALUES(10,'Phillips','Julie','M','2001-08-22','Bensonhaven','(415)979-5654','perryrobert@example.org',replace('437 Willis Camp Apt. 269\nBobbyton, KY 58816','\n',char(10)),10,17,14);
INSERT INTO api_eleve VALUES(11,'Johnson','James','M','2003-09-26','New Richard','273.802.0071x7332','mcmahonstephen@example.com',replace('8013 Barnes Forge\nWest Donaldburgh, PR 88456','\n',char(10)),11,11,0);
INSERT INTO api_eleve VALUES(12,'Stanton','Russell','M','2002-07-22','Smithhaven','001-903-270-2625x77166','colemandaniel@example.net',replace('184 Benjamin Lakes Suite 269\nElainemouth, MD 00928','\n',char(10)),12,10,11);
INSERT INTO api_eleve VALUES(13,'Dennis','Ashlee','M','1999-12-11','Sharonfurt','001-437-719-3152x544','dnichols@example.com',replace('8314 Carolyn Extensions\nSouth Daniel, IL 91570','\n',char(10)),13,18,0);
INSERT INTO api_eleve VALUES(14,'Ingram','Michael','M','2003-09-27','New Todd','(357)772-7634','john20@example.net',replace('15165 Robert Terrace\nHaleberg, VT 89667','\n',char(10)),14,15,0);
INSERT INTO api_eleve VALUES(15,'Daniel','Jesus','M','2007-04-28','Lake Barbara','001-934-682-8598x819','jeffreywerner@example.com',replace('3643 Franklin Villages Apt. 119\nMarkhaven, KY 40330','\n',char(10)),15,2,14);
INSERT INTO api_eleve VALUES(16,'Brown','Matthew','F','2002-09-03','Port Kenneth','928-961-4485x75144','danielalvarado@example.net',replace('08912 Christopher Throughway\nStephensport, AR 87135','\n',char(10)),16,17,0);
INSERT INTO api_eleve VALUES(17,'Wood','Michelle','M','2000-05-03','Lake Marchaven','3254686434','josephward@example.com',replace('90099 Morgan Junctions\nFitzgeraldshire, FL 33931','\n',char(10)),17,20,0);
INSERT INTO api_eleve VALUES(18,'Green','Daniel','M','2000-07-09','New Laurieton','554-203-6382','dorothy63@example.net',replace('60239 David Lights\nHowardchester, UT 87081','\n',char(10)),18,12,0);
INSERT INTO api_eleve VALUES(19,'Harris','Sherry','M','2004-06-18','East Stevenland','614.630.0441','monicasimpson@example.net',replace('65913 Williams Mission\nStewartmouth, UT 49876','\n',char(10)),19,20,0);
INSERT INTO api_eleve VALUES(20,'Cox','Julia','M','2004-03-01','East Josephtown','(586)205-4291x744','wardrussell@example.net',replace('1337 Gillespie Cape Apt. 986\nEast Carl, MP 82881','\n',char(10)),20,21,0);
INSERT INTO api_eleve VALUES(21,'Hendricks','Juan','M','2007-02-18','Seanborough','625.622.3837x867','jeffersontommy@example.net',replace('902 Alvarado Crest Suite 677\nPort David, IN 70994','\n',char(10)),21,12,0);
INSERT INTO api_eleve VALUES(22,'Gibson','Mary','M','2001-11-12','Tammyburgh','324-917-7724x89959','jennifervargas@example.org',replace('72277 Lorraine Rapid\nWilliamside, NC 58675','\n',char(10)),22,20,0);
INSERT INTO api_eleve VALUES(23,'Black','Charles','F','2006-05-13','New Francesview','814-550-0201','franklinjesse@example.org',replace('5582 Diane Mews Suite 120\nNew Jasonstad, NH 87826','\n',char(10)),23,8,0);
INSERT INTO api_eleve VALUES(24,'Simmons','Jessica','M','2004-12-22','Timhaven','+1-731-576-4823','delacruzcatherine@example.net',replace('25039 Vasquez Glen Apt. 809\nLake Tracyshire, ID 58093','\n',char(10)),24,18,0);
INSERT INTO api_eleve VALUES(25,'Copeland','Stephen','M','2005-03-09','Elliottshire','886.222.9407x057','nferguson@example.net',replace('68526 Davis Street Suite 721\nFoxburgh, OH 34561','\n',char(10)),25,18,0);
INSERT INTO api_eleve VALUES(26,'Chapman','Robert','M','2006-08-02','North Sherry','706.461.5571x116','orodgers@example.com',replace('9995 Frank Ranch Suite 991\nPort Patricia, AK 37479','\n',char(10)),26,7,0);
INSERT INTO api_eleve VALUES(27,'Wilson','Adriana','M','2003-03-06','Brenttown','+1-979-342-8877','cgill@example.com',replace('23448 Kendra Via Apt. 789\nNew Karen, WI 70860','\n',char(10)),27,16,0);
INSERT INTO api_eleve VALUES(28,'Wells','Katie','M','2005-08-13','Matthewbury','001-934-656-1701x36385','kford@example.org',replace('03054 Sean Mills Apt. 773\nSouth Susan, WI 08275','\n',char(10)),28,12,0);
INSERT INTO api_eleve VALUES(29,'Chapman','Elizabeth','M','2002-06-30','East David','001-573-805-6850x617','blackmatthew@example.com',replace('7298 Wolf Turnpike Apt. 020\nGutierrezview, IL 54804','\n',char(10)),29,10,0);
INSERT INTO api_eleve VALUES(30,'Flores','Richard','F','2005-11-24','Wheelerhaven','(662)219-9598','whitejulia@example.net',replace('494 Louis Mills Apt. 063\nSouth Dwayneview, AS 07335','\n',char(10)),30,5,9);
INSERT INTO api_eleve VALUES(31,'Davis','Johnny','M','2001-05-07','East Dawnview','001-596-578-0069','briannaprice@example.org',replace('20656 Calderon Throughway\nEast Cherylville, RI 43803','\n',char(10)),31,12,0);
INSERT INTO api_eleve VALUES(32,'Mosley','Cory','F','2006-07-25','East Adam','001-560-846-3480x43153','shannon82@example.org',replace('6683 Shawn Trafficway\nLeahside, TN 56384','\n',char(10)),32,12,10);
INSERT INTO api_eleve VALUES(33,'Gillespie','Ryan','F','2002-04-01','Allenport','+1-702-840-4801x4360','caitlyn64@example.org',replace('52357 Patricia Greens\nReidport, VA 83931','\n',char(10)),33,16,0);
INSERT INTO api_eleve VALUES(34,'Davidson','Troy','M','2002-11-27','Heathhaven','+1-324-824-9952x1860','lstevens@example.com',replace('45417 Alvarez Neck\nJacobsview, MS 28215','\n',char(10)),34,11,0);
INSERT INTO api_eleve VALUES(35,'Mccoy','Charles','F','2007-03-24','North Christinebury','475.692.4740x64684','jamesronald@example.com',replace('8163 Baldwin Flats\nJohnsonfurt, IL 76963','\n',char(10)),35,2,0);
INSERT INTO api_eleve VALUES(36,'Bridges','Maria','M','2002-03-22','East Marc','(356)829-7795x79303','heather18@example.org',replace('9143 William Terrace Apt. 050\nPort Garyfort, RI 48422','\n',char(10)),36,9,0);
INSERT INTO api_eleve VALUES(37,'Chandler','Erica','M','2006-02-26','South Matthew','001-697-658-5425x51568','ashleycastillo@example.com',replace('441 Hernandez Hill\nPort Bridget, AK 31777','\n',char(10)),37,14,0);
INSERT INTO api_eleve VALUES(38,'Knight','Gary','F','2005-04-13','Nicholaston','443-512-3845','davidsmith@example.com',replace('084 Buckley Turnpike\nEast Theresaborough, DC 53062','\n',char(10)),38,21,0);
INSERT INTO api_eleve VALUES(39,'Kerr','Ann','M','2000-04-27','Leburgh','963.329.2607x616','hendersonkaren@example.com',replace('Unit 8843 Box 6018\nDPO AE 63881','\n',char(10)),39,4,0);
INSERT INTO api_eleve VALUES(40,'Williams','Rodney','F','2001-06-20','Holthaven','+1-415-977-6318x815','awagner@example.com',replace('PSC 1330, Box 8457\nAPO AA 06357','\n',char(10)),40,19,0);
INSERT INTO api_eleve VALUES(41,'Tran','Paul','F','2007-03-09','Lake Ashley','922-323-9130x43924','scott92@example.com',replace('59717 Dustin Gateway\nSouth Kerry, ID 60469','\n',char(10)),41,5,0);
INSERT INTO api_eleve VALUES(42,'Mckenzie','Christina','F','2004-09-17','Lopezside','+1-719-221-3005x1428','kristinlopez@example.org',replace('047 Brian Locks\nWebbbury, ID 93277','\n',char(10)),42,9,0);
INSERT INTO api_eleve VALUES(43,'Fisher','Mark','M','2000-10-01','Davisberg','262-307-5338x07727','lisacase@example.com',replace('046 James Loop Suite 571\nNew Charles, OH 27048','\n',char(10)),43,16,0);
INSERT INTO api_eleve VALUES(44,'Smith','Joel','M','2006-02-16','Danielton','663-853-9851x71371','huntersellers@example.net',replace('79865 Sean Burgs\nEast Christy, TX 60786','\n',char(10)),44,3,0);
INSERT INTO api_eleve VALUES(45,'Hernandez','Daniel','F','2004-01-03','Veronicaburgh','(730)706-0423x159','fyork@example.net',replace('39457 Ochoa Oval Suite 294\nCobbview, MI 58404','\n',char(10)),45,11,15.5);
INSERT INTO api_eleve VALUES(46,'Nash','Calvin','F','1999-08-12','East Ashley','393.791.0242','lyonsrick@example.org',replace('065 Roberto Knolls Apt. 617\nDennisland, MH 09727','\n',char(10)),46,6,0);
INSERT INTO api_eleve VALUES(47,'Benitez','Caroline','M','2004-06-14','Saraville','413.779.4547','hickswendy@example.com',replace('PSC 4281, Box 9394\nAPO AP 74546','\n',char(10)),47,2,0);
INSERT INTO api_eleve VALUES(48,'Ibarra','Phillip','F','2002-01-30','Ronaldhaven','998-839-0756x53416','jeremy72@example.org',replace('375 Leonard Locks\nPort Pamela, CA 09827','\n',char(10)),48,2,0);
INSERT INTO api_eleve VALUES(49,'Young','Stephanie','M','2005-07-09','Oconnortown','(955)530-8443x8154','ariana78@example.com',replace('698 Nathan Walk\nPort Jamesland, DC 90004','\n',char(10)),49,2,0);
INSERT INTO api_eleve VALUES(50,'May','George','F','2000-01-25','Port Edwardfurt','355-473-4744','andrew74@example.net',replace('Unit 2854 Box 8917\nDPO AA 61762','\n',char(10)),50,20,14.125);
INSERT INTO api_eleve VALUES(51,'Hurst','Angela','M','2003-10-13','Port William','961.250.0501x5807','clifford48@example.net',replace('078 Ashley Shores\nNew Jeffburgh, VA 84458','\n',char(10)),51,9,0);
INSERT INTO api_eleve VALUES(52,'Robinson','Loretta','F','2005-04-18','New Jonathan','(243)213-8795x309','chungrobert@example.org',replace('25501 Crystal Centers Suite 682\nLake Calvin, MD 63740','\n',char(10)),52,1,0);
INSERT INTO api_eleve VALUES(53,'Williams','Christopher','F','2000-08-09','Feliciaburgh','684-701-1523','benjamin07@example.org',replace('3349 Danny Ports\nWilliamsberg, MT 38302','\n',char(10)),53,21,0);
INSERT INTO api_eleve VALUES(54,'Juarez','Ryan','M','2006-06-30','North Christine','327-615-1482x96866','deborah02@example.org',replace('907 Paul Route\nEast Lauren, MI 90967','\n',char(10)),54,1,0);
INSERT INTO api_eleve VALUES(55,'Lopez','Johnny','M','2000-03-17','West Heatherfort','(570)718-7954x78805','michael63@example.net',replace('025 Bennett Harbor\nGillmouth, WI 43316','\n',char(10)),55,14,0);
INSERT INTO api_eleve VALUES(56,'Gray','Thomas','F','2002-08-29','East Alexandraland','427-272-8933','agay@example.org',replace('69985 Smith Crescent Apt. 260\nKaylaton, MO 66406','\n',char(10)),56,21,0);
INSERT INTO api_eleve VALUES(57,'Liu','Jamie','F','2001-08-26','Port Kimberlytown','(709)598-4287x86428','urhodes@example.net',replace('8990 Meyers Circles\nNorth Brandonville, MO 87941','\n',char(10)),57,12,0);
INSERT INTO api_eleve VALUES(58,'Vaughan','Amanda','M','2004-03-31','Port Rhonda','736.516.4481x6553','justin73@example.com',replace('15639 Gibbs Passage Apt. 133\nNorth Sarah, IA 93822','\n',char(10)),58,12,0);
INSERT INTO api_eleve VALUES(59,'Cunningham','Christopher','M','2006-11-06','Lake Julia','+1-322-262-3620','despinoza@example.com',replace('19737 Hall Oval\nNew Jessica, MP 68809','\n',char(10)),59,7,0);
INSERT INTO api_eleve VALUES(60,'Johnson','Matthew','F','2001-10-19','Jennaside','633.338.6038x93149','fredkirk@example.net',replace('5700 Brian Throughway Suite 308\nSouth Matthew, OR 73700','\n',char(10)),60,19,0);
INSERT INTO api_eleve VALUES(61,'Hall','Katrina','F','2002-09-11','Judystad','398.309.9254','batesjulia@example.com',replace('013 Evan Passage\nJuarezhaven, CO 98618','\n',char(10)),61,16,0);
INSERT INTO api_eleve VALUES(62,'Dunn','Nathan','M','2004-09-13','North Sara','753-346-0296','brucebailey@example.net',replace('49031 Roger Circle Suite 086\nSouth Kimberly, MD 12133','\n',char(10)),62,4,0);
INSERT INTO api_eleve VALUES(63,'Young','Jill','F','2002-04-19','South Paulmouth','(440)255-0611','lewisdebbie@example.com',replace('1005 Williams Viaduct Apt. 700\nNew Samantha, ND 79567','\n',char(10)),63,14,16.5);
INSERT INTO api_eleve VALUES(64,'Olson','Nathan','F','2005-08-28','South Samuel','309-364-0933x5664','amber05@example.com',replace('506 Ashley Spur Apt. 065\nNorth Julia, MH 60291','\n',char(10)),64,12,13.5);
INSERT INTO api_eleve VALUES(65,'Johnson','Kathleen','F','1999-08-15','New Meganfort','638.805.7847x08424','lwilson@example.net',replace('095 Miller Center\nFreemanburgh, OH 58164','\n',char(10)),65,1,0);
INSERT INTO api_eleve VALUES(66,'Black','Guy','M','2003-11-17','Lisaland','493-843-2151','jhodges@example.org',replace('66633 Kenneth Common Apt. 398\nMichaelport, NC 54682','\n',char(10)),66,1,0);
INSERT INTO api_eleve VALUES(67,'Dunn','Daniel','M','2001-03-14','North Heidibury','001-249-238-9002','smithdarlene@example.org',replace('22086 Brandy Lakes Apt. 149\nLeachborough, UT 60623','\n',char(10)),67,13,16);
INSERT INTO api_eleve VALUES(68,'Briggs','Jacob','M','1999-06-02','Lake Nicholastown','4602014626','juliavazquez@example.org',replace('USNV Hunt\nFPO AP 76751','\n',char(10)),68,13,16.375);
INSERT INTO api_eleve VALUES(69,'Scott','Jason','F','2003-04-04','Reidmouth','(559)875-6933','erikaknight@example.org',replace('1695 Jeremy Brook Suite 392\nWest Jasonmouth, NE 58947','\n',char(10)),69,3,12.375);
INSERT INTO api_eleve VALUES(70,'Johnson','Brian','M','2005-05-29','Lake Brian','2914891919','griffinbrianna@example.net',replace('47522 Laura Islands Apt. 640\nLake Christopherton, AZ 80100','\n',char(10)),70,8,0);
INSERT INTO api_eleve VALUES(71,'Johnson','Jon','F','2000-04-13','New Brian','(387)517-0388x96474','mary14@example.com',replace('68220 Ruth Wells\nWest Brookebury, WY 52663','\n',char(10)),71,9,0);
INSERT INTO api_eleve VALUES(72,'Perez','Dylan','F','2003-01-08','Port Cynthia','+1-244-446-3805','joelgonzalez@example.com',replace('288 Pamela Wells\nWest Virginiastad, MS 49413','\n',char(10)),72,16,0);
INSERT INTO api_eleve VALUES(73,'Johnson','Daniel','F','2000-11-15','South Karen','566-486-9107x1579','harveyjacob@example.org',replace('06247 Melissa Crescent Apt. 663\nNorth Paulaport, NV 68997','\n',char(10)),73,21,0);
INSERT INTO api_eleve VALUES(74,'Lewis','Luis','M','2007-05-17','Kingland','452-663-1256x14852','swansonanthony@example.net',replace('901 Stevens Rapids Apt. 324\nNew Sandra, IA 41707','\n',char(10)),74,6,0);
INSERT INTO api_eleve VALUES(75,'Ortiz','Stephen','F','2001-08-05','Erikashire','495-243-7209','tyler53@example.com',replace('Unit 5828 Box 6248\nDPO AE 74534','\n',char(10)),75,13,11);
INSERT INTO api_eleve VALUES(76,'Morgan','Jason','M','2002-02-06','New Samantha','001-999-616-1139','maryneal@example.org',replace('Unit 3566 Box 5611\nDPO AE 08320','\n',char(10)),76,4,0);
INSERT INTO api_eleve VALUES(77,'Campbell','Heather','F','2006-06-24','Lake Peggyhaven','+1-229-465-2970x7706','blanchardashley@example.com',replace('Unit 0528 Box 6172\nDPO AP 89871','\n',char(10)),77,1,0);
INSERT INTO api_eleve VALUES(78,'Nichols','David','M','2006-02-10','Devintown','001-972-488-7672x4473','jjuarez@example.net',replace('8738 Davis Mountain\nBarberhaven, VT 56192','\n',char(10)),78,19,16.75);
INSERT INTO api_eleve VALUES(79,'Taylor','Cameron','F','2006-09-12','Christopherbury','848-957-8229x7800','mwest@example.com',replace('86484 Karen Cove Suite 723\nDillonland, DC 07013','\n',char(10)),79,13,14);
INSERT INTO api_eleve VALUES(80,'Lucas','Melanie','F','2005-03-29','Keyshire','(869)802-9681','calvin34@example.com',replace('98918 Steven Unions Suite 819\nNew Roseborough, AR 29139','\n',char(10)),80,4,11.875);
INSERT INTO api_eleve VALUES(81,'Silva','Gregg','M','2000-05-19','New Karlside','962.248.9943','pamelabaker@example.org',replace('8532 Johnson Branch Suite 760\nSouth Darrellfurt, UT 70891','\n',char(10)),81,2,0);
INSERT INTO api_eleve VALUES(82,'Scott','Robert','M','2001-02-19','Jacobtown','(764)410-0515x2891','jeremy56@example.com',replace('8050 Carmen Prairie Apt. 924\nKellybury, AL 67963','\n',char(10)),82,14,0);
INSERT INTO api_eleve VALUES(83,'Lee','Cynthia','F','2001-12-30','Ellenfort','(895)487-3509','nmiller@example.net',replace('5716 David Loaf\nEast Amber, WA 94722','\n',char(10)),83,4,0);
INSERT INTO api_eleve VALUES(84,'Schmidt','Diana','F','2005-11-27','Stacyview','001-647-511-9936','ftran@example.com',replace('988 Garcia Crest\nCodyborough, MN 58187','\n',char(10)),84,16,0);
INSERT INTO api_eleve VALUES(85,'Morales','Julie','M','2004-03-20','West Melaniechester','510-662-0959x511','kennethdavis@example.org',replace('524 Karen Circle\nNew Brandonburgh, OH 79061','\n',char(10)),85,13,0);
INSERT INTO api_eleve VALUES(86,'Robbins','Kristy','F','2001-04-07','Sandershaven','5213850383','collinsmichelle@example.net',replace('56806 Elliott Centers\nLake Mary, MN 73521','\n',char(10)),86,20,0);
INSERT INTO api_eleve VALUES(87,'Patrick','Martin','F','2004-11-06','East Chad','635.395.0828x124','dana20@example.com',replace('9872 Kenneth Plain Apt. 725\nHannahfurt, WI 06521','\n',char(10)),87,16,0);
INSERT INTO api_eleve VALUES(88,'Rodriguez','Kevin','M','2000-11-02','West Lisamouth','(388)644-5393','ogeorge@example.com',replace('681 Linda Mission\nHayesstad, DE 34908','\n',char(10)),88,7,0);
INSERT INTO api_eleve VALUES(89,'Davis','Dana','F','1999-11-23','Port Brookebury','(254)570-9548x718','qford@example.com',replace('299 Wright Lane\nRobinborough, TX 22049','\n',char(10)),89,17,11.625);
INSERT INTO api_eleve VALUES(90,'Murray','Troy','F','2003-11-09','North Danielle','345-298-4701','renee43@example.net',replace('939 Rivas Junction Apt. 020\nDavidberg, FM 30020','\n',char(10)),90,3,0);
INSERT INTO api_eleve VALUES(91,'Bishop','Kevin','F','2005-03-28','East Mark','001-493-633-3148','perrybrent@example.org',replace('1090 David Stream\nWest Gavin, CT 72908','\n',char(10)),91,16,0);
INSERT INTO api_eleve VALUES(92,'Boyd','Stephanie','F','2000-12-01','Lake Kathy','981-831-3582','qtorres@example.net',replace('6623 Angela Street\nScottside, OH 06536','\n',char(10)),92,4,16.625);
INSERT INTO api_eleve VALUES(93,'Lane','Steven','M','2003-03-04','Matthewton','+1-445-463-2983x033','butlermarie@example.net',replace('264 Jon Ford Apt. 809\nBrianville, KS 75850','\n',char(10)),93,18,0);
INSERT INTO api_eleve VALUES(94,'Hughes','David','M','2000-03-20','East James','(906)577-2051x9838','andrewskathryn@example.org',replace('3362 Anderson Station\nNew Danielborough, MS 12977','\n',char(10)),94,20,0);
INSERT INTO api_eleve VALUES(95,'Ross','Christopher','M','2006-07-15','South Lisa','(960)462-7308x137','victoriahayden@example.com',replace('18378 Brandon Pass\nJefferyburgh, NC 40601','\n',char(10)),95,9,0);
INSERT INTO api_eleve VALUES(96,'Duke','Jason','F','2004-02-25','South Dennis','001-234-379-4398x1209','sspencer@example.org',replace('728 Lopez Point Apt. 355\nStephenborough, NJ 92497','\n',char(10)),96,5,0);
INSERT INTO api_eleve VALUES(97,'Fox','Carl','M','2002-12-04','West Antonio','493-768-6553x9435','jessica43@example.com',replace('86533 Bradshaw Glens\nEast Kevin, OK 24286','\n',char(10)),97,4,0);
INSERT INTO api_eleve VALUES(98,'Thomas','Christina','M','1999-11-09','North Amy','426-389-3886','nguyenchad@example.com',replace('733 Berg Vista Suite 274\nWest William, VA 19228','\n',char(10)),98,16,0);
INSERT INTO api_eleve VALUES(99,'Hudson','Cody','M','2002-05-16','Bradystad','001-679-492-7152x63015','loriwilliams@example.org',replace('97595 Maldonado Haven Suite 647\nGilltown, MI 81592','\n',char(10)),99,3,13);
INSERT INTO api_eleve VALUES(100,'Mccarty','Matthew','F','2005-03-04','South Shannonfurt','511.330.4937','foleyrichard@example.net',replace('4314 Johnny Lakes\nSouth Darius, KS 32675','\n',char(10)),100,11,0);
INSERT INTO api_eleve VALUES(101,'Grimes','Daniel','M','2001-11-18','Aliciaside','686-891-1223','rodriguezmonica@example.net',replace('34969 Pittman Pike Suite 805\nAshleymouth, SD 80073','\n',char(10)),101,13,0);
INSERT INTO api_eleve VALUES(102,'Flores','James','F','1999-12-26','New Mary','9143931256','stephaniecrawford@example.com',replace('455 Robert Crest\nSarahbury, VA 55209','\n',char(10)),102,16,0);
INSERT INTO api_eleve VALUES(103,'Martinez','Lisa','F','2002-01-18','West Susanport','(833)592-7543x6785','cheryl15@example.com',replace('6861 Perez Skyway Suite 129\nHunterstad, PR 23663','\n',char(10)),103,1,0);
INSERT INTO api_eleve VALUES(104,'Stanton','Eric','M','2005-06-20','New Karen','+1-508-517-3697x936','csoto@example.org',replace('33570 Maria Camp Suite 602\nWoodshire, DE 79428','\n',char(10)),104,19,0);
INSERT INTO api_eleve VALUES(105,'Weiss','Mark','M','2000-04-21','Kristentown','618.997.8933x98437','cjones@example.com',replace('443 Rhonda Turnpike\nWalterton, DC 25628','\n',char(10)),105,3,9.375);
INSERT INTO api_eleve VALUES(106,'Ball','Sean','F','2003-10-11','Port Samuelstad','870.751.0725','ramseymaria@example.net',replace('212 Ross Locks Suite 157\nEast Susanport, UT 10229','\n',char(10)),106,9,15);
INSERT INTO api_eleve VALUES(107,'Hanna','Eric','M','2004-11-13','Hartside','662-494-2122','philipking@example.org',replace('PSC 2345, Box 1977\nAPO AA 62771','\n',char(10)),107,7,0);
INSERT INTO api_eleve VALUES(108,'Jacobs','Lisa','M','2002-09-27','Wileyside','+1-686-219-8996','edwinlong@example.org',replace('19532 Mcgrath Mall\nBakerchester, AR 79176','\n',char(10)),108,2,9.875);
INSERT INTO api_eleve VALUES(109,'Strong','Heather','M','2007-01-04','Port Kimberlyville','+1-644-277-2486x1376','alexandria66@example.net',replace('22814 Butler Glen\nWest James, OK 11680','\n',char(10)),109,15,0);
INSERT INTO api_eleve VALUES(110,'Bell','Michael','F','2004-11-17','Lake Alexander','+1-649-264-9867x51330','kaylee59@example.net',replace('47472 Williams Summit Suite 611\nNorth Stephen, VI 89227','\n',char(10)),110,18,0);
INSERT INTO api_eleve VALUES(111,'Moses','Tyler','M','2005-12-01','New Abigailberg','331-566-2745x611','kochmichael@example.org',replace('6004 Christopher Squares Suite 868\nEast Victoriaton, CO 60764','\n',char(10)),111,7,0);
INSERT INTO api_eleve VALUES(112,'Waters','Wanda','M','2001-12-28','Lake Robinside','+1-401-221-0589x090','thernandez@example.org',replace('3238 Trevor Wall Apt. 087\nPort Johntown, AS 35326','\n',char(10)),112,20,16.625);
INSERT INTO api_eleve VALUES(113,'Huang','Nicole','M','2006-01-19','Davidfurt','365-922-5577','vcampbell@example.org',replace('62416 Isaiah Point Suite 961\nPort Toddport, DE 49907','\n',char(10)),113,1,0);
INSERT INTO api_eleve VALUES(114,'Martinez','Abigail','M','2006-08-10','New Kyle','001-396-724-4898x52991','joannehoward@example.org',replace('448 Lauren View Apt. 075\nWest Christina, GA 52404','\n',char(10)),114,12,0);
INSERT INTO api_eleve VALUES(115,'Mendoza','Marcus','M','2006-10-30','East Kristi','001-422-591-8419','ryantasha@example.com',replace('53761 Martin Drive\nJoshuamouth, LA 66643','\n',char(10)),115,17,0);
INSERT INTO api_eleve VALUES(116,'Smith','Amy','M','2000-02-11','Shermanside','001-485-544-9427','hayeschristopher@example.com',replace('11027 James Crescent\nPort Kristenmouth, MI 29645','\n',char(10)),116,9,0);
INSERT INTO api_eleve VALUES(117,'Cook','Courtney','M','2000-02-12','Deborahtown','+1-394-575-9864x004','kevinhawkins@example.org',replace('75108 Gregory Meadow\nMurphyborough, OK 76355','\n',char(10)),117,2,0);
INSERT INTO api_eleve VALUES(118,'Steele','Abigail','F','1999-12-12','Joshuaberg','986-559-1603x322','pmeyer@example.com',replace('864 Castro Meadows Suite 785\nAnnetteview, RI 33220','\n',char(10)),118,12,0);
INSERT INTO api_eleve VALUES(119,'Fernandez','Diana','M','2001-08-13','Hortonchester','+1-484-473-5137x316','jack58@example.org',replace('895 Hunter Cliffs Suite 431\nGeraldview, MH 73939','\n',char(10)),119,18,0);
INSERT INTO api_eleve VALUES(120,'Flores','Alexander','M','2005-07-26','Adamport','228-431-9280x9238','veleztodd@example.net',replace('USCGC Henderson\nFPO AA 09766','\n',char(10)),120,15,0);
INSERT INTO api_eleve VALUES(121,'Cole','Savannah','F','2000-05-10','Claytonside','8224929355','teresa36@example.net',replace('92070 Adam Road Apt. 333\nNorth Richardmouth, VA 25487','\n',char(10)),121,9,11.5);
INSERT INTO api_eleve VALUES(122,'Jones','Robert','M','2007-03-07','Shanemouth','720.318.3806','bailey17@example.com',replace('460 Young Gardens\nSouth Patriciaville, VA 33671','\n',char(10)),122,17,15.5);
INSERT INTO api_eleve VALUES(123,'Young','Billy','F','1999-12-24','Fergusonborough','8735102747','brandonday@example.net',replace('53357 Eugene Glens Suite 808\nPort Karen, GA 06799','\n',char(10)),123,3,0);
INSERT INTO api_eleve VALUES(124,'Wood','Tina','F','2004-04-14','West Lynnport','695-900-3870x850','qmartinez@example.org',replace('4653 Nicole Cliffs\nTeresafort, MH 46456','\n',char(10)),124,9,0);
INSERT INTO api_eleve VALUES(125,'Sherman','Cynthia','M','2007-05-22','Smithbury','(826)531-5061x53391','lvega@example.org',replace('486 Miller Springs Suite 693\nThomasmouth, PR 28052','\n',char(10)),125,1,0);
INSERT INTO api_eleve VALUES(126,'Willis','Joanne','M','2002-07-04','Toddborough','+1-983-886-3819x583','triciariley@example.net',replace('41825 David Causeway\nNorth Amberbury, TN 60951','\n',char(10)),126,18,0);
INSERT INTO api_eleve VALUES(127,'Hicks','Pamela','M','1999-11-03','West Shirleytown','(298)383-4136x79813','xmcmahon@example.org',replace('15646 Nicole Shore\nMaryside, FL 90789','\n',char(10)),127,15,0);
INSERT INTO api_eleve VALUES(128,'Horn','Mark','F','2005-11-11','Porterland','001-764-274-2992x71906','hcox@example.com',replace('091 Rickey Pine Apt. 140\nPort Dawn, IA 27340','\n',char(10)),128,11,0);
INSERT INTO api_eleve VALUES(129,'Hill','Kevin','M','2001-06-15','Steveburgh','660.208.6790x67478','jasonjenkins@example.com',replace('PSC 9934, Box 9875\nAPO AE 44511','\n',char(10)),129,13,16);
INSERT INTO api_eleve VALUES(130,'Sandoval','Theresa','F','2005-12-04','Isabellaland','829.877.5860','aschroeder@example.net',replace('4264 Ellis Pine Suite 074\nPort Michaelstad, VI 11786','\n',char(10)),130,11,0);
INSERT INTO api_eleve VALUES(131,'Rose','Kevin','F','2000-12-29','Burnsfort','4147877525','rogersdavid@example.org',replace('030 Hayley Meadow\nNorth Stephanie, MA 20273','\n',char(10)),131,14,0);
INSERT INTO api_eleve VALUES(132,'Miranda','Jeremy','F','2001-01-23','South Megan','(314)533-7315x3813','kellybennett@example.org',replace('4366 Edgar Club\nEast Loriburgh, MN 59006','\n',char(10)),132,6,0);
INSERT INTO api_eleve VALUES(133,'Cruz','Aaron','M','2002-08-23','Deborahland','001-867-746-4539x5660','poolebrittany@example.com',replace('97014 Mcdonald Shoal Suite 311\nHughestown, ME 02250','\n',char(10)),133,11,0);
INSERT INTO api_eleve VALUES(134,'Obrien','Maria','M','2003-11-14','East Robertshire','855-614-2697x856','iwilson@example.net',replace('33837 Kevin Trail Apt. 479\nMichellestad, OR 30843','\n',char(10)),134,17,0);
INSERT INTO api_eleve VALUES(135,'Gonzales','Shari','F','2001-06-21','South David','661.635.5091x10304','navarrojoseph@example.org',replace('469 Jennifer Expressway Apt. 830\nNew Timothy, AS 04956','\n',char(10)),135,3,0);
INSERT INTO api_eleve VALUES(136,'Welch','Maxwell','M','2003-10-08','Lisaberg','380-716-5333x92976','fergusonwilliam@example.net',replace('916 Erica Throughway Apt. 601\nChristinebury, VA 38502','\n',char(10)),136,15,12.5);
INSERT INTO api_eleve VALUES(137,'Smith','Patrick','F','1999-10-29','Isabellafort','838.594.4485x5509','vgarcia@example.org',replace('PSC 3826, Box 4290\nAPO AE 73077','\n',char(10)),137,4,0);
INSERT INTO api_eleve VALUES(138,'Butler','Tricia','F','2001-09-15','Tiffanyfort','916.747.6651x7943','ysullivan@example.org',replace('06998 Williams Flats Suite 553\nNew Jonathanview, NE 63809','\n',char(10)),138,8,0);
INSERT INTO api_eleve VALUES(139,'Bailey','Bryan','F','2003-02-23','South Joseph','(601)947-9680','jamesmiller@example.net',replace('9411 Reyes Plains\nLake Patriciashire, MT 97331','\n',char(10)),139,16,0);
INSERT INTO api_eleve VALUES(140,'Curry','Catherine','F','2006-12-28','Smithbury','7497833054','vsherman@example.net',replace('8139 Ballard Rue\nNew Kathryn, SD 53653','\n',char(10)),140,16,13.375);
INSERT INTO api_eleve VALUES(141,'Wells','Christopher','F','2001-09-26','Parkertown','2779233464','douglas08@example.com',replace('3532 Thomas Loop Apt. 567\nSmithville, WY 42166','\n',char(10)),141,9,14.25);
INSERT INTO api_eleve VALUES(142,'Bradley','Maria','F','2002-08-05','Carrollborough','779-586-4428x8418','vincentbell@example.net',replace('8931 Moore Point Suite 325\nKathrynhaven, IL 77166','\n',char(10)),142,17,0);
INSERT INTO api_eleve VALUES(143,'Vargas','Sheryl','M','2005-06-11','Danafurt','001-983-899-9152x7777','alyssa94@example.org',replace('61817 Scott Green Suite 122\nNew David, WV 19245','\n',char(10)),143,17,15);
INSERT INTO api_eleve VALUES(144,'Wilson','James','F','2002-09-24','North Aaron','+1-464-293-5568x815','webbcharles@example.net',replace('0127 Nichole Ports\nNew Angelafort, WV 94067','\n',char(10)),144,16,0);
INSERT INTO api_eleve VALUES(145,'Robertson','Steven','F','2005-11-18','Nelsonfort','001-998-493-7174x35847','collinsjasmine@example.com',replace('4847 John Station\nComptonborough, NY 83970','\n',char(10)),145,6,0);
INSERT INTO api_eleve VALUES(146,'Garcia','Gina','M','2005-02-10','West Thomas','(706)787-4904','daniellefuentes@example.com',replace('7725 Nicole Forges\nMitchellfort, AZ 28992','\n',char(10)),146,17,0);
INSERT INTO api_eleve VALUES(147,'Castro','John','F','2005-09-20','North Raymond','001-533-334-6975x70131','mark20@example.net',replace('6627 Pierce Heights\nMarkville, MH 28046','\n',char(10)),147,10,0);
INSERT INTO api_eleve VALUES(148,'Hess','Ronald','F','2003-06-22','South Andrea','262-825-5164x20967','cooleyrachel@example.org',replace('54378 Timothy Springs Suite 943\nNorth Deannachester, LA 23567','\n',char(10)),148,5,0);
INSERT INTO api_eleve VALUES(149,'Lane','Michael','M','2003-01-30','Tatestad','(315)881-8582','seth10@example.com',replace('9348 Brown Springs Suite 654\nNorth Williamhaven, NV 08351','\n',char(10)),149,15,0);
INSERT INTO api_eleve VALUES(150,'Johnson','Lisa','F','2003-03-16','North Megan','(764)577-7574','cmoss@example.net',replace('9251 Tim Path Apt. 525\nCarriefort, PR 39620','\n',char(10)),150,1,0);
INSERT INTO api_eleve VALUES(151,'Padilla','Michelle','M','2003-04-22','Danielsside','+1-705-540-0922x230','dkim@example.net',replace('911 Grimes Ville Suite 819\nSouth Sophia, NC 70244','\n',char(10)),151,5,0);
INSERT INTO api_eleve VALUES(152,'Salazar','Brittany','F','2007-03-13','Lake Amandaview','7969356122','codylucas@example.com',replace('6728 Gray Mount\nNew Gabriel, NJ 54858','\n',char(10)),152,21,0);
INSERT INTO api_eleve VALUES(153,'Gonzales','Diana','M','2005-10-16','West Benjamin','341-214-5806x5292','gonzalezmary@example.org',replace('1981 Whitney Ramp Suite 450\nWest Taylorchester, MA 99135','\n',char(10)),153,7,0);
INSERT INTO api_eleve VALUES(154,'Carey','Alison','F','2006-09-06','Riverahaven','+1-293-942-1625','silvadiane@example.org',replace('USNS Pena\nFPO AE 38884','\n',char(10)),154,1,0);
INSERT INTO api_eleve VALUES(155,'Yoder','Brittany','M','2005-07-11','East Christinatown','+1-518-595-5392','douglasmclaughlin@example.org',replace('708 Samantha Ford Apt. 890\nNew Davidview, PA 76865','\n',char(10)),155,21,0);
INSERT INTO api_eleve VALUES(156,'Moore','Danielle','F','2001-10-07','Hesterburgh','+1-367-956-2053x91430','wattsadam@example.com',replace('955 Yates Shoal Suite 905\nObrienberg, HI 28283','\n',char(10)),156,7,0);
INSERT INTO api_eleve VALUES(157,'Smith','Patricia','F','2003-09-19','Fergusonborough','+1-336-437-6651','cynthia71@example.org',replace('71573 Erin Flats Apt. 346\nSanfordbury, PR 50516','\n',char(10)),157,17,13.5);
INSERT INTO api_eleve VALUES(158,'Wells','Leslie','F','2002-03-21','South Susan','8334873514','xpatterson@example.com',replace('196 Wade Point Suite 326\nSouth Kristine, GA 61956','\n',char(10)),158,8,0);
INSERT INTO api_eleve VALUES(159,'Turner','Barry','F','2005-05-07','Christophermouth','741.876.8227x3719','jamesperry@example.com',replace('697 Alexander Mission Apt. 549\nNew Michaelport, OR 80258','\n',char(10)),159,1,14.125);
INSERT INTO api_eleve VALUES(160,'Stewart','Susan','M','1999-10-09','Andersonville','261.448.1429','torresdavid@example.net',replace('513 Melissa Roads\nRyanmouth, NV 26528','\n',char(10)),160,14,0);
INSERT INTO api_eleve VALUES(161,'Beard','Kathleen','F','2006-03-15','North Waynestad','633.769.8127','gwilson@example.net',replace('7533 Andrew Park\nLake Melissa, ME 92168','\n',char(10)),161,7,0);
INSERT INTO api_eleve VALUES(162,'Shah','Gary','F','2003-01-24','Lake Danielle','(205)657-8624x561','iking@example.com',replace('20240 Morgan Walk Apt. 690\nLake Morgan, IN 20826','\n',char(10)),162,10,0);
INSERT INTO api_eleve VALUES(163,'Marshall','Jack','M','2005-08-25','South George','797-542-8166x991','dayelizabeth@example.com',replace('1724 Cheryl Roads\nWest Teresaburgh, AS 64295','\n',char(10)),163,18,0);
INSERT INTO api_eleve VALUES(164,'Jordan','Tracey','M','2001-01-13','Martinfort','459.217.5729','thompsonmichael@example.org',replace('182 Palmer Cape Apt. 930\nSouth Sethberg, MT 47502','\n',char(10)),164,12,0);
INSERT INTO api_eleve VALUES(165,'Garcia','Michael','F','2007-04-09','East Marvin','001-766-775-8243','xvasquez@example.net',replace('1168 Melissa Vista Apt. 996\nLake Erikchester, WY 51178','\n',char(10)),165,7,0);
INSERT INTO api_eleve VALUES(166,'Adkins','Laurie','F','2007-02-23','Cherylshire','+1-440-272-5112x1270','maytamara@example.net',replace('Unit 6442 Box 2915\nDPO AE 64112','\n',char(10)),166,15,0);
INSERT INTO api_eleve VALUES(167,'Gilbert','Douglas','M','2000-09-19','East Kenneth','827.756.9922','herringdarryl@example.net',replace('6168 Martinez Park Suite 982\nJohnnyland, VT 13804','\n',char(10)),167,5,0);
INSERT INTO api_eleve VALUES(168,'Zuniga','Edward','F','2003-10-22','North Andrewchester','425-818-6160x930','pattersoneric@example.org',replace('Unit 8889 Box 7678\nDPO AP 34546','\n',char(10)),168,15,0);
INSERT INTO api_eleve VALUES(169,'Martinez','Joshua','F','2004-11-11','Amandastad','957.692.9648','bdavenport@example.org',replace('84831 Simmons Burg\nPort James, NJ 36186','\n',char(10)),169,3,0);
INSERT INTO api_eleve VALUES(170,'Whitney','Lisa','F','2005-10-02','Jillfort','(265)839-6343','carrillomark@example.net',replace('USNV Munoz\nFPO AA 62389','\n',char(10)),170,21,10);
INSERT INTO api_eleve VALUES(171,'Williams','Michelle','F','2006-10-09','Port Kimberly','332-748-2851','javierkennedy@example.net',replace('7178 James Forges\nLake Teresaville, AZ 56817','\n',char(10)),171,10,0);
INSERT INTO api_eleve VALUES(172,'Odom','Kevin','F','2002-04-13','Simpsonborough','722-810-0116','rogersnancy@example.org',replace('PSC 4996, Box 6259\nAPO AA 76520','\n',char(10)),172,17,0);
INSERT INTO api_eleve VALUES(173,'Mckenzie','Robert','F','2002-08-25','Lake Stephanieberg','(293)474-6985','oortega@example.net',replace('USS Hale\nFPO AP 16782','\n',char(10)),173,2,0);
INSERT INTO api_eleve VALUES(174,'Stephenson','Lisa','F','2006-08-18','North Nicholasport','895.592.1873','nhoward@example.com',replace('68884 Douglas Flat\nEscobarmouth, RI 95354','\n',char(10)),174,7,0);
INSERT INTO api_eleve VALUES(175,'Dominguez','Erica','M','2006-04-07','South Annaville','679.856.6878x23125','teresachapman@example.com',replace('572 John Rapid\nLopezport, RI 24106','\n',char(10)),175,12,10.5);
INSERT INTO api_eleve VALUES(176,'Davidson','Bobby','F','1999-08-23','Proctorberg','235.741.5236x703','xfritz@example.com',replace('39650 Everett Mews\nNorth Ricky, AS 20485','\n',char(10)),176,13,0);
INSERT INTO api_eleve VALUES(177,'Williams','Sharon','M','2005-10-19','Barrettfurt','(294)771-7894x56166','austin64@example.com',replace('9449 Williams Trafficway Apt. 839\nPort Mary, AS 65945','\n',char(10)),177,20,0);
INSERT INTO api_eleve VALUES(178,'Williams','Ann','F','2005-02-06','Scottside','623.617.2871','jenniferparker@example.com',replace('Unit 9500 Box 1668\nDPO AP 17708','\n',char(10)),178,10,16.5);
INSERT INTO api_eleve VALUES(179,'Rivera','David','M','2003-06-19','Christophertown','794.593.2013x75787','wallacecarla@example.com',replace('327 Butler Falls Apt. 484\nEast Tiffanyfurt, WA 51475','\n',char(10)),179,9,0);
INSERT INTO api_eleve VALUES(180,'Jones','Shannon','F','2007-02-04','Port Jeffreyside','3199506583','anna49@example.org',replace('31785 Kevin Gardens Suite 098\nBassburgh, TX 13477','\n',char(10)),180,5,0);
INSERT INTO api_eleve VALUES(181,'Green','Brenda','F','1999-06-04','Laurenport','001-907-507-6510x849','briggsruth@example.org',replace('00717 Smith Station\nTracyport, CO 05875','\n',char(10)),181,21,0);
INSERT INTO api_eleve VALUES(182,'Adams','Valerie','M','2002-09-19','Moniquestad','001-846-439-2823','nathanielcummings@example.com',replace('30440 Jesus Circle\nTimothystad, MH 50975','\n',char(10)),182,11,0);
INSERT INTO api_eleve VALUES(183,'Larsen','Daniel','F','2006-05-20','East Matthew','312.725.0710x915','elizabethpowell@example.net',replace('69282 Maurice Island Suite 002\nNew Stephanieberg, NE 86946','\n',char(10)),183,1,0);
INSERT INTO api_eleve VALUES(184,'Chavez','Kathleen','F','2005-05-15','New Thomasstad','9392112776','jacksonsara@example.net',replace('27202 Andrew Mission Suite 139\nSouth Sara, MH 39960','\n',char(10)),184,6,12.5);
INSERT INTO api_eleve VALUES(185,'Brown','Carmen','M','2002-01-02','New Jeffrey','528-702-3836','guzmankristen@example.com',replace('384 Amanda Union\nSarahmouth, AZ 09447','\n',char(10)),185,14,0);
INSERT INTO api_eleve VALUES(186,'Nguyen','Chad','F','2006-06-20','Andrewborough','001-778-845-4195x57627','kimberlyevans@example.org',replace('8760 Thomas Estates Apt. 835\nSouth Dawn, HI 63209','\n',char(10)),186,13,0);
INSERT INTO api_eleve VALUES(187,'Cunningham','Heather','M','2007-01-02','North Daniel','224-542-5022','josephsanders@example.net',replace('188 Wiggins Trail\nEast Barbaraton, OH 16521','\n',char(10)),187,12,13.125);
INSERT INTO api_eleve VALUES(188,'Mckenzie','Aaron','M','2006-11-08','Dennisbury','606.228.0591x88741','nicholas56@example.net',replace('8074 Montoya Terrace\nEast Amybury, TN 65682','\n',char(10)),188,20,0);
INSERT INTO api_eleve VALUES(189,'Sanchez','Roy','F','2005-08-31','Francisborough','9703609664','chavezdeanna@example.net',replace('8332 Fields Crossroad Apt. 836\nOrtizview, TN 67059','\n',char(10)),189,12,10);
INSERT INTO api_eleve VALUES(190,'Lopez','James','F','2003-01-15','Hunterland','(314)211-4594x75750','terri27@example.net',replace('0383 Brown Ports\nSouth Martha, CO 63060','\n',char(10)),190,4,0);
INSERT INTO api_eleve VALUES(191,'Vasquez','Betty','M','2000-12-30','Murphyberg','+1-299-788-9709x3034','ruizbreanna@example.org',replace('5089 Cheryl Corner Apt. 359\nPort Theresa, MO 08386','\n',char(10)),191,16,0);
INSERT INTO api_eleve VALUES(192,'Harris','Amanda','M','2001-05-22','Sandraburgh','(910)904-0536x482','austinjoel@example.com',replace('2528 Ashley Motorway Suite 163\nMichaelport, VA 31976','\n',char(10)),192,13,0);
INSERT INTO api_eleve VALUES(193,'Mcmillan','Andrew','M','2001-05-10','Moorechester','(891)415-9588x57342','aross@example.org',replace('91128 Robertson Springs\nAlvarezfurt, PR 82625','\n',char(10)),193,19,0);
INSERT INTO api_eleve VALUES(194,'Walker','Carol','M','2004-01-31','Jasonberg','4718352552','matthew63@example.com',replace('6808 David Harbor\nBurtonport, TN 96673','\n',char(10)),194,8,0);
INSERT INTO api_eleve VALUES(195,'Harrington','Rebecca','F','2001-02-20','South Jamesland','+1-805-439-7334x2588','carol52@example.net',replace('Unit 4632 Box 3643\nDPO AP 38675','\n',char(10)),195,2,0);
INSERT INTO api_eleve VALUES(196,'Williams','Tonya','F','1999-11-16','Gregorymouth','(571)230-9364x2903','catherine21@example.com',replace('829 Cruz Islands Apt. 999\nRodriguezfort, AS 76117','\n',char(10)),196,17,0);
INSERT INTO api_eleve VALUES(197,'Hurley','Elizabeth','M','2006-10-25','Johnsonton','409-599-9585','gregoryelizabeth@example.net',replace('3919 Kelly River Suite 435\nChristopherport, CA 92335','\n',char(10)),197,7,0);
INSERT INTO api_eleve VALUES(198,'Lester','Austin','M','2005-02-25','Campbellburgh','001-987-301-5187x414','isuarez@example.org',replace('1383 Carrillo Pine\nEdwardsville, WV 28670','\n',char(10)),198,9,0);
INSERT INTO api_eleve VALUES(199,'Reyes','Michael','M','2004-10-11','North Joshua','530.728.9947x583','elainesolis@example.net',replace('23140 Tiffany Tunnel Apt. 015\nSydneyside, OH 13511','\n',char(10)),199,10,0);
INSERT INTO api_eleve VALUES(200,'Rich','Bob','M','2002-01-27','South Michael','+1-221-875-2187x79837','singhdaniel@example.net',replace('Unit 3325 Box 9032\nDPO AP 92136','\n',char(10)),200,13,13);
INSERT INTO api_eleve VALUES(201,'Dean','Diana','F','2007-04-09','South Sherryburgh','(337)927-1253x72415','tsilva@example.com',replace('4546 Charles Flats\nFeliciaburgh, NM 88844','\n',char(10)),201,17,0);
INSERT INTO api_eleve VALUES(202,'Vaughn','Michael','M','2000-04-27','Guerrerofurt','3549972821','blairashley@example.com',replace('063 Decker Road\nEast Johnny, AR 22606','\n',char(10)),202,21,16.375);
INSERT INTO api_eleve VALUES(203,'Chavez','Jeffrey','F','2000-02-04','Josephfort','(720)686-4808','rowedominique@example.net',replace('540 Sabrina Village\nWilliamville, PA 40089','\n',char(10)),203,4,13.5);
INSERT INTO api_eleve VALUES(204,'Hart','Melissa','F','2001-04-07','Eugenestad','902.389.3663','kleinrenee@example.net',replace('52529 Flores Village\nNorth Gregory, AK 44287','\n',char(10)),204,17,0);
INSERT INTO api_eleve VALUES(205,'Briggs','Judy','M','2003-12-03','Mitchellfurt','463.771.1564x42111','chavezryan@example.com',replace('8091 Julie Spur Apt. 309\nMartinview, WY 72722','\n',char(10)),205,20,0);
INSERT INTO api_eleve VALUES(206,'Farley','Michael','F','2001-07-31','New Sara','001-813-360-6541x360','daniellemosley@example.net',replace('52631 Blake Union Suite 071\nPort Susan, GA 30924','\n',char(10)),206,21,8.625);
INSERT INTO api_eleve VALUES(207,'Lindsey','Jacqueline','M','2005-02-08','Armstrongton','001-925-772-7150x21077','justinbarton@example.net',replace('USS Kennedy\nFPO AA 39136','\n',char(10)),207,1,0);
INSERT INTO api_eleve VALUES(208,'Hill','Shaun','M','2006-01-08','Rodriguezville','001-426-342-1936','sandra66@example.com',replace('95007 Odonnell Port\nBryanburgh, IN 10971','\n',char(10)),208,20,0);
INSERT INTO api_eleve VALUES(209,'Wilkinson','Kathryn','M','2004-10-18','Port Martin','+1-731-306-6443x15941','brent68@example.net',replace('7038 Ashley Vista Apt. 357\nRobertside, PA 48077','\n',char(10)),209,14,0);
INSERT INTO api_eleve VALUES(210,'Molina','Randy','M','2005-03-21','Richardbury','001-401-947-1428','davidtaylor@example.com',replace('9540 Jeffrey Valleys\nSouth Samuel, WY 10022','\n',char(10)),210,2,0);
INSERT INTO api_eleve VALUES(211,'Wright','Aaron','F','2002-12-12','East Charlesstad','291-473-7640','uwhite@example.net',replace('6099 Maldonado Locks\nSouth Guytown, SD 31486','\n',char(10)),211,20,0);
INSERT INTO api_eleve VALUES(212,'Fuentes','Jessica','M','2000-06-28','New Michaelside','001-874-968-8898','ajames@example.org',replace('3748 Perry Burg\nReidmouth, WV 85794','\n',char(10)),212,5,12);
INSERT INTO api_eleve VALUES(213,'Garcia','Jillian','F','2004-02-22','Wellsborough','(669)479-8088x3631','lmurray@example.com',replace('248 Martin Shoals Apt. 702\nRoberttown, NH 96255','\n',char(10)),213,7,0);
INSERT INTO api_eleve VALUES(214,'Vargas','Paul','F','2006-10-25','Heathershire','(428)642-1085x06822','fullermonica@example.net',replace('62619 Michael Loop Suite 651\nJaredside, MN 92054','\n',char(10)),214,6,0);
INSERT INTO api_eleve VALUES(215,'Kennedy','Jose','M','2001-08-16','Meganstad','5128095282','mckayjohn@example.org',replace('31560 Anthony Alley\nEast Michael, MH 45306','\n',char(10)),215,9,0);
INSERT INTO api_eleve VALUES(216,'Barnes','Donald','M','2006-06-11','Ericatown','(431)404-9778','curtis82@example.net',replace('501 Wyatt Divide\nEast William, FM 00830','\n',char(10)),216,4,15);
INSERT INTO api_eleve VALUES(217,'Reed','Ricardo','F','2002-06-26','Moorehaven','2695874858','jennifer16@example.org',replace('Unit 3271 Box 6411\nDPO AE 39896','\n',char(10)),217,6,0);
INSERT INTO api_eleve VALUES(218,'Franco','Anthony','M','2002-10-31','Williamchester','633-964-5054','stanleytammy@example.com',replace('830 Caitlyn Wells\nHigginschester, WA 11933','\n',char(10)),218,9,0);
INSERT INTO api_eleve VALUES(219,'Nelson','Austin','F','2005-05-23','Saundersport','261.793.6851x87120','robertsmith@example.org',replace('PSC 8360, Box 8093\nAPO AA 81812','\n',char(10)),219,14,0);
INSERT INTO api_eleve VALUES(220,'Salazar','John','M','2002-02-06','Nicoleshire','350-331-7923','christinachase@example.net',replace('447 Brown Streets\nNguyenberg, MO 45699','\n',char(10)),220,21,12.125);
INSERT INTO api_eleve VALUES(221,'Solomon','Catherine','F','2004-10-17','Williamsberg','001-320-422-2220x237','nelsonheather@example.org',replace('786 Hansen Terrace\nPort Alexport, OH 16296','\n',char(10)),221,8,0);
INSERT INTO api_eleve VALUES(222,'Bass','Brandon','F','2004-09-27','Jennifershire','584-774-6014','mcooke@example.net',replace('12861 Tonya Crescent Apt. 603\nSharonbury, MP 49212','\n',char(10)),222,20,0);
INSERT INTO api_eleve VALUES(223,'Daniels','Lisa','M','2000-11-02','North Victoria','001-434-226-0671x078','samanthaanderson@example.net',replace('961 Smith Ranch Apt. 067\nBrandonberg, WI 49631','\n',char(10)),223,7,0);
INSERT INTO api_eleve VALUES(224,'Torres','Tamara','F','2003-05-24','South Lindseyton','2767840147','michellefletcher@example.com',replace('7364 Jones Extensions\nNew Jessicaville, AL 78616','\n',char(10)),224,6,0);
INSERT INTO api_eleve VALUES(225,'Knight','Ryan','M','1999-12-26','East Jodistad','211-413-7711x23235','ynichols@example.net',replace('80403 Morgan Extension\nJillside, SC 24524','\n',char(10)),225,7,9.5);
INSERT INTO api_eleve VALUES(226,'Bailey','Mary','F','2005-05-03','Nguyenborough','+1-489-301-6568','brian43@example.com',replace('2642 Camacho Road\nDaymouth, OK 66304','\n',char(10)),226,7,0);
INSERT INTO api_eleve VALUES(227,'Garcia','Donald','F','2007-04-30','Port Garyland','901.665.3336x819','qhernandez@example.org',replace('2822 Gardner Glens Apt. 668\nJasonland, MI 29752','\n',char(10)),227,19,0);
INSERT INTO api_eleve VALUES(228,'Bailey','Vanessa','M','2001-01-17','Danielland','9755719283','kristin16@example.org',replace('11557 Cole Views\nJosephhaven, OH 15608','\n',char(10)),228,19,0);
INSERT INTO api_eleve VALUES(229,'Hunter','William','M','2004-12-08','Lake Kaylashire','(661)438-7951','catherine06@example.com',replace('365 Faulkner Mountains Suite 640\nRamseyland, GA 50675','\n',char(10)),229,5,0);
INSERT INTO api_eleve VALUES(230,'Williams','Carol','M','2004-10-08','Juanview','759-628-9609x7071','osbornebrian@example.com',replace('75442 Jennifer Rapids Suite 397\nKellimouth, AS 85025','\n',char(10)),230,2,0);
INSERT INTO api_eleve VALUES(231,'Moore','Eric','M','2002-02-03','Adamland','001-705-283-4848','morganshawn@example.com',replace('1826 Jason River Apt. 166\nSouth Sydney, PR 00919','\n',char(10)),231,12,14);
INSERT INTO api_eleve VALUES(232,'Avila','Mackenzie','F','2005-10-22','Port Samantha','507-998-2048x988','emily88@example.org',replace('48297 Hammond Rest\nKristiberg, OK 74441','\n',char(10)),232,5,0);
INSERT INTO api_eleve VALUES(233,'Patterson','Jean','F','2006-04-24','Lake Sarah','001-229-628-7659x08157','pshah@example.net',replace('99600 Connie Route Suite 376\nNew Aaronport, AZ 73744','\n',char(10)),233,8,0);
INSERT INTO api_eleve VALUES(234,'Simmons','Edward','F','2000-01-16','Pageborough','(588)498-1419x81470','justin18@example.com',replace('623 Anthony Grove Suite 952\nNew Craig, ND 70231','\n',char(10)),234,20,13);
INSERT INTO api_eleve VALUES(235,'Reeves','Daniel','F','2004-02-23','East David','736.792.0750x28899','jillalvarez@example.com',replace('34249 Patel Valley Apt. 534\nBryantfurt, OK 80239','\n',char(10)),235,8,0);
INSERT INTO api_eleve VALUES(236,'Everett','Victoria','F','2004-10-18','South David','350-645-8947','melanievaldez@example.org',replace('06417 Michelle Fort Suite 873\nWest Amanda, NC 42570','\n',char(10)),236,2,0);
INSERT INTO api_eleve VALUES(237,'Williamson','Sarah','F','2001-08-04','Aliciastad','001-354-783-2671x7847','farrellmichael@example.net',replace('4599 John Corner\nJennifermouth, MS 77655','\n',char(10)),237,4,0);
INSERT INTO api_eleve VALUES(238,'Lara','Kellie','M','2004-12-25','West Michael','001-777-348-8504x19793','phyllisdalton@example.org',replace('1902 Hartman Fort Suite 472\nPort Jodi, MO 99539','\n',char(10)),238,17,14.5);
INSERT INTO api_eleve VALUES(239,'Schwartz','Whitney','F','2000-04-21','New Carl','977.604.4905','farrellalbert@example.net',replace('016 Jessica Dam Suite 824\nSusanburgh, IA 21383','\n',char(10)),239,21,0);
INSERT INTO api_eleve VALUES(240,'Bowman','Ralph','M','2002-05-14','Jeffreymouth','(222)376-3965','vray@example.org',replace('8518 Todd Prairie\nWest Melaniestad, AL 40065','\n',char(10)),240,15,17.5);
INSERT INTO api_eleve VALUES(241,'George','David','M','2006-10-28','North Shawn','506-869-2588x900','mhiggins@example.org',replace('49213 Deborah Rest\nMatthewfort, MT 08247','\n',char(10)),241,11,12.5);
INSERT INTO api_eleve VALUES(242,'Maldonado','Nathan','M','2006-05-11','Sabrinaton','+1-358-879-2081x93285','vwong@example.net',replace('36394 Tiffany Mountains Suite 154\nBrownberg, MH 85098','\n',char(10)),242,21,13.25);
INSERT INTO api_eleve VALUES(243,'Mathews','Amy','M','2003-06-30','Crystalton','(967)255-0505x9829','irodriguez@example.com',replace('7738 Gross Villages\nHallfort, MO 92666','\n',char(10)),243,16,0);
INSERT INTO api_eleve VALUES(244,'Jordan','Shannon','F','2003-11-08','Harrisonmouth','(883)702-6038','nicole42@example.com',replace('52134 Stephanie Motorway Apt. 005\nRichburgh, IN 87363','\n',char(10)),244,18,0);
INSERT INTO api_eleve VALUES(245,'Rush','Kim','F','2000-01-25','Bradfordfort','494.954.0392','omcintyre@example.com',replace('7106 Robinson Inlet Apt. 527\nPort Brett, ME 07465','\n',char(10)),245,9,0);
INSERT INTO api_eleve VALUES(246,'Garcia','Heather','M','2007-02-17','Taylorside','001-525-868-5770x434','imclaughlin@example.org',replace('Unit 5637 Box 1940\nDPO AP 19120','\n',char(10)),246,7,11);
INSERT INTO api_eleve VALUES(247,'Scott','Michele','F','2003-11-15','North Michael','930.759.1040','savannah36@example.com',replace('USS Lee\nFPO AA 20990','\n',char(10)),247,20,0);
INSERT INTO api_eleve VALUES(248,'Levy','Todd','M','2004-05-04','Lake Valerie','732.327.1588','barnesdavid@example.net',replace('3486 Eric Causeway\nAshleyberg, NC 25063','\n',char(10)),248,6,0);
INSERT INTO api_eleve VALUES(249,'Cooper','Robert','M','2005-01-14','West Michael','(646)439-3049','pstevenson@example.org',replace('PSC 0380, Box 6742\nAPO AP 13386','\n',char(10)),249,3,0);
INSERT INTO api_eleve VALUES(250,'Kidd','Gina','F','2003-08-18','Danielburgh','268-569-4570x918','sjacobson@example.net',replace('564 Gavin Well\nPort Joshua, VA 26447','\n',char(10)),250,5,11.375);
INSERT INTO api_eleve VALUES(251,'Chung','Catherine','M','2007-05-20','New Mirandafort','(265)834-0612','vwang@example.org',replace('09816 Amber Cliffs\nAmyside, IL 75882','\n',char(10)),251,19,0);
INSERT INTO api_eleve VALUES(252,'Ellis','Brittney','M','2000-11-25','New Carrie','(603)979-3556x153','reyestammie@example.net',replace('57848 Avery Points Suite 284\nAngelside, WA 37444','\n',char(10)),252,15,0);
INSERT INTO api_eleve VALUES(253,'Hernandez','Rebecca','M','2004-03-06','Smithside','001-483-706-7416','michelle52@example.com',replace('33688 Doris Villages Apt. 130\nKatieview, NY 28767','\n',char(10)),253,19,0);
INSERT INTO api_eleve VALUES(254,'Jordan','Mitchell','M','2000-01-29','Wendytown','289-647-3248x54967','dreed@example.com',replace('15951 Williams Road\nNorth Jessica, AL 36041','\n',char(10)),254,19,0);
INSERT INTO api_eleve VALUES(255,'Johnson','Aaron','F','2006-02-24','Lukeland','(267)559-3117x7938','liucynthia@example.com',replace('206 Eric Stream Suite 749\nEast Christopherton, IL 65338','\n',char(10)),255,21,10.5);
INSERT INTO api_eleve VALUES(256,'Campbell','Charles','M','2004-04-06','Trevorchester','(253)906-1052x3168','fernandezleroy@example.org',replace('00177 James Mills Suite 773\nSouth Samuel, GA 10981','\n',char(10)),256,2,0);
INSERT INTO api_eleve VALUES(257,'Flores','Joshua','M','2003-11-14','Smithchester','488-654-7319','williamjones@example.com',replace('6320 Laura Heights\nPort Kayla, OK 87384','\n',char(10)),257,2,0);
INSERT INTO api_eleve VALUES(258,'Pearson','Bobby','M','2003-07-12','Westville','(889)555-7753','jordanandrew@example.org',replace('16476 Gibson Dam Suite 072\nNew Eric, FM 56032','\n',char(10)),258,11,0);
INSERT INTO api_eleve VALUES(259,'Thompson','Jennifer','M','2003-08-18','New Stephen','899.575.5819x4344','teresamatthews@example.com',replace('744 Audrey Plaza Apt. 612\nNorth Glenda, GA 25645','\n',char(10)),259,20,0);
INSERT INTO api_eleve VALUES(260,'Ray','Eric','M','2000-06-21','Lake Lisa','(221)374-5527x7257','james57@example.org',replace('378 Andrea Island Suite 963\nJohnfort, OH 02215','\n',char(10)),260,17,11.5);
INSERT INTO api_eleve VALUES(261,'Ramsey','Justin','M','2007-01-29','Scottland','5092837468','schmidtlaura@example.net',replace('85344 Mitchell Meadows\nJamestown, FM 67517','\n',char(10)),261,19,0);
INSERT INTO api_eleve VALUES(262,'Nichols','Craig','M','2004-07-14','Heathfort','384.942.9081x99669','sydneymccullough@example.com',replace('591 Erin Brooks\nLake Joseph, PA 04482','\n',char(10)),262,18,0);
INSERT INTO api_eleve VALUES(263,'Ross','Jonathan','F','2004-04-23','New Stephanieburgh','(555)997-3698','james97@example.net',replace('81760 Catherine Island\nPort Donna, WI 92481','\n',char(10)),263,10,0);
INSERT INTO api_eleve VALUES(264,'Juarez','Alfred','M','2000-05-11','New John','894-401-4106x8854','aaron82@example.com',replace('0277 Thomas Creek\nNew Tina, KY 15074','\n',char(10)),264,4,0);
INSERT INTO api_eleve VALUES(265,'Johnson','Dillon','F','2000-12-07','Haroldton','826-682-2643','jasmine13@example.org',replace('27747 Lin Junction Suite 207\nNorth Christinafurt, MN 36525','\n',char(10)),265,17,0);
INSERT INTO api_eleve VALUES(266,'Bowen','Antonio','M','2006-09-19','Lake Ambertown','+1-263-834-6669x08159','daguilar@example.com',replace('854 Robert Viaduct Suite 577\nDuncanmouth, GU 53498','\n',char(10)),266,3,12.125);
INSERT INTO api_eleve VALUES(267,'Frank','Richard','F','2005-01-03','Rileytown','377.889.7405','geralddaniel@example.net',replace('023 Miller Keys\nLake Erin, GU 01637','\n',char(10)),267,8,0);
INSERT INTO api_eleve VALUES(268,'Ward','Michael','F','2003-02-15','Kimshire','(320)596-6700','joannajackson@example.net',replace('375 Romero Cape Suite 269\nKarachester, IA 23748','\n',char(10)),268,5,0);
INSERT INTO api_eleve VALUES(269,'Henderson','Robert','M','2000-08-13','Castroside','597.203.7256x155','hinesamber@example.org',replace('Unit 9663 Box 1692\nDPO AP 21073','\n',char(10)),269,11,0);
INSERT INTO api_eleve VALUES(270,'Choi','Brooke','F','2004-04-25','Port Robertfort','987-380-5666x979','ferrelldenise@example.com',replace('42100 Johnson Shoal\nEast Brendastad, CA 40695','\n',char(10)),270,9,0);
INSERT INTO api_eleve VALUES(271,'Collier','Suzanne','F','2003-03-01','Willisshire','(959)784-2797x77406','arussell@example.com',replace('666 Jacob Land Suite 837\nLake Sarah, WY 55197','\n',char(10)),271,2,0);
INSERT INTO api_eleve VALUES(272,'Glass','Ricky','F','2005-11-15','Port Stephenfort','961-878-9703x056','robert20@example.com',replace('774 David Pines Apt. 086\nNorth Alicia, SC 89068','\n',char(10)),272,20,0);
INSERT INTO api_eleve VALUES(273,'White','Sarah','M','2003-08-31','Allenburgh','(852)494-7550x2587','muellerdaniel@example.net',replace('PSC 6665, Box 7978\nAPO AE 58483','\n',char(10)),273,21,0);
INSERT INTO api_eleve VALUES(274,'Robinson','Darlene','M','2004-08-09','Thompsonview','(564)877-9018','jeremymccann@example.org',replace('8344 Sabrina Light Suite 258\nWendyborough, IN 45298','\n',char(10)),274,4,0);
INSERT INTO api_eleve VALUES(275,'Norton','Stephen','F','2006-12-13','Simonmouth','(217)944-3553x403','juan98@example.com',replace('69906 Bailey Branch Suite 213\nHenryville, NH 25540','\n',char(10)),275,18,0);
INSERT INTO api_eleve VALUES(276,'Warren','Ann','F','2001-02-03','Wagnerland','001-889-740-1489','chaveznancy@example.org',replace('563 Charles Locks\nSouth Christopher, AS 17417','\n',char(10)),276,11,0);
INSERT INTO api_eleve VALUES(277,'Gonzales','Dwayne','F','2005-10-12','New Michaelside','942-939-4348x5524','erikyang@example.org',replace('14231 Aguilar Lodge Suite 361\nBurnsland, VT 24887','\n',char(10)),277,7,0);
INSERT INTO api_eleve VALUES(278,'Archer','Johnathan','F','2001-09-08','Jacobshire','710.862.6552x3075','edwinwebb@example.org',replace('53352 Russell Meadows Apt. 454\nEast Amandatown, DC 53948','\n',char(10)),278,4,0);
INSERT INTO api_eleve VALUES(279,'Rogers','Sarah','F','2006-06-29','Port Jamesfurt','001-377-977-0751x2868','juan15@example.org',replace('3516 Myers Mount\nEast Stephanieland, MN 44657','\n',char(10)),279,16,0);
INSERT INTO api_eleve VALUES(280,'Fisher','Cheryl','F','1999-09-08','Deniseside','667.374.3449x529','jared84@example.org',replace('635 Tracy Wall Apt. 734\nPort Amberport, HI 59783','\n',char(10)),280,18,0);
INSERT INTO api_eleve VALUES(281,'Bowers','Natalie','F','2004-05-22','Yolandaland','001-442-548-3450','traceyjohnson@example.org',replace('948 Barber Spur\nWest Christinemouth, MH 37254','\n',char(10)),281,13,14.75);
INSERT INTO api_eleve VALUES(282,'Perez','Edwin','F','2000-01-21','Lake Alexisberg','340-384-8853x32882','justinnorris@example.net',replace('72273 Harris Road Apt. 217\nEast Benjaminhaven, OH 19528','\n',char(10)),282,5,0);
INSERT INTO api_eleve VALUES(283,'Garcia','Monica','F','2001-05-07','West Kelly','001-803-970-2315x926','spencejessica@example.net',replace('2510 Stephen Plain\nWest Samanthaland, OR 53297','\n',char(10)),283,7,0);
INSERT INTO api_eleve VALUES(284,'Pratt','Scott','M','2004-09-20','Laneborough','720.932.4531x975','riveranicole@example.com',replace('6278 Fisher Ridge Apt. 071\nPort Amyfort, RI 25703','\n',char(10)),284,12,0);
INSERT INTO api_eleve VALUES(285,'Williams','Natalie','F','2001-08-06','North Diane','208.848.4723x132','michael68@example.com',replace('61036 Scott Radial\nNorth Charlesfort, VA 34817','\n',char(10)),285,18,0);
INSERT INTO api_eleve VALUES(286,'Rodriguez','Nicole','F','2007-05-12','East Michelleland','(608)827-4871','hudsonjennifer@example.org',replace('164 Kenneth Rapids\nLeehaven, AS 02589','\n',char(10)),286,7,15);
INSERT INTO api_eleve VALUES(287,'Horton','Jean','F','2004-04-16','Thomasland','4217003358','brendajackson@example.net',replace('59248 Mosley Harbors\nNew Thomastown, AS 16464','\n',char(10)),287,5,0);
INSERT INTO api_eleve VALUES(288,'Thomas','Erica','F','2007-05-29','South Benjaminchester','001-884-502-4106','daniellewood@example.net',replace('626 Amanda Views Suite 868\nCynthiaport, IL 52184','\n',char(10)),288,10,0);
INSERT INTO api_eleve VALUES(289,'Perez','Brian','F','2000-10-26','Thomasville','+1-540-227-7654','ricescott@example.net',replace('69318 Chapman Corner\nJasonstad, DC 58128','\n',char(10)),289,20,0);
INSERT INTO api_eleve VALUES(290,'Blackwell','Harold','M','2002-11-22','Sharonfort','993-536-7851x90087','jonhorn@example.com',replace('PSC 7504, Box 5082\nAPO AE 93666','\n',char(10)),290,12,0);
INSERT INTO api_eleve VALUES(291,'Mcguire','Brandon','F','2002-01-29','Juliafort','249-423-2022x52771','vpark@example.com',replace('1850 Marilyn Rapid\nColeberg, MT 13595','\n',char(10)),291,9,0);
INSERT INTO api_eleve VALUES(292,'Ortiz','Kevin','F','2006-01-08','Katherineshire','(798)864-1283','ashleywarner@example.net',replace('736 Alexa Mountains\nNguyenhaven, OR 40455','\n',char(10)),292,1,13);
INSERT INTO api_eleve VALUES(293,'Carter','Kevin','F','2003-10-02','Coxtown','865.306.5445','raymondmathews@example.com',replace('7702 Lisa Union\nPort David, MT 56934','\n',char(10)),293,15,0);
INSERT INTO api_eleve VALUES(294,'Morrow','Jeanne','F','2006-11-12','New Janetton','904.652.1919','jason08@example.com',replace('USCGC White\nFPO AA 74265','\n',char(10)),294,7,12.5);
INSERT INTO api_eleve VALUES(295,'Bradford','Stephanie','M','1999-12-31','Justinview','298-353-7562','janice73@example.net',replace('USNS Robinson\nFPO AP 79810','\n',char(10)),295,6,0);
INSERT INTO api_eleve VALUES(296,'Green','Devin','M','2004-03-02','South Jacqueline','704-745-5867','deannacurtis@example.com',replace('750 Jeffrey Knolls\nTrevorton, WI 24105','\n',char(10)),296,3,12.5);
INSERT INTO api_eleve VALUES(297,'Gentry','Michelle','M','2004-07-28','Kurtbury','001-280-694-8439x17556','ryanmurphy@example.com',replace('PSC 4200, Box 2601\nAPO AP 18006','\n',char(10)),297,6,0);
INSERT INTO api_eleve VALUES(298,'White','Richard','M','2000-06-18','Rogerschester','(242)403-6658x53501','smithmelissa@example.org',replace('076 Mark Roads Suite 280\nMichaelchester, WV 87237','\n',char(10)),298,4,0);
INSERT INTO api_eleve VALUES(299,'Ross','Jennifer','M','2005-12-05','New Jeffery','339.456.9464','melissajones@example.net',replace('7396 Ronald Locks Apt. 003\nPort Jessicafort, LA 19252','\n',char(10)),299,5,12.75);
INSERT INTO api_eleve VALUES(300,'Saunders','Meghan','M','2007-05-19','Lake Masonland','425.693.9832','nmason@example.com',replace('Unit 2317 Box 4694\nDPO AP 23312','\n',char(10)),300,17,0);
CREATE TABLE IF NOT EXISTS "api_candidat" ("id_candidat" integer NOT NULL PRIMARY KEY AUTOINCREMENT, "eleve_id" integer NULL UNIQUE REFERENCES "api_eleve" ("id_eleve") DEFERRABLE INITIALLY DEFERRED, "num_table" varchar(4) NULL);
INSERT INTO api_candidat VALUES(1,7,'001');
INSERT INTO api_candidat VALUES(2,50,'002');
INSERT INTO api_candidat VALUES(3,64,'003');
INSERT INTO api_candidat VALUES(4,68,'004');
INSERT INTO api_candidat VALUES(5,69,'005');
INSERT INTO api_candidat VALUES(6,78,'006');
INSERT INTO api_candidat VALUES(7,80,'007');
INSERT INTO api_candidat VALUES(8,89,'008');
INSERT INTO api_candidat VALUES(9,92,'009');
INSERT INTO api_candidat VALUES(10,112,'010');
INSERT INTO api_candidat VALUES(11,122,'011');
INSERT INTO api_candidat VALUES(12,136,'012');
INSERT INTO api_candidat VALUES(13,140,'013');
INSERT INTO api_candidat VALUES(14,141,'014');
INSERT INTO api_candidat VALUES(15,143,'015');
INSERT INTO api_candidat VALUES(16,159,'016');
INSERT INTO api_candidat VALUES(17,178,'017');
INSERT INTO api_candidat VALUES(18,187,'018');
INSERT INTO api_candidat VALUES(19,189,'019');
INSERT INTO api_candidat VALUES(20,200,'020');
INSERT INTO api_candidat VALUES(21,202,'021');
INSERT INTO api_candidat VALUES(22,220,'022');
INSERT INTO api_candidat VALUES(23,241,'023');
INSERT INTO api_candidat VALUES(24,242,'024');
INSERT INTO api_candidat VALUES(25,250,'025');
INSERT INTO api_candidat VALUES(26,266,'026');
INSERT INTO api_candidat VALUES(27,281,'027');
INSERT INTO api_candidat VALUES(28,299,'028');
INSERT INTO api_candidat VALUES(29,4,'001');
INSERT INTO api_candidat VALUES(30,10,'002');
INSERT INTO api_candidat VALUES(31,12,'003');
INSERT INTO api_candidat VALUES(32,15,'004');
INSERT INTO api_candidat VALUES(33,32,'005');
INSERT INTO api_candidat VALUES(34,45,'006');
INSERT INTO api_candidat VALUES(35,63,'007');
INSERT INTO api_candidat VALUES(36,67,'008');
INSERT INTO api_candidat VALUES(37,75,'009');
INSERT INTO api_candidat VALUES(38,79,'010');
INSERT INTO api_candidat VALUES(39,99,'011');
INSERT INTO api_candidat VALUES(40,106,'012');
INSERT INTO api_candidat VALUES(41,121,'013');
INSERT INTO api_candidat VALUES(42,129,'014');
INSERT INTO api_candidat VALUES(43,157,'015');
INSERT INTO api_candidat VALUES(44,170,'016');
INSERT INTO api_candidat VALUES(45,175,'017');
INSERT INTO api_candidat VALUES(46,184,'018');
INSERT INTO api_candidat VALUES(47,203,'019');
INSERT INTO api_candidat VALUES(48,212,'020');
INSERT INTO api_candidat VALUES(49,216,'021');
INSERT INTO api_candidat VALUES(50,231,'022');
INSERT INTO api_candidat VALUES(51,234,'023');
INSERT INTO api_candidat VALUES(52,238,'024');
INSERT INTO api_candidat VALUES(53,240,'025');
INSERT INTO api_candidat VALUES(54,246,'026');
INSERT INTO api_candidat VALUES(55,255,'027');
INSERT INTO api_candidat VALUES(56,260,'028');
INSERT INTO api_candidat VALUES(57,286,'029');
INSERT INTO api_candidat VALUES(58,292,'030');
INSERT INTO api_candidat VALUES(59,294,'031');
INSERT INTO api_candidat VALUES(60,296,'032');
CREATE TABLE IF NOT EXISTS "django_session" ("session_key" varchar(40) NOT NULL PRIMARY KEY, "session_data" text NOT NULL, "expire_date" datetime NOT NULL);
CREATE TABLE IF NOT EXISTS "token_blacklist_blacklistedtoken" ("blacklisted_at" datetime NOT NULL, "token_id" bigint NOT NULL UNIQUE REFERENCES "token_blacklist_outstandingtoken" ("id") DEFERRABLE INITIALLY DEFERRED, "id" integer NOT NULL PRIMARY KEY AUTOINCREMENT);
CREATE TABLE IF NOT EXISTS "token_blacklist_outstandingtoken" ("token" text NOT NULL, "created_at" datetime NULL, "expires_at" datetime NOT NULL, "user_id" bigint NULL REFERENCES "api_utilisateur" ("id") DEFERRABLE INITIALLY DEFERRED, "jti" varchar(255) NOT NULL UNIQUE, "id" integer NOT NULL PRIMARY KEY AUTOINCREMENT);
INSERT INTO token_blacklist_outstandingtoken VALUES('eyJhbGciOiJIUzI1NiIsInR5cCI6IkpXVCJ9.eyJ0b2tlbl90eXBlIjoicmVmcmVzaCIsImV4cCI6MTc0OTM1MjQ0OCwiaWF0IjoxNzQ4NzQ3NjQ4LCJqdGkiOiIyOTA4ZmQ2N2YwMmQ0NGU5YmIxZTU2MDFjMDlmOTBhZSIsInVzZXJfaWQiOjF9.2boyCrJAvAan5R3lvha4dc460_T-49WxVNJAkEEwh_M','2025-06-01 03:14:08.271195','2025-06-08 03:14:08',1,'2908fd67f02d44e9bb1e5601c09f90ae',1);
INSERT INTO token_blacklist_outstandingtoken VALUES('eyJhbGciOiJIUzI1NiIsInR5cCI6IkpXVCJ9.eyJ0b2tlbl90eXBlIjoicmVmcmVzaCIsImV4cCI6MTc0OTM1MzgxNiwiaWF0IjoxNzQ4NzQ5MDE2LCJqdGkiOiJkOGM4NWJkMTQ4MzQ0MDlmYTU1OGVmNDU5NWJmZDcwZCIsInVzZXJfaWQiOjF9.lrPe00sucqEJyp0jJDPOsdYzjy_3YADSA3Esy9AkLNY','2025-06-01 03:36:56.589614','2025-06-08 03:36:56',1,'d8c85bd14834409fa558ef4595bfd70d',2);
INSERT INTO token_blacklist_outstandingtoken VALUES('eyJhbGciOiJIUzI1NiIsInR5cCI6IkpXVCJ9.eyJ0b2tlbl90eXBlIjoicmVmcmVzaCIsImV4cCI6MTc0OTM1NDk1MSwiaWF0IjoxNzQ4NzUwMTUxLCJqdGkiOiJmMGFiOTlkNDk2YzM0ZGViYTYyMmI0NmM4ODRkYWRjZiIsInVzZXJfaWQiOjF9.agr-uc1T57geHt_HsZAfUAhYN5hlabNciKo5t5ZhdAg','2025-06-01 03:55:51.260887','2025-06-08 03:55:51',1,'f0ab99d496c34deba622b46c884dadcf',3);
INSERT INTO token_blacklist_outstandingtoken VALUES('eyJhbGciOiJIUzI1NiIsInR5cCI6IkpXVCJ9.eyJ0b2tlbl90eXBlIjoicmVmcmVzaCIsImV4cCI6MTc0OTM1NDk5NCwiaWF0IjoxNzQ4NzUwMTk0LCJqdGkiOiIyNGE4ZjU3ZGM0NTQ0YzVmYjYwMmFiOTlhOTBkZmRmMSIsInVzZXJfaWQiOjF9.kPxZl9uUiL9sQ74UZO_Mclg_1aNVVl8eCdd_qbj3Stw','2025-06-01 03:56:34.203115','2025-06-08 03:56:34',1,'24a8f57dc4544c5fb602ab99a90dfdf1',4);
DELETE FROM sqlite_sequence;
INSERT INTO sqlite_sequence VALUES('django_migrations',33);
INSERT INTO sqlite_sequence VALUES('django_content_type',27);
INSERT INTO sqlite_sequence VALUES('auth_permission',108);
INSERT INTO sqlite_sequence VALUES('auth_group',0);
INSERT INTO sqlite_sequence VALUES('django_admin_log',0);
INSERT INTO sqlite_sequence VALUES('api_eleve',300);
INSERT INTO sqlite_sequence VALUES('api_candidat',60);
INSERT INTO sqlite_sequence VALUES('token_blacklist_blacklistedtoken',0);
INSERT INTO sqlite_sequence VALUES('token_blacklist_outstandingtoken',4);
INSERT INTO sqlite_sequence VALUES('api_concours',1);
INSERT INTO sqlite_sequence VALUES('api_infosgenerales',1);
INSERT INTO sqlite_sequence VALUES('api_profil',2);
INSERT INTO sqlite_sequence VALUES('api_utilisateur',2);
INSERT INTO sqlite_sequence VALUES('api_pays',21);
INSERT INTO sqlite_sequence VALUES('api_serie',20);
INSERT INTO sqlite_sequence VALUES('api_mention',8);
INSERT INTO sqlite_sequence VALUES('api_matiere',5);
INSERT INTO sqlite_sequence VALUES('api_specialite',2);
INSERT INTO sqlite_sequence VALUES('api_parametre',1);
INSERT INTO sqlite_sequence VALUES('api_jury',1);
INSERT INTO sqlite_sequence VALUES('api_membrejury',3);
INSERT INTO sqlite_sequence VALUES('api_coefficientmatierephase',20);
INSERT INTO sqlite_sequence VALUES('api_diplome',7);
INSERT INTO sqlite_sequence VALUES('api_diplomeobtenu',600);
INSERT INTO sqlite_sequence VALUES('api_note',1200);
INSERT INTO sqlite_sequence VALUES('api_diplomeobtenu_notes',1200);
INSERT INTO sqlite_sequence VALUES('api_dossier',300);
INSERT INTO sqlite_sequence VALUES('api_dossier_diplomes_obtenus',600);
CREATE UNIQUE INDEX "django_content_type_app_label_model_76bd3d3b_uniq" ON "django_content_type" ("app_label", "model");
CREATE UNIQUE INDEX "auth_group_permissions_group_id_permission_id_0cd325b0_uniq" ON "auth_group_permissions" ("group_id", "permission_id");
CREATE INDEX "auth_group_permissions_group_id_b120cbf9" ON "auth_group_permissions" ("group_id");
CREATE INDEX "auth_group_permissions_permission_id_84c5c92e" ON "auth_group_permissions" ("permission_id");
CREATE UNIQUE INDEX "auth_permission_content_type_id_codename_01ab375a_uniq" ON "auth_permission" ("content_type_id", "codename");
CREATE INDEX "auth_permission_content_type_id_2f476e4b" ON "auth_permission" ("content_type_id");
CREATE INDEX "api_diplomeobtenu_diplome_id_7d654a76" ON "api_diplomeobtenu" ("diplome_id");
CREATE UNIQUE INDEX "api_dossier_diplomes_obtenus_dossier_id_diplomeobtenu_id_a8559d77_uniq" ON "api_dossier_diplomes_obtenus" ("dossier_id", "diplomeobtenu_id");
CREATE INDEX "api_dossier_diplomes_obtenus_dossier_id_5f4dfb96" ON "api_dossier_diplomes_obtenus" ("dossier_id");
CREATE INDEX "api_dossier_diplomes_obtenus_diplomeobtenu_id_95e61d3b" ON "api_dossier_diplomes_obtenus" ("diplomeobtenu_id");
CREATE INDEX "api_note_matiere_id_f46c6d13" ON "api_note" ("matiere_id");
CREATE INDEX "api_membrejury_jury_id_dc924c7a" ON "api_membrejury" ("jury_id");
CREATE INDEX "api_dossier_specialite_id_b02e2619" ON "api_dossier" ("specialite_id");
CREATE INDEX "api_diplomeobtenu_mention_id_81e29384" ON "api_diplomeobtenu" ("mention_id");
CREATE UNIQUE INDEX "api_diplomeobtenu_notes_diplomeobtenu_id_note_id_6eed1649_uniq" ON "api_diplomeobtenu_notes" ("diplomeobtenu_id", "note_id");
CREATE INDEX "api_diplomeobtenu_notes_diplomeobtenu_id_ce7b2b35" ON "api_diplomeobtenu_notes" ("diplomeobtenu_id");
CREATE INDEX "api_diplomeobtenu_notes_note_id_baae7c21" ON "api_diplomeobtenu_notes" ("note_id");
CREATE INDEX "api_diplomeobtenu_pays_id_237a7f1a" ON "api_diplomeobtenu" ("pays_id");
CREATE INDEX "api_diplomeobtenu_serie_id_d54ff6cc" ON "api_diplomeobtenu" ("serie_id");
CREATE INDEX "api_coefficientmatierephase_matiere_id_a0c938f6" ON "api_coefficientmatierephase" ("matiere_id");
CREATE INDEX "api_coefficientmatierephase_specialite_id_470bb3a7" ON "api_coefficientmatierephase" ("specialite_id");
CREATE UNIQUE INDEX "api_candidat_notes_candidat_id_note_id_7ae5f604_uniq" ON "api_candidat_notes" ("candidat_id", "note_id");
CREATE INDEX "api_candidat_notes_candidat_id_a5cd5576" ON "api_candidat_notes" ("candidat_id");
CREATE INDEX "api_candidat_notes_note_id_e979e63e" ON "api_candidat_notes" ("note_id");
CREATE INDEX "api_utilisateur_profil_id_4bed7824" ON "api_utilisateur" ("profil_id");
CREATE UNIQUE INDEX "api_utilisateur_groups_utilisateur_id_group_id_1308bcb4_uniq" ON "api_utilisateur_groups" ("utilisateur_id", "group_id");
CREATE INDEX "api_utilisateur_groups_utilisateur_id_0caa6b93" ON "api_utilisateur_groups" ("utilisateur_id");
CREATE INDEX "api_utilisateur_groups_group_id_fdf78c4b" ON "api_utilisateur_groups" ("group_id");
CREATE UNIQUE INDEX "api_utilisateur_user_permissions_utilisateur_id_permission_id_61068701_uniq" ON "api_utilisateur_user_permissions" ("utilisateur_id", "permission_id");
CREATE INDEX "api_utilisateur_user_permissions_utilisateur_id_60df7149" ON "api_utilisateur_user_permissions" ("utilisateur_id");
CREATE INDEX "api_utilisateur_user_permissions_permission_id_69653c2f" ON "api_utilisateur_user_permissions" ("permission_id");
CREATE INDEX "django_admin_log_content_type_id_c4bce8eb" ON "django_admin_log" ("content_type_id");
CREATE INDEX "django_admin_log_user_id_c564eba6" ON "django_admin_log" ("user_id");
CREATE INDEX "api_eleve_dossier_id_5217b65c" ON "api_eleve" ("dossier_id");
CREATE INDEX "api_eleve_pays_naissance_id_e74d9747" ON "api_eleve" ("pays_naissance_id");
CREATE INDEX "django_session_expire_date_a5c62663" ON "django_session" ("expire_date");
CREATE INDEX "token_blacklist_outstandingtoken_user_id_83bc629a" ON "token_blacklist_outstandingtoken" ("user_id");
COMMIT;
