PRAGMA foreign_keys=OFF;
BEGIN TRANSACTION;
CREATE TABLE IF NOT EXISTS "django_migrations" ("id" integer NOT NULL PRIMARY KEY AUTOINCREMENT, "app" varchar(255) NOT NULL, "name" varchar(255) NOT NULL, "applied" datetime NOT NULL);
INSERT INTO django_migrations VALUES(1,'contenttypes','0001_initial','2025-05-19 21:32:19.193149');
INSERT INTO django_migrations VALUES(2,'contenttypes','0002_remove_content_type_name','2025-05-19 21:32:19.197015');
INSERT INTO django_migrations VALUES(3,'auth','0001_initial','2025-05-19 21:32:19.202696');
INSERT INTO django_migrations VALUES(4,'auth','0002_alter_permission_name_max_length','2025-05-19 21:32:19.206210');
INSERT INTO django_migrations VALUES(5,'auth','0003_alter_user_email_max_length','2025-05-19 21:32:19.208328');
INSERT INTO django_migrations VALUES(6,'auth','0004_alter_user_username_opts','2025-05-19 21:32:19.210358');
INSERT INTO django_migrations VALUES(7,'auth','0005_alter_user_last_login_null','2025-05-19 21:32:19.212207');
INSERT INTO django_migrations VALUES(8,'auth','0006_require_contenttypes_0002','2025-05-19 21:32:19.212775');
INSERT INTO django_migrations VALUES(9,'auth','0007_alter_validators_add_error_messages','2025-05-19 21:32:19.214586');
INSERT INTO django_migrations VALUES(10,'auth','0008_alter_user_username_max_length','2025-05-19 21:32:19.216633');
INSERT INTO django_migrations VALUES(11,'auth','0009_alter_user_last_name_max_length','2025-05-19 21:32:19.219063');
INSERT INTO django_migrations VALUES(12,'auth','0010_alter_group_name_max_length','2025-05-19 21:32:19.221893');
INSERT INTO django_migrations VALUES(13,'auth','0011_update_proxy_permissions','2025-05-19 21:32:19.223996');
INSERT INTO django_migrations VALUES(14,'auth','0012_alter_user_first_name_max_length','2025-05-19 21:32:19.226671');
INSERT INTO django_migrations VALUES(15,'api','0001_initial','2025-05-19 21:32:19.261748');
INSERT INTO django_migrations VALUES(16,'admin','0001_initial','2025-05-19 21:32:19.266096');
INSERT INTO django_migrations VALUES(17,'admin','0002_logentry_remove_auto_add','2025-05-19 21:32:19.272215');
INSERT INTO django_migrations VALUES(18,'admin','0003_logentry_add_action_flag_choices','2025-05-19 21:32:19.276026');
INSERT INTO django_migrations VALUES(19,'sessions','0001_initial','2025-05-19 21:32:19.277973');
INSERT INTO django_migrations VALUES(20,'token_blacklist','0001_initial','2025-05-19 21:32:19.289009');
INSERT INTO django_migrations VALUES(21,'token_blacklist','0002_outstandingtoken_jti_hex','2025-05-19 21:32:19.295797');
INSERT INTO django_migrations VALUES(22,'token_blacklist','0003_auto_20171017_2007','2025-05-19 21:32:19.306642');
INSERT INTO django_migrations VALUES(23,'token_blacklist','0004_auto_20171017_2013','2025-05-19 21:32:19.312611');
INSERT INTO django_migrations VALUES(24,'token_blacklist','0005_remove_outstandingtoken_jti','2025-05-19 21:32:19.317773');
INSERT INTO django_migrations VALUES(25,'token_blacklist','0006_auto_20171017_2113','2025-05-19 21:32:19.322712');
INSERT INTO django_migrations VALUES(26,'token_blacklist','0007_auto_20171017_2214','2025-05-19 21:32:19.333873');
INSERT INTO django_migrations VALUES(27,'token_blacklist','0008_migrate_to_bigautofield','2025-05-19 21:32:19.357858');
INSERT INTO django_migrations VALUES(28,'token_blacklist','0010_fix_migrate_to_bigautofield','2025-05-19 21:32:19.366332');
INSERT INTO django_migrations VALUES(29,'token_blacklist','0011_linearizes_history','2025-05-19 21:32:19.367005');
INSERT INTO django_migrations VALUES(30,'token_blacklist','0012_alter_outstandingtoken_user','2025-05-19 21:32:19.370676');
INSERT INTO django_migrations VALUES(31,'token_blacklist','0007_auto_20171017_2214','2025-05-16 02:23:53.981249');
INSERT INTO django_migrations VALUES(32,'token_blacklist','0008_migrate_to_bigautofield','2025-05-16 02:23:54.016535');
INSERT INTO django_migrations VALUES(33,'token_blacklist','0010_fix_migrate_to_bigautofield','2025-05-16 02:23:54.049379');
INSERT INTO django_migrations VALUES(34,'token_blacklist','0011_linearizes_history','2025-05-16 02:23:54.055520');
INSERT INTO django_migrations VALUES(35,'token_blacklist','0012_alter_outstandingtoken_user','2025-05-16 02:23:54.073147');
INSERT INTO django_migrations VALUES(36,'api','0007_alter_coefficientmatierephase_coefficient_and_more','2025-05-19 08:07:54.788939');
INSERT INTO django_migrations VALUES(37,'api','0008_remove_diplomeobtenu_dossier_and_more','2025-05-19 09:14:10.083929');
CREATE TABLE IF NOT EXISTS "django_content_type" ("id" integer NOT NULL PRIMARY KEY AUTOINCREMENT, "app_label" varchar(100) NOT NULL, "model" varchar(100) NOT NULL);
INSERT INTO django_content_type VALUES(1,'admin','logentry');
INSERT INTO django_content_type VALUES(2,'auth','permission');
INSERT INTO django_content_type VALUES(3,'auth','group');
INSERT INTO django_content_type VALUES(4,'contenttypes','contenttype');
INSERT INTO django_content_type VALUES(5,'sessions','session');
INSERT INTO django_content_type VALUES(6,'token_blacklist','blacklistedtoken');
INSERT INTO django_content_type VALUES(7,'token_blacklist','outstandingtoken');
INSERT INTO django_content_type VALUES(8,'api','archivage');
INSERT INTO django_content_type VALUES(9,'api','concours');
INSERT INTO django_content_type VALUES(10,'api','diplome');
INSERT INTO django_content_type VALUES(11,'api','diplomeobtenu');
INSERT INTO django_content_type VALUES(12,'api','dossier');
INSERT INTO django_content_type VALUES(13,'api','infosgenerales');
INSERT INTO django_content_type VALUES(14,'api','jury');
INSERT INTO django_content_type VALUES(15,'api','matiere');
INSERT INTO django_content_type VALUES(16,'api','mention');
INSERT INTO django_content_type VALUES(17,'api','parametre');
INSERT INTO django_content_type VALUES(18,'api','pays');
INSERT INTO django_content_type VALUES(19,'api','profil');
INSERT INTO django_content_type VALUES(20,'api','serie');
INSERT INTO django_content_type VALUES(21,'api','specialite');
INSERT INTO django_content_type VALUES(22,'api','note');
INSERT INTO django_content_type VALUES(23,'api','membrejury');
INSERT INTO django_content_type VALUES(24,'api','eleve');
INSERT INTO django_content_type VALUES(25,'api','coefficientmatierephase');
INSERT INTO django_content_type VALUES(26,'api','candidat');
INSERT INTO django_content_type VALUES(27,'api','utilisateur');
CREATE TABLE IF NOT EXISTS "auth_group_permissions" ("id" integer NOT NULL PRIMARY KEY AUTOINCREMENT, "group_id" integer NOT NULL REFERENCES "auth_group" ("id") DEFERRABLE INITIALLY DEFERRED, "permission_id" integer NOT NULL REFERENCES "auth_permission" ("id") DEFERRABLE INITIALLY DEFERRED);
CREATE TABLE IF NOT EXISTS "auth_permission" ("id" integer NOT NULL PRIMARY KEY AUTOINCREMENT, "content_type_id" integer NOT NULL REFERENCES "django_content_type" ("id") DEFERRABLE INITIALLY DEFERRED, "codename" varchar(100) NOT NULL, "name" varchar(255) NOT NULL);
INSERT INTO auth_permission VALUES(1,1,'add_logentry','Can add log entry');
INSERT INTO auth_permission VALUES(2,1,'change_logentry','Can change log entry');
INSERT INTO auth_permission VALUES(3,1,'delete_logentry','Can delete log entry');
INSERT INTO auth_permission VALUES(4,1,'view_logentry','Can view log entry');
INSERT INTO auth_permission VALUES(5,2,'add_permission','Can add permission');
INSERT INTO auth_permission VALUES(6,2,'change_permission','Can change permission');
INSERT INTO auth_permission VALUES(7,2,'delete_permission','Can delete permission');
INSERT INTO auth_permission VALUES(8,2,'view_permission','Can view permission');
INSERT INTO auth_permission VALUES(9,3,'add_group','Can add group');
INSERT INTO auth_permission VALUES(10,3,'change_group','Can change group');
INSERT INTO auth_permission VALUES(11,3,'delete_group','Can delete group');
INSERT INTO auth_permission VALUES(12,3,'view_group','Can view group');
INSERT INTO auth_permission VALUES(13,4,'add_contenttype','Can add content type');
INSERT INTO auth_permission VALUES(14,4,'change_contenttype','Can change content type');
INSERT INTO auth_permission VALUES(15,4,'delete_contenttype','Can delete content type');
INSERT INTO auth_permission VALUES(16,4,'view_contenttype','Can view content type');
INSERT INTO auth_permission VALUES(17,5,'add_session','Can add session');
INSERT INTO auth_permission VALUES(18,5,'change_session','Can change session');
INSERT INTO auth_permission VALUES(19,5,'delete_session','Can delete session');
INSERT INTO auth_permission VALUES(20,5,'view_session','Can view session');
INSERT INTO auth_permission VALUES(21,6,'add_blacklistedtoken','Can add blacklisted token');
INSERT INTO auth_permission VALUES(22,6,'change_blacklistedtoken','Can change blacklisted token');
INSERT INTO auth_permission VALUES(23,6,'delete_blacklistedtoken','Can delete blacklisted token');
INSERT INTO auth_permission VALUES(24,6,'view_blacklistedtoken','Can view blacklisted token');
INSERT INTO auth_permission VALUES(25,7,'add_outstandingtoken','Can add outstanding token');
INSERT INTO auth_permission VALUES(26,7,'change_outstandingtoken','Can change outstanding token');
INSERT INTO auth_permission VALUES(27,7,'delete_outstandingtoken','Can delete outstanding token');
INSERT INTO auth_permission VALUES(28,7,'view_outstandingtoken','Can view outstanding token');
INSERT INTO auth_permission VALUES(29,8,'add_archivage','Can add archivage');
INSERT INTO auth_permission VALUES(30,8,'change_archivage','Can change archivage');
INSERT INTO auth_permission VALUES(31,8,'delete_archivage','Can delete archivage');
INSERT INTO auth_permission VALUES(32,8,'view_archivage','Can view archivage');
INSERT INTO auth_permission VALUES(33,9,'add_concours','Can add concours');
INSERT INTO auth_permission VALUES(34,9,'change_concours','Can change concours');
INSERT INTO auth_permission VALUES(35,9,'delete_concours','Can delete concours');
INSERT INTO auth_permission VALUES(36,9,'view_concours','Can view concours');
INSERT INTO auth_permission VALUES(37,10,'add_diplome','Can add diplome');
INSERT INTO auth_permission VALUES(38,10,'change_diplome','Can change diplome');
INSERT INTO auth_permission VALUES(39,10,'delete_diplome','Can delete diplome');
INSERT INTO auth_permission VALUES(40,10,'view_diplome','Can view diplome');
INSERT INTO auth_permission VALUES(41,11,'add_diplomeobtenu','Can add diplome obtenu');
INSERT INTO auth_permission VALUES(42,11,'change_diplomeobtenu','Can change diplome obtenu');
INSERT INTO auth_permission VALUES(43,11,'delete_diplomeobtenu','Can delete diplome obtenu');
INSERT INTO auth_permission VALUES(44,11,'view_diplomeobtenu','Can view diplome obtenu');
INSERT INTO auth_permission VALUES(45,12,'add_dossier','Can add dossier');
INSERT INTO auth_permission VALUES(46,12,'change_dossier','Can change dossier');
INSERT INTO auth_permission VALUES(47,12,'delete_dossier','Can delete dossier');
INSERT INTO auth_permission VALUES(48,12,'view_dossier','Can view dossier');
INSERT INTO auth_permission VALUES(49,13,'add_infosgenerales','Can add infos generales');
INSERT INTO auth_permission VALUES(50,13,'change_infosgenerales','Can change infos generales');
INSERT INTO auth_permission VALUES(51,13,'delete_infosgenerales','Can delete infos generales');
INSERT INTO auth_permission VALUES(52,13,'view_infosgenerales','Can view infos generales');
INSERT INTO auth_permission VALUES(53,14,'add_jury','Can add jury');
INSERT INTO auth_permission VALUES(54,14,'change_jury','Can change jury');
INSERT INTO auth_permission VALUES(55,14,'delete_jury','Can delete jury');
INSERT INTO auth_permission VALUES(56,14,'view_jury','Can view jury');
INSERT INTO auth_permission VALUES(57,15,'add_matiere','Can add matiere');
INSERT INTO auth_permission VALUES(58,15,'change_matiere','Can change matiere');
INSERT INTO auth_permission VALUES(59,15,'delete_matiere','Can delete matiere');
INSERT INTO auth_permission VALUES(60,15,'view_matiere','Can view matiere');
INSERT INTO auth_permission VALUES(61,16,'add_mention','Can add mention');
INSERT INTO auth_permission VALUES(62,16,'change_mention','Can change mention');
INSERT INTO auth_permission VALUES(63,16,'delete_mention','Can delete mention');
INSERT INTO auth_permission VALUES(64,16,'view_mention','Can view mention');
INSERT INTO auth_permission VALUES(65,17,'add_parametre','Can add parametre');
INSERT INTO auth_permission VALUES(66,17,'change_parametre','Can change parametre');
INSERT INTO auth_permission VALUES(67,17,'delete_parametre','Can delete parametre');
INSERT INTO auth_permission VALUES(68,17,'view_parametre','Can view parametre');
INSERT INTO auth_permission VALUES(69,18,'add_pays','Can add pays');
INSERT INTO auth_permission VALUES(70,18,'change_pays','Can change pays');
INSERT INTO auth_permission VALUES(71,18,'delete_pays','Can delete pays');
INSERT INTO auth_permission VALUES(72,18,'view_pays','Can view pays');
INSERT INTO auth_permission VALUES(73,19,'add_profil','Can add profil');
INSERT INTO auth_permission VALUES(74,19,'change_profil','Can change profil');
INSERT INTO auth_permission VALUES(75,19,'delete_profil','Can delete profil');
INSERT INTO auth_permission VALUES(76,19,'view_profil','Can view profil');
INSERT INTO auth_permission VALUES(77,20,'add_serie','Can add serie');
INSERT INTO auth_permission VALUES(78,20,'change_serie','Can change serie');
INSERT INTO auth_permission VALUES(79,20,'delete_serie','Can delete serie');
INSERT INTO auth_permission VALUES(80,20,'view_serie','Can view serie');
INSERT INTO auth_permission VALUES(81,21,'add_specialite','Can add specialite');
INSERT INTO auth_permission VALUES(82,21,'change_specialite','Can change specialite');
INSERT INTO auth_permission VALUES(83,21,'delete_specialite','Can delete specialite');
INSERT INTO auth_permission VALUES(84,21,'view_specialite','Can view specialite');
INSERT INTO auth_permission VALUES(85,22,'add_note','Can add note');
INSERT INTO auth_permission VALUES(86,22,'change_note','Can change note');
INSERT INTO auth_permission VALUES(87,22,'delete_note','Can delete note');
INSERT INTO auth_permission VALUES(88,22,'view_note','Can view note');
INSERT INTO auth_permission VALUES(89,23,'add_membrejury','Can add membre jury');
INSERT INTO auth_permission VALUES(90,23,'change_membrejury','Can change membre jury');
INSERT INTO auth_permission VALUES(91,23,'delete_membrejury','Can delete membre jury');
INSERT INTO auth_permission VALUES(92,23,'view_membrejury','Can view membre jury');
INSERT INTO auth_permission VALUES(93,24,'add_eleve','Can add eleve');
INSERT INTO auth_permission VALUES(94,24,'change_eleve','Can change eleve');
INSERT INTO auth_permission VALUES(95,24,'delete_eleve','Can delete eleve');
INSERT INTO auth_permission VALUES(96,24,'view_eleve','Can view eleve');
INSERT INTO auth_permission VALUES(97,25,'add_coefficientmatierephase','Can add coefficient matiere phase');
INSERT INTO auth_permission VALUES(98,25,'change_coefficientmatierephase','Can change coefficient matiere phase');
INSERT INTO auth_permission VALUES(99,25,'delete_coefficientmatierephase','Can delete coefficient matiere phase');
INSERT INTO auth_permission VALUES(100,25,'view_coefficientmatierephase','Can view coefficient matiere phase');
INSERT INTO auth_permission VALUES(101,26,'add_candidat','Can add candidat');
INSERT INTO auth_permission VALUES(102,26,'change_candidat','Can change candidat');
INSERT INTO auth_permission VALUES(103,26,'delete_candidat','Can delete candidat');
INSERT INTO auth_permission VALUES(104,26,'view_candidat','Can view candidat');
INSERT INTO auth_permission VALUES(105,27,'add_utilisateur','Can add utilisateur');
INSERT INTO auth_permission VALUES(106,27,'change_utilisateur','Can change utilisateur');
INSERT INTO auth_permission VALUES(107,27,'delete_utilisateur','Can delete utilisateur');
INSERT INTO auth_permission VALUES(108,27,'view_utilisateur','Can view utilisateur');
CREATE TABLE IF NOT EXISTS "auth_group" ("id" integer NOT NULL PRIMARY KEY AUTOINCREMENT, "name" varchar(150) NOT NULL UNIQUE);
CREATE TABLE IF NOT EXISTS "api_archivage" ("id_archive" integer NOT NULL PRIMARY KEY AUTOINCREMENT, "fichier" varchar(255) NOT NULL, "date" date NOT NULL);
INSERT INTO api_archivage VALUES(1,'archives/export_20250516_023200.sql','2025-05-16');
INSERT INTO api_archivage VALUES(2,'archives/export_20250516_024040.sql','2025-05-16');
INSERT INTO api_archivage VALUES(3,'archives/export_20250516_024437.sql','2025-05-16');
INSERT INTO api_archivage VALUES(4,'archives/export_20250516_024535.sql','2025-05-16');
CREATE TABLE IF NOT EXISTS "api_concours" ("id" integer NOT NULL PRIMARY KEY AUTOINCREMENT, "date_debut" varchar(100) NOT NULL, "date_fin" varchar(100) NOT NULL, "annee_civile" varchar(100) NOT NULL);
INSERT INTO api_concours VALUES(2,'2025-05-05','2025-06-09','2025');
CREATE TABLE IF NOT EXISTS "api_diplome" ("id_diplome" integer NOT NULL PRIMARY KEY AUTOINCREMENT, "libelle" varchar(100) NOT NULL, "abreviation" varchar(100) NOT NULL);
INSERT INTO api_diplome VALUES(1,'BAC1','BAC');
CREATE TABLE IF NOT EXISTS "api_diplomeobtenu" ("id_diplome_obtenu" integer NOT NULL PRIMARY KEY AUTOINCREMENT, "annee" date NOT NULL, "diplome_id" integer NULL REFERENCES "api_diplome" ("id_diplome") DEFERRABLE INITIALLY DEFERRED, "mention_id" integer NULL REFERENCES "api_mention" ("id_mention") DEFERRABLE INITIALLY DEFERRED, "pays_id" integer NULL REFERENCES "api_pays" ("id_pays") DEFERRABLE INITIALLY DEFERRED, "serie_id" integer NULL REFERENCES "api_serie" ("id_serie") DEFERRABLE INITIALLY DEFERRED);
INSERT INTO api_diplomeobtenu VALUES(4,'2025-04-04',1,1,3,1);
CREATE TABLE IF NOT EXISTS "api_dossier" ("id_dossier" integer NOT NULL PRIMARY KEY AUTOINCREMENT, "date_inscription" date NOT NULL, "specialite_id" integer NULL REFERENCES "api_specialite" ("id_specialite") DEFERRABLE INITIALLY DEFERRED);
INSERT INTO api_dossier VALUES(3,1,'2025-04-04');
CREATE TABLE IF NOT EXISTS "api_dossier_diplomes_obtenus" ("id" integer NOT NULL PRIMARY KEY AUTOINCREMENT, "dossier_id" integer NOT NULL REFERENCES "api_dossier" ("id_dossier") DEFERRABLE INITIALLY DEFERRED, "diplomeobtenu_id" integer NOT NULL REFERENCES "api_diplomeobtenu" ("id_diplome_obtenu") DEFERRABLE INITIALLY DEFERRED);
INSERT INTO api_dossier_diplomes_obtenus VALUES(2,3,4);
CREATE TABLE IF NOT EXISTS "api_infosgenerales" ("id" integer NOT NULL PRIMARY KEY AUTOINCREMENT, "nom_universite" varchar(100) NOT NULL, "nom_ecole" varchar(100) NOT NULL, "ville" varchar(100) NOT NULL, "rue" varchar(100) NOT NULL, "bp" varchar(100) NOT NULL, "tel" varchar(100) NOT NULL, "fax" varchar(100) NOT NULL, "email" varchar(100) NOT NULL, "adr_site_web" varchar(255) NOT NULL, "nom_responsable_ecole" varchar(100) NOT NULL, "titre_responsable_ecole" varchar(100) NOT NULL, "nom_responsable_etude" varchar(100) NOT NULL, "titre_responsable_etude" varchar(100) NOT NULL);
INSERT INTO api_infosgenerales VALUES(2,'Université de Lomé','Faculté des Sciences et Techniques','Lomé','Avenue de la Libération','BP 1515','+228 22 25 45 65','+228 22 25 45 75','fst@univ-lome.tg','www.fst.univ-lome.tg','Professeur Koffi Mensah','Doyen','Docteur Afi Amouzou','Chef de Département');
INSERT INTO api_infosgenerales VALUES(3,'Université de Kara','Ecole Supérieure d''Agronomie','Kara','Route de Mango','BP 404','+228 26 60 60 70','+228 26 60 60 75','esa@univ-kara.tg','www.esa.univ-kara.tg','Ingénieur Agronome Komla Agbéko','Directeur','Docteur Akossiwa Lawson','Responsable des Formations');
INSERT INTO api_infosgenerales VALUES(5,'Institut National de la Jeunesse et des Sports','Département des Activités Physiques et Sportives','Sokodé','Quartier Kpangalam','BP 123','+228 25 50 00 10','+228 25 50 00 10','daps@injs-togo.tg','www.injs-togo.tg','Monsieur Pierre Atayi','Directeur Général','Madame Claire Boko','Chef de Département des APS');
CREATE TABLE IF NOT EXISTS "api_jury" ("id_jury" integer NOT NULL PRIMARY KEY AUTOINCREMENT, "libelle" varchar(100) NOT NULL);
INSERT INTO api_jury VALUES(1,'Trancheur diplome');
CREATE TABLE IF NOT EXISTS "api_matiere" ("id_matiere" integer NOT NULL PRIMARY KEY AUTOINCREMENT, "libelle" varchar(100) NOT NULL, "abreviation" varchar(100) NOT NULL);
INSERT INTO api_matiere VALUES(2,'Math','MTH');
INSERT INTO api_matiere VALUES(4,'Sciences Physiques','Sc PHYS');
CREATE TABLE IF NOT EXISTS "api_mention" ("id_mention" integer NOT NULL PRIMARY KEY AUTOINCREMENT, "libelle" varchar(100) NOT NULL, "abreviation" varchar(100) NOT NULL, "moy_min" decimal NOT NULL, "moy_max" decimal NOT NULL);
INSERT INTO api_mention VALUES(1,'Honorable','HN',18,20);
INSERT INTO api_mention VALUES(3,'test','TS',10,20);
INSERT INTO api_mention VALUES(4,'test2','TS',10,20);
CREATE TABLE IF NOT EXISTS "api_parametre" ("id_parametre" integer NOT NULL PRIMARY KEY AUTOINCREMENT, "duree_max_oisivete" integer NULL, "bonus_annee_bac" integer NULL);
INSERT INTO api_parametre VALUES(1,3600,5);
CREATE TABLE IF NOT EXISTS "api_pays" ("id_pays" integer NOT NULL PRIMARY KEY AUTOINCREMENT, "nom_pays" varchar(100) NOT NULL, "code_pays" varchar(3) NOT NULL, "nationalite" varchar(100) NULL, "indicatif" varchar(5) NULL);
INSERT INTO api_pays VALUES(3,'Togo','TG',NULL,NULL);
INSERT INTO api_pays VALUES(4,'Ghana','GH','227','Ghanéenne');
CREATE TABLE IF NOT EXISTS "api_profil" ("id" integer NOT NULL PRIMARY KEY AUTOINCREMENT, "numProfil" varchar(100) NOT NULL, "nomProfil" varchar(100) NOT NULL);
INSERT INTO api_profil VALUES(1,'ADM147','admin');
INSERT INTO api_profil VALUES(2,'US123','utilisateur');
INSERT INTO api_profil VALUES(10,'47','test');
CREATE TABLE IF NOT EXISTS "api_serie" ("id_serie" integer NOT NULL PRIMARY KEY AUTOINCREMENT, "libelle" varchar(100) NOT NULL);
INSERT INTO api_serie VALUES(1,'Série A');
CREATE TABLE IF NOT EXISTS "api_specialite" ("id_specialite" integer NOT NULL PRIMARY KEY AUTOINCREMENT, "libelle" varchar(100) NOT NULL, "abreviation" varchar(100) NOT NULL);
INSERT INTO api_specialite VALUES(1,'Tronc commun','TCC');
CREATE TABLE IF NOT EXISTS "api_note" ("id_note" integer NOT NULL PRIMARY KEY AUTOINCREMENT, "note" decimal NOT NULL, "est_preselection" bool NOT NULL, "matiere_id" integer NULL REFERENCES "api_matiere" ("id_matiere") DEFERRABLE INITIALLY DEFERRED);
INSERT INTO api_note VALUES(1,18,1,2);
INSERT INTO api_note VALUES(2,18,1,2);
INSERT INTO api_note VALUES(3,0,1,NULL);
INSERT INTO api_note VALUES(4,0,1,2);
CREATE TABLE IF NOT EXISTS "api_membrejury" ("id_membre" integer NOT NULL PRIMARY KEY AUTOINCREMENT, "nom" varchar(100) NOT NULL, "prenom" varchar(100) NOT NULL, "jury_id" integer NULL REFERENCES "api_jury" ("id_jury") DEFERRABLE INITIALLY DEFERRED);
INSERT INTO api_membrejury VALUES(1,'EDOH','Gildas',1);
CREATE TABLE IF NOT EXISTS "api_eleve" ("id_eleve" integer NOT NULL PRIMARY KEY AUTOINCREMENT, "nom" varchar(100) NULL, "prenom" varchar(100) NULL, "sexe" varchar(1) NOT NULL, "date_naissance" date NULL, "lieu_naissance" varchar(100) NULL, "telephone" varchar(20) NULL, "email" varchar(254) NULL, "addresse" varchar(100) NULL, "dossier_id" integer NULL REFERENCES "api_dossier" ("id_dossier") DEFERRABLE INITIALLY DEFERRED, "pays_naissance_id" integer NULL REFERENCES "api_pays" ("id_pays") DEFERRABLE INITIALLY DEFERRED);
INSERT INTO api_eleve VALUES(4,'AZERA','koffi','M','2005-04-04','Lomé','93616072','koffiazera@gmail.com','Lomé',4,3);
CREATE TABLE IF NOT EXISTS "api_diplomeobtenu_notes" ("id" integer NOT NULL PRIMARY KEY AUTOINCREMENT, "diplomeobtenu_id" integer NOT NULL REFERENCES "api_diplomeobtenu" ("id_diplome_obtenu") DEFERRABLE INITIALLY DEFERRED, "note_id" integer NOT NULL REFERENCES "api_note" ("id_note") DEFERRABLE INITIALLY DEFERRED);
INSERT INTO api_diplomeobtenu_notes VALUES(6,4,1);
INSERT INTO api_diplomeobtenu_notes VALUES(7,4,2);
INSERT INTO api_diplomeobtenu_notes VALUES(8,4,3);
CREATE TABLE IF NOT EXISTS "api_coefficientmatierephase" ("id_coeffmp" integer NOT NULL PRIMARY KEY AUTOINCREMENT, "estPreselection" bool NOT NULL, "coefficient" integer NULL, "matiere_id" integer NULL REFERENCES "api_matiere" ("id_matiere") DEFERRABLE INITIALLY DEFERRED, "specialite_id" integer NULL REFERENCES "api_specialite" ("id_specialite") DEFERRABLE INITIALLY DEFERRED);
CREATE TABLE IF NOT EXISTS "api_candidat" ("id_candidat" integer NOT NULL PRIMARY KEY AUTOINCREMENT, "num_table" varchar(4) NULL UNIQUE, "eleve_id" integer NULL UNIQUE REFERENCES "api_eleve" ("id_eleve") DEFERRABLE INITIALLY DEFERRED);
CREATE TABLE IF NOT EXISTS "api_candidat_notes" ("id" integer NOT NULL PRIMARY KEY AUTOINCREMENT, "candidat_id" integer NOT NULL REFERENCES "api_candidat" ("id_candidat") DEFERRABLE INITIALLY DEFERRED, "note_id" integer NOT NULL REFERENCES "api_note" ("id_note") DEFERRABLE INITIALLY DEFERRED);
CREATE TABLE IF NOT EXISTS "api_utilisateur" ("id" integer NOT NULL PRIMARY KEY AUTOINCREMENT, "password" varchar(128) NOT NULL, "last_login" datetime NULL, "is_superuser" bool NOT NULL, "nom" varchar(100) NOT NULL, "prenom" varchar(100) NOT NULL, "email" varchar(100) NOT NULL, "telephone" varchar(100) NOT NULL, "code_access" varchar(100) NOT NULL UNIQUE, "profil_id" bigint NULL REFERENCES "api_profil" ("id") DEFERRABLE INITIALLY DEFERRED);
INSERT INTO api_utilisateur VALUES(7,'pbkdf2_sha256$600000$oTMpKcqZLxQMWu14lJ5FPd$nDG60fj0+WPJTasoXgx/fjTOSy+opPrKXHOoO46KBfY=',NULL,0,'Adjoa','Sesi','sylvaingossou@gmail.com','93616072','adj',1);
CREATE TABLE IF NOT EXISTS "api_utilisateur_groups" ("id" integer NOT NULL PRIMARY KEY AUTOINCREMENT, "utilisateur_id" bigint NOT NULL REFERENCES "api_utilisateur" ("id") DEFERRABLE INITIALLY DEFERRED, "group_id" integer NOT NULL REFERENCES "auth_group" ("id") DEFERRABLE INITIALLY DEFERRED);
CREATE TABLE IF NOT EXISTS "api_utilisateur_user_permissions" ("id" integer NOT NULL PRIMARY KEY AUTOINCREMENT, "utilisateur_id" bigint NOT NULL REFERENCES "api_utilisateur" ("id") DEFERRABLE INITIALLY DEFERRED, "permission_id" integer NOT NULL REFERENCES "auth_permission" ("id") DEFERRABLE INITIALLY DEFERRED);
CREATE TABLE IF NOT EXISTS "django_admin_log" ("id" integer NOT NULL PRIMARY KEY AUTOINCREMENT, "object_id" text NULL, "object_repr" varchar(200) NOT NULL, "action_flag" smallint unsigned NOT NULL CHECK ("action_flag" >= 0), "change_message" text NOT NULL, "content_type_id" integer NULL REFERENCES "django_content_type" ("id") DEFERRABLE INITIALLY DEFERRED, "user_id" bigint NOT NULL REFERENCES "api_utilisateur" ("id") DEFERRABLE INITIALLY DEFERRED, "action_time" datetime NOT NULL);
CREATE TABLE IF NOT EXISTS "django_session" ("session_key" varchar(40) NOT NULL PRIMARY KEY, "session_data" text NOT NULL, "expire_date" datetime NOT NULL);
CREATE TABLE IF NOT EXISTS "token_blacklist_blacklistedtoken" ("blacklisted_at" datetime NOT NULL, "token_id" bigint NOT NULL UNIQUE REFERENCES "token_blacklist_outstandingtoken" ("id") DEFERRABLE INITIALLY DEFERRED, "id" integer NOT NULL PRIMARY KEY AUTOINCREMENT);
INSERT INTO token_blacklist_blacklistedtoken VALUES('2025-04-22 02:32:05.824630',1,1);
CREATE TABLE IF NOT EXISTS "token_blacklist_outstandingtoken" ("token" text NOT NULL, "created_at" datetime NULL, "expires_at" datetime NOT NULL, "user_id" bigint NULL REFERENCES "api_utilisateur" ("id") DEFERRABLE INITIALLY DEFERRED, "jti" varchar(255) NOT NULL UNIQUE, "id" integer NOT NULL PRIMARY KEY AUTOINCREMENT);
INSERT INTO token_blacklist_outstandingtoken VALUES('eyJ0eXAiOiJKV1QiLCJhbGciOiJIUzI1NiJ9.eyJ0b2tlbl90eXBlIjoicmVmcmVzaCIsImV4cCI6MTc0NTg5MzgxMiwiaWF0IjoxNzQ1Mjg5MDEyLCJqdGkiOiI3ZTk4ZjViMmVmZWQ0YzBhYWFkNjRmNDAxNGZiZjEyMSIsInVzZXJfaWQiOjN9.vRrVTGJkWGhLVZb8vTu23809cWjK-LmlYb0sDTBeC_8','2025-04-22 02:30:12.176542','2025-04-29 02:30:12',NULL,'7e98f5b2efed4c0aaad64f4014fbf121',1);
INSERT INTO token_blacklist_outstandingtoken VALUES('eyJhbGciOiJIUzI1NiIsInR5cCI6IkpXVCJ9.eyJ0b2tlbl90eXBlIjoicmVmcmVzaCIsImV4cCI6MTc0NTkyNzE1MCwiaWF0IjoxNzQ1MzIyMzUwLCJqdGkiOiJmMDY5OTU2MzdlMTE0ZGZiYjM5NDJlZjU4NmVmZGRhNiIsInVzZXJfaWQiOjR9.TyPYG_tjc2ZssBFpz6pijDRQlOZE9qbqO4CPa_01Rts','2025-04-22 11:45:50.161850','2025-04-29 11:45:50',4,'f06995637e114dfbb3942ef586efdda6',2);
INSERT INTO token_blacklist_outstandingtoken VALUES('eyJhbGciOiJIUzI1NiIsInR5cCI6IkpXVCJ9.eyJ0b2tlbl90eXBlIjoicmVmcmVzaCIsImV4cCI6MTc0NTkyNzE1OCwiaWF0IjoxNzQ1MzIyMzU4LCJqdGkiOiIwMjJjZDU1NGE3MjY0ODM4OWQ0ZGNlMmJkZDg5MTZhOSIsInVzZXJfaWQiOjR9.oX49tmGFSw-qGI0y0nTbfWlrfk31J5GYU8sFvx8j1GM','2025-04-22 11:45:58.087982','2025-04-29 11:45:58',4,'022cd554a72648389d4dce2bdd8916a9',3);
INSERT INTO token_blacklist_outstandingtoken VALUES('eyJhbGciOiJIUzI1NiIsInR5cCI6IkpXVCJ9.eyJ0b2tlbl90eXBlIjoicmVmcmVzaCIsImV4cCI6MTc0NTkyNzE2MCwiaWF0IjoxNzQ1MzIyMzYwLCJqdGkiOiI1OWZhODliYWUwYjY0NjRjOTk1ZTM3YThkNjI2Mzg3NCIsInVzZXJfaWQiOjR9.Sks2zmYKs_c-qo3JHHm-9JI4qsgOivwbgeUyLda-SE4','2025-04-22 11:46:00.339289','2025-04-29 11:46:00',4,'59fa89bae0b6464c995e37a8d6263874',4);
INSERT INTO token_blacklist_outstandingtoken VALUES('eyJhbGciOiJIUzI1NiIsInR5cCI6IkpXVCJ9.eyJ0b2tlbl90eXBlIjoicmVmcmVzaCIsImV4cCI6MTc0NTkyNzE2MSwiaWF0IjoxNzQ1MzIyMzYxLCJqdGkiOiJhZDNiZWMwZjE1ZTg0MTZjOTZkNjNiYmRjYzQ0NzI4MCIsInVzZXJfaWQiOjR9.dGiwqfEYUfmFuMsq_Fxk4R6_qkffF5ju_dx2kxJN2G8','2025-04-22 11:46:01.799550','2025-04-29 11:46:01',4,'ad3bec0f15e8416c96d63bbdcc447280',5);
INSERT INTO token_blacklist_outstandingtoken VALUES('eyJhbGciOiJIUzI1NiIsInR5cCI6IkpXVCJ9.eyJ0b2tlbl90eXBlIjoicmVmcmVzaCIsImV4cCI6MTc0NTkyNzE2MywiaWF0IjoxNzQ1MzIyMzYzLCJqdGkiOiI4YTM3MTZkOTI1M2M0Mjg0OTYwY2FjZjNjYzFmNGQwNiIsInVzZXJfaWQiOjR9.MzNQIZZYUIpkUUxxP7TOEd2t91ClkBhWV6jUT2TVViQ','2025-04-22 11:46:03.129858','2025-04-29 11:46:03',4,'8a3716d9253c4284960cacf3cc1f4d06',6);
INSERT INTO token_blacklist_outstandingtoken VALUES('eyJhbGciOiJIUzI1NiIsInR5cCI6IkpXVCJ9.eyJ0b2tlbl90eXBlIjoicmVmcmVzaCIsImV4cCI6MTc0NTk1Mjk2NSwiaWF0IjoxNzQ1MzQ4MTY1LCJqdGkiOiIyN2QwZWYwOTIxMTE0ZDRiYTE2OTFiMWU2MWVjNGJiYyIsInVzZXJfaWQiOjR9.ae17n_qYmwiATv7U9jtVTNkY08Uv05ra9iB4FBMk2B4','2025-04-22 18:56:05.555243','2025-04-29 18:56:05',4,'27d0ef0921114d4ba1691b1e61ec4bbc',7);
INSERT INTO token_blacklist_outstandingtoken VALUES('eyJhbGciOiJIUzI1NiIsInR5cCI6IkpXVCJ9.eyJ0b2tlbl90eXBlIjoicmVmcmVzaCIsImV4cCI6MTc0NjY0MDI5MSwiaWF0IjoxNzQ2MDM1NDkxLCJqdGkiOiIxNmU1NjJkZDk3MDQ0NzA3YjIzZDM5ZGJmYWZkODA3YSIsInVzZXJfaWQiOjR9.eFXQEPabYjTqiI_1Foh0C3rsxpKdB6yKWbkkQim_GnI','2025-04-30 17:51:31.574892','2025-05-07 17:51:31',4,'16e562dd97044707b23d39dbfafd807a',8);
INSERT INTO token_blacklist_outstandingtoken VALUES('eyJhbGciOiJIUzI1NiIsInR5cCI6IkpXVCJ9.eyJ0b2tlbl90eXBlIjoicmVmcmVzaCIsImV4cCI6MTc0NzIzMzIyNiwiaWF0IjoxNzQ2NjI4NDI2LCJqdGkiOiI3NmI5ZTM3ZmQ4ZTA0ZDBiODEzN2NhOTZhYjcyZjIyZCIsInVzZXJfaWQiOjR9.yAkRAEN3Y7RCSe2DAPdU_Y3aHxgftAsi-_E7uyaH32Q','2025-05-07 14:33:46.926090','2025-05-14 14:33:46',4,'76b9e37fd8e04d0b8137ca96ab72f22d',9);
INSERT INTO token_blacklist_outstandingtoken VALUES('eyJhbGciOiJIUzI1NiIsInR5cCI6IkpXVCJ9.eyJ0b2tlbl90eXBlIjoicmVmcmVzaCIsImV4cCI6MTc0NzIzMzIyOSwiaWF0IjoxNzQ2NjI4NDI5LCJqdGkiOiI5YmZhNmMzNzZhZTU0ZjAxYWUzZTQ2YTI0YmJjNDkyYSIsInVzZXJfaWQiOjR9.fgXy4K2vHoJDtzp7_QDVOHIvFBknSYTBBiD8Kt7_eGU','2025-05-07 14:33:49.286649','2025-05-14 14:33:49',4,'9bfa6c376ae54f01ae3e46a24bbc492a',10);
INSERT INTO token_blacklist_outstandingtoken VALUES('eyJhbGciOiJIUzI1NiIsInR5cCI6IkpXVCJ9.eyJ0b2tlbl90eXBlIjoicmVmcmVzaCIsImV4cCI6MTc0NzIzMzIzMywiaWF0IjoxNzQ2NjI4NDMzLCJqdGkiOiJjMDY5MGFiYjgzZGY0OTFjYjM3NzEzNGU3M2JmMjgwYyIsInVzZXJfaWQiOjR9.xikoqH8LK6UsbPDjmaKWabxUkvVRoqJX4lgKbdULMzg','2025-05-07 14:33:53.871861','2025-05-14 14:33:53',4,'c0690abb83df491cb377134e73bf280c',11);
INSERT INTO token_blacklist_outstandingtoken VALUES('eyJhbGciOiJIUzI1NiIsInR5cCI6IkpXVCJ9.eyJ0b2tlbl90eXBlIjoicmVmcmVzaCIsImV4cCI6MTc0NzIzMzIzNSwiaWF0IjoxNzQ2NjI4NDM1LCJqdGkiOiI2Mzg4NzQ4ZGYwODM0ZDU1OTJiZGM3NzVhODk2ZDE3YSIsInVzZXJfaWQiOjR9.auOX4srlkR6l3fjy8xP21EPZDl6oTpG2E5_oxwHLIRk','2025-05-07 14:33:55.155445','2025-05-14 14:33:55',4,'6388748df0834d5592bdc775a896d17a',12);
INSERT INTO token_blacklist_outstandingtoken VALUES('eyJhbGciOiJIUzI1NiIsInR5cCI6IkpXVCJ9.eyJ0b2tlbl90eXBlIjoicmVmcmVzaCIsImV4cCI6MTc0NzIzMzIzNSwiaWF0IjoxNzQ2NjI4NDM1LCJqdGkiOiIzNjU1MjBiYTc4MTY0ZGUyYjdjZDQ1Nzg4MjIwNjM5YiIsInVzZXJfaWQiOjR9.vflnYbOqmGwioqbJb-bTsXLa1UosqLn3SJal0tQYSFE','2025-05-07 14:33:55.638891','2025-05-14 14:33:55',4,'365520ba78164de2b7cd45788220639b',13);
INSERT INTO token_blacklist_outstandingtoken VALUES('eyJhbGciOiJIUzI1NiIsInR5cCI6IkpXVCJ9.eyJ0b2tlbl90eXBlIjoicmVmcmVzaCIsImV4cCI6MTc0NzIzMzIzNiwiaWF0IjoxNzQ2NjI4NDM2LCJqdGkiOiI2NGMzZTQ0ZWZlNzU0NmZhODMyN2FkNTM0ZGYxMjgyNyIsInVzZXJfaWQiOjR9.Keuv42qAq85jpGTbNYAmsYCiPvTKy70FELGqFKg1Hp8','2025-05-07 14:33:56.087023','2025-05-14 14:33:56',4,'64c3e44efe7546fa8327ad534df12827',14);
INSERT INTO token_blacklist_outstandingtoken VALUES('eyJhbGciOiJIUzI1NiIsInR5cCI6IkpXVCJ9.eyJ0b2tlbl90eXBlIjoicmVmcmVzaCIsImV4cCI6MTc0NzIzMzIzNiwiaWF0IjoxNzQ2NjI4NDM2LCJqdGkiOiJlZjYyZGZiYzEwYjU0NjZhODJhZTYxMmUzMDk5MDRiMCIsInVzZXJfaWQiOjR9.40ca3IPAMFamMaxhPcf8s1d6mpVu0LHw-3BX_Rfk0R0','2025-05-07 14:33:56.520463','2025-05-14 14:33:56',4,'ef62dfbc10b5466a82ae612e309904b0',15);
INSERT INTO token_blacklist_outstandingtoken VALUES('eyJhbGciOiJIUzI1NiIsInR5cCI6IkpXVCJ9.eyJ0b2tlbl90eXBlIjoicmVmcmVzaCIsImV4cCI6MTc0NzIzMzIzNiwiaWF0IjoxNzQ2NjI4NDM2LCJqdGkiOiJhNWE4YzRkMWJiN2E0ZTIxYjRlMjJkNWZkYTM3YWYzOSIsInVzZXJfaWQiOjR9.yfI2HAu0s6Q87DAHpUU9Ge0aaf8T117jJbDQXU5pLbU','2025-05-07 14:33:56.936015','2025-05-14 14:33:56',4,'a5a8c4d1bb7a4e21b4e22d5fda37af39',16);
INSERT INTO token_blacklist_outstandingtoken VALUES('eyJhbGciOiJIUzI1NiIsInR5cCI6IkpXVCJ9.eyJ0b2tlbl90eXBlIjoicmVmcmVzaCIsImV4cCI6MTc0NzIzMzIzNywiaWF0IjoxNzQ2NjI4NDM3LCJqdGkiOiI5NDFiZWYyZGYxNGQ0NTMyOGVkMmFhODAwMjJjM2M0MSIsInVzZXJfaWQiOjR9.ct5X3cmFCknzq9WiA_nvBjsGbrSkuRW9vO5j8I3_Ym0','2025-05-07 14:33:57.337370','2025-05-14 14:33:57',4,'941bef2df14d45328ed2aa80022c3c41',17);
INSERT INTO token_blacklist_outstandingtoken VALUES('eyJhbGciOiJIUzI1NiIsInR5cCI6IkpXVCJ9.eyJ0b2tlbl90eXBlIjoicmVmcmVzaCIsImV4cCI6MTc0NzIzMzIzNywiaWF0IjoxNzQ2NjI4NDM3LCJqdGkiOiIyMzc1ODRiYWM2ZmI0ZjljOGY3N2U2YjBjZGQ3OTJhNSIsInVzZXJfaWQiOjR9.ycQRDtGBOW1yhMVOnPgBEBGuRpPes2PGpr-07hUWZ8w','2025-05-07 14:33:57.720831','2025-05-14 14:33:57',4,'237584bac6fb4f9c8f77e6b0cdd792a5',18);
INSERT INTO token_blacklist_outstandingtoken VALUES('eyJhbGciOiJIUzI1NiIsInR5cCI6IkpXVCJ9.eyJ0b2tlbl90eXBlIjoicmVmcmVzaCIsImV4cCI6MTc0NzIzMzIzOCwiaWF0IjoxNzQ2NjI4NDM4LCJqdGkiOiI2ZDY1ZDcxMWZhMTk0ZjMzOWI3ZjE5ZmU1YzY3MDMzOCIsInVzZXJfaWQiOjR9.l00i2L2rj3XsFx61N11H7bMZsV-LqCCiBdZUQsKUm0g','2025-05-07 14:33:58.108582','2025-05-14 14:33:58',4,'6d65d711fa194f339b7f19fe5c670338',19);
INSERT INTO token_blacklist_outstandingtoken VALUES('eyJhbGciOiJIUzI1NiIsInR5cCI6IkpXVCJ9.eyJ0b2tlbl90eXBlIjoicmVmcmVzaCIsImV4cCI6MTc0NzIzMzQ4MywiaWF0IjoxNzQ2NjI4NjgzLCJqdGkiOiJhZWFlNmFkMWVmNTk0ODdkOGRkNjViZWRlY2RmMGQ2MCIsInVzZXJfaWQiOjR9.wV7XGEbQg6DSnV_-Wx2SRH0WrRxTuPITtoQDUbWAauk','2025-05-07 14:38:03.786317','2025-05-14 14:38:03',4,'aeae6ad1ef59487d8dd65bedecdf0d60',20);
INSERT INTO token_blacklist_outstandingtoken VALUES('eyJhbGciOiJIUzI1NiIsInR5cCI6IkpXVCJ9.eyJ0b2tlbl90eXBlIjoicmVmcmVzaCIsImV4cCI6MTc0NzIzMzQ5MSwiaWF0IjoxNzQ2NjI4NjkxLCJqdGkiOiJjMWNkNGVmZTFhN2I0ZWMxYTc5ZGEyZjg0ODMzNjk2YiIsInVzZXJfaWQiOjR9.Cveba7f9tCNt_QjQdUJ3TewOwYSoFjMnQfsR7NL-HMg','2025-05-07 14:38:11.603195','2025-05-14 14:38:11',4,'c1cd4efe1a7b4ec1a79da2f84833696b',21);
INSERT INTO token_blacklist_outstandingtoken VALUES('eyJhbGciOiJIUzI1NiIsInR5cCI6IkpXVCJ9.eyJ0b2tlbl90eXBlIjoicmVmcmVzaCIsImV4cCI6MTc0NzMxNzY3MiwiaWF0IjoxNzQ2NzEyODcyLCJqdGkiOiIxMzFmMWY3MTcyMmI0YzU0ODE1ZDA0MDQ2MTEwYTk2OSIsInVzZXJfaWQiOjR9.oYPuoqb90VuP1GRSMfRkMNBarZFL0wSC0UOwmvRKl7k','2025-05-08 14:01:12.199341','2025-05-15 14:01:12',4,'131f1f71722b4c54815d04046110a969',22);
INSERT INTO token_blacklist_outstandingtoken VALUES('eyJhbGciOiJIUzI1NiIsInR5cCI6IkpXVCJ9.eyJ0b2tlbl90eXBlIjoicmVmcmVzaCIsImV4cCI6MTc0NzMxOTA0MiwiaWF0IjoxNzQ2NzE0MjQyLCJqdGkiOiI3ODc0NjJkZDZiMjg0YzM3ODhiNGE5OWJmOWRhMjhjZCIsInVzZXJfaWQiOjR9.zxtKiXVhhDOnZzlKDqaNNzHXhz5rHpwSqrYJiRrTEvY','2025-05-08 14:24:02.528547','2025-05-15 14:24:02',4,'787462dd6b284c3788b4a99bf9da28cd',23);
INSERT INTO token_blacklist_outstandingtoken VALUES('eyJhbGciOiJIUzI1NiIsInR5cCI6IkpXVCJ9.eyJ0b2tlbl90eXBlIjoicmVmcmVzaCIsImV4cCI6MTc0NzMyMjE0OCwiaWF0IjoxNzQ2NzE3MzQ4LCJqdGkiOiJmN2JkNzFiZjc0NWY0NGI1YTYzNGQyYzYxYjU1YWI0YyIsInVzZXJfaWQiOjR9.6HF8YRGOdqIpxsbvfriphwg5BbJ8Qdnz7cj3c-WRtAQ','2025-05-08 15:15:48.651197','2025-05-15 15:15:48',4,'f7bd71bf745f44b5a634d2c61b55ab4c',24);
INSERT INTO token_blacklist_outstandingtoken VALUES('eyJhbGciOiJIUzI1NiIsInR5cCI6IkpXVCJ9.eyJ0b2tlbl90eXBlIjoicmVmcmVzaCIsImV4cCI6MTc0NzM4NTQ1OCwiaWF0IjoxNzQ2NzgwNjU4LCJqdGkiOiI1NzgxNmY2ZWQyNDQ0Njc4YTA4ODg5YmE0OGRkNGExNiIsInVzZXJfaWQiOjR9.zbQTs8CGLXtka9UCPa-RvkiKSd4DOSPaIh7e_OcqHrs','2025-05-09 08:50:58.608393','2025-05-16 08:50:58',4,'57816f6ed2444678a08889ba48dd4a16',25);
INSERT INTO token_blacklist_outstandingtoken VALUES('eyJhbGciOiJIUzI1NiIsInR5cCI6IkpXVCJ9.eyJ0b2tlbl90eXBlIjoicmVmcmVzaCIsImV4cCI6MTc0NzM4NTk1NywiaWF0IjoxNzQ2NzgxMTU3LCJqdGkiOiJlYWNmOGNmMTNhNDQ0ZWQ4ODBlMDg4NDM5NWJkZmQ0ZiIsInVzZXJfaWQiOjR9.VTZvBRGOQrfEnJjjgk0lek2dmhZCwD8pp-YVMqVQt8c','2025-05-09 08:59:17.930705','2025-05-16 08:59:17',4,'eacf8cf13a444ed880e0884395bdfd4f',26);
INSERT INTO token_blacklist_outstandingtoken VALUES('eyJhbGciOiJIUzI1NiIsInR5cCI6IkpXVCJ9.eyJ0b2tlbl90eXBlIjoicmVmcmVzaCIsImV4cCI6MTc0NzczMDkyNCwiaWF0IjoxNzQ3MTI2MTI0LCJqdGkiOiJlZDg0MzhmOGQ4NWI0YWNmYTM2YjUxYTQ5ZDhjMDNkMCIsInVzZXJfaWQiOjR9.wSZTbzKME_U7D6UzTtYNacmq9LZoy65_RtWua8_mzSQ','2025-05-13 08:48:44.507793','2025-05-20 08:48:44',4,'ed8438f8d85b4acfa36b51a49d8c03d0',27);
INSERT INTO token_blacklist_outstandingtoken VALUES('eyJhbGciOiJIUzI1NiIsInR5cCI6IkpXVCJ9.eyJ0b2tlbl90eXBlIjoicmVmcmVzaCIsImV4cCI6MTc0NzczNjQ0MiwiaWF0IjoxNzQ3MTMxNjQyLCJqdGkiOiJjM2I2OTVmZjA1ZDQ0ODMxYmFlZDc4NDM0Mjk4M2IzMiIsInVzZXJfaWQiOjR9.ShIQ37B6vEUUJlvSpMB0iAU6mW3g-3WYB253VEURSIE','2025-05-13 10:20:42.217060','2025-05-20 10:20:42',4,'c3b695ff05d44831baed784342983b32',28);
INSERT INTO token_blacklist_outstandingtoken VALUES('eyJhbGciOiJIUzI1NiIsInR5cCI6IkpXVCJ9.eyJ0b2tlbl90eXBlIjoicmVmcmVzaCIsImV4cCI6MTc0NzczNjQ1NSwiaWF0IjoxNzQ3MTMxNjU1LCJqdGkiOiIxNzA2NTJjYTgzOGY0ZjM0OTkzZDBmZDk5MmFlYjc3OCIsInVzZXJfaWQiOjR9.hrErrb0yoJZdWEvX4xfTQ7FqCCZqLPrPSO4I_jPsCmo','2025-05-13 10:20:55.310092','2025-05-20 10:20:55',4,'170652ca838f4f34993d0fd992aeb778',29);
INSERT INTO token_blacklist_outstandingtoken VALUES('eyJhbGciOiJIUzI1NiIsInR5cCI6IkpXVCJ9.eyJ0b2tlbl90eXBlIjoicmVmcmVzaCIsImV4cCI6MTc0NzczNzA0MCwiaWF0IjoxNzQ3MTMyMjQwLCJqdGkiOiIxMmM3ODRjOWUyODY0YTdlOGU5ZGE2NGU0M2Q2NDY3OCIsInVzZXJfaWQiOjR9.iLERTsx5COTdKfnCLkNxa93x710ruUp27ULnCqRV-64','2025-05-13 10:30:40.290954','2025-05-20 10:30:40',4,'12c784c9e2864a7e8e9da64e43d64678',30);
INSERT INTO token_blacklist_outstandingtoken VALUES('eyJhbGciOiJIUzI1NiIsInR5cCI6IkpXVCJ9.eyJ0b2tlbl90eXBlIjoicmVmcmVzaCIsImV4cCI6MTc0Nzc1Mjg0NCwiaWF0IjoxNzQ3MTQ4MDQ0LCJqdGkiOiI4NzgzODZjZmFmY2U0MDY3OWE3ZmQzODM2YzBiY2IxOSIsInVzZXJfaWQiOjR9.HZ3HtQI7kpmtTrgHmhHyidAE9wS2eYET-ai3Ejm4-3E','2025-05-13 14:54:04.722413','2025-05-20 14:54:04',4,'878386cfafce40679a7fd3836c0bcb19',31);
INSERT INTO token_blacklist_outstandingtoken VALUES('eyJhbGciOiJIUzI1NiIsInR5cCI6IkpXVCJ9.eyJ0b2tlbl90eXBlIjoicmVmcmVzaCIsImV4cCI6MTc0Nzc1NjYwOCwiaWF0IjoxNzQ3MTUxODA4LCJqdGkiOiJmOTkyMTVmYzdiNDk0ODI5YTY3ODQ3MzRiYTZjYTY2MiIsInVzZXJfaWQiOjR9.1o-HOcOQNkoDSCf-a6OOjGmMBHJK9MIykgwhy7Spt3A','2025-05-13 15:56:48.727675','2025-05-20 15:56:48',4,'f99215fc7b494829a6784734ba6ca662',32);
INSERT INTO token_blacklist_outstandingtoken VALUES('eyJhbGciOiJIUzI1NiIsInR5cCI6IkpXVCJ9.eyJ0b2tlbl90eXBlIjoicmVmcmVzaCIsImV4cCI6MTc0Nzc2MjEzNiwiaWF0IjoxNzQ3MTU3MzM2LCJqdGkiOiI4M2U3MzFmZjE5YzM0MzY4YWMyY2FkZTkzYmI3YWY0ZCIsInVzZXJfaWQiOjR9.8IxklJ8LVVeGKpCvOdU1-_UFsIVxbrxeKXhsHpvhWbI','2025-05-13 17:28:56.270670','2025-05-20 17:28:56',4,'83e731ff19c34368ac2cade93bb7af4d',33);
INSERT INTO token_blacklist_outstandingtoken VALUES('eyJhbGciOiJIUzI1NiIsInR5cCI6IkpXVCJ9.eyJ0b2tlbl90eXBlIjoicmVmcmVzaCIsImV4cCI6MTc0Nzc4OTk0NCwiaWF0IjoxNzQ3MTg1MTQ0LCJqdGkiOiJlODMzZWI1Yzc1ZTY0YzM1ODc4ZDU3N2FkZjI4MmVlNCIsInVzZXJfaWQiOjR9.AcHxYGnE-6xwl2DDpxniWYhokvMzfofZbn1rw-q9bqw','2025-05-14 01:12:24.969283','2025-05-21 01:12:24',4,'e833eb5c75e64c35878d577adf282ee4',34);
INSERT INTO token_blacklist_outstandingtoken VALUES('eyJhbGciOiJIUzI1NiIsInR5cCI6IkpXVCJ9.eyJ0b2tlbl90eXBlIjoicmVmcmVzaCIsImV4cCI6MTc0Nzc5MzgwNiwiaWF0IjoxNzQ3MTg5MDA2LCJqdGkiOiI1MzQ0ZDhjZjg0MTE0ZDQyYWQyMWE0NmEzZjg4ZjJhZiIsInVzZXJfaWQiOjR9.jsaylQ6iLnw8lJXQ0HySlCvcgMtQcaH6dfy0I-Gsrh8','2025-05-14 02:16:46.953202','2025-05-21 02:16:46',4,'5344d8cf84114d42ad21a46a3f88f2af',35);
INSERT INTO token_blacklist_outstandingtoken VALUES('eyJhbGciOiJIUzI1NiIsInR5cCI6IkpXVCJ9.eyJ0b2tlbl90eXBlIjoicmVmcmVzaCIsImV4cCI6MTc0NzgxMDYxMSwiaWF0IjoxNzQ3MjA1ODExLCJqdGkiOiI3MGM5MzRiY2NlZWI0MGEyOWYwMTZmNzMxMDhlZDE3MSIsInVzZXJfaWQiOjR9.1Jpu6zAZ9-GUvH6AWRNQd-8Z6ddHANJL85AVfu7VMQI','2025-05-14 06:56:51.791518','2025-05-21 06:56:51',4,'70c934bcceeb40a29f016f73108ed171',36);
INSERT INTO token_blacklist_outstandingtoken VALUES('eyJhbGciOiJIUzI1NiIsInR5cCI6IkpXVCJ9.eyJ0b2tlbl90eXBlIjoicmVmcmVzaCIsImV4cCI6MTc0NzgxNDM0MiwiaWF0IjoxNzQ3MjA5NTQyLCJqdGkiOiIyYzdjNTMzNjQyMmM0OGM5OTY2MmNiNjFjNDZmYzAzZCIsInVzZXJfaWQiOjR9.OmlvQo2IZ2iY1Cw3qgaWsK8T2sCUA01B64m1B6hvJaI','2025-05-14 07:59:02.280970','2025-05-21 07:59:02',4,'2c7c5336422c48c99662cb61c46fc03d',37);
INSERT INTO token_blacklist_outstandingtoken VALUES('eyJhbGciOiJIUzI1NiIsInR5cCI6IkpXVCJ9.eyJ0b2tlbl90eXBlIjoicmVmcmVzaCIsImV4cCI6MTc0Nzg0ODcyNiwiaWF0IjoxNzQ3MjQzOTI2LCJqdGkiOiJlMGVmYWIzYzMwOGU0NGM4YmYwZDk2ZWQyOTQ0YTBjZSIsInVzZXJfaWQiOjR9.eNcO-uWTJw_8YR2hdfUEKJTVZCkBAzG0NFm-zLf0RFc','2025-05-14 17:32:06.015773','2025-05-21 17:32:06',4,'e0efab3c308e44c8bf0d96ed2944a0ce',38);
INSERT INTO token_blacklist_outstandingtoken VALUES('eyJhbGciOiJIUzI1NiIsInR5cCI6IkpXVCJ9.eyJ0b2tlbl90eXBlIjoicmVmcmVzaCIsImV4cCI6MTc0Nzg2OTIxMiwiaWF0IjoxNzQ3MjY0NDEyLCJqdGkiOiJiOTJjNTg3NWRiYTI0NGQ1YWM2NzY4OTkzMzIxZTFkZCIsInVzZXJfaWQiOjR9.3FsbjZIc5BCRwwRX5dwhFrQp_zWcMg0ItNCb7FQzI8k','2025-05-14 23:13:32.141953','2025-05-21 23:13:32',4,'b92c5875dba244d5ac6768993321e1dd',39);
INSERT INTO token_blacklist_outstandingtoken VALUES('eyJhbGciOiJIUzI1NiIsInR5cCI6IkpXVCJ9.eyJ0b2tlbl90eXBlIjoicmVmcmVzaCIsImV4cCI6MTc0Nzg3Mjg1MywiaWF0IjoxNzQ3MjY4MDUzLCJqdGkiOiIyNDFmN2FhNjNjNTI0NThlYjE3MmFjMDkxMmI3ZTBiMiIsInVzZXJfaWQiOjR9.IbITRa7QtxwWhT0jrgLbhuD4K1KIzekLmqqCnaceNGM','2025-05-15 00:14:13.157939','2025-05-22 00:14:13',4,'241f7aa63c52458eb172ac0912b7e0b2',40);
INSERT INTO token_blacklist_outstandingtoken VALUES('eyJhbGciOiJIUzI1NiIsInR5cCI6IkpXVCJ9.eyJ0b2tlbl90eXBlIjoicmVmcmVzaCIsImV4cCI6MTc0Nzg3MzY1OSwiaWF0IjoxNzQ3MjY4ODU5LCJqdGkiOiJjY2IwNTM5MjA4ZDU0ZGZkYjMzZWFmZWEwZjY0OWYxMCIsInVzZXJfaWQiOjR9.-4-ODR8jtAkEYfUOi-BIF_nrv3vZwtastOeqUopQv4c','2025-05-15 00:27:39.010500','2025-05-22 00:27:39',4,'ccb0539208d54dfdb33eafea0f649f10',41);
INSERT INTO token_blacklist_outstandingtoken VALUES('eyJhbGciOiJIUzI1NiIsInR5cCI6IkpXVCJ9.eyJ0b2tlbl90eXBlIjoicmVmcmVzaCIsImV4cCI6MTc0Nzg5NTg2OCwiaWF0IjoxNzQ3MjkxMDY4LCJqdGkiOiI4ZDAyNDlmZjVjNjY0YTJhYmViYzY1N2RmMjhlNWJjOCIsInVzZXJfaWQiOjR9.I1Sg-GpRMesyxAc9Ib0tcmsP9UQef6R038s7R0aGeNE','2025-05-15 06:37:48.391597','2025-05-22 06:37:48',4,'8d0249ff5c664a2abebc657df28e5bc8',42);
INSERT INTO token_blacklist_outstandingtoken VALUES('eyJhbGciOiJIUzI1NiIsInR5cCI6IkpXVCJ9.eyJ0b2tlbl90eXBlIjoicmVmcmVzaCIsImV4cCI6MTc0Nzg5NzQzMSwiaWF0IjoxNzQ3MjkyNjMxLCJqdGkiOiI3ZjNmYTAyOGJjMGE0NjY0ODNlYmJlMzg4MWI2ZTlkNyIsInVzZXJfaWQiOjR9.xgSeqCNaaE_n_KpEHm3C0LE0pCvwYYjM4UYH-3iMq6I','2025-05-15 07:03:51.354506','2025-05-22 07:03:51',4,'7f3fa028bc0a466483ebbe3881b6e9d7',43);
INSERT INTO token_blacklist_outstandingtoken VALUES('eyJhbGciOiJIUzI1NiIsInR5cCI6IkpXVCJ9.eyJ0b2tlbl90eXBlIjoicmVmcmVzaCIsImV4cCI6MTc0NzkwMjI3OSwiaWF0IjoxNzQ3Mjk3NDc5LCJqdGkiOiI4ZmI4NTVkNDZlM2U0N2JmYjBjYTUyMTc1MDExMzg0OCIsInVzZXJfaWQiOjR9.QZqT9EwxsVQbJjRyetfJjxxBits11ZYnyvTgVVAO5qk','2025-05-15 08:24:39.010150','2025-05-22 08:24:39',4,'8fb855d46e3e47bfb0ca521750113848',44);
INSERT INTO token_blacklist_outstandingtoken VALUES('eyJhbGciOiJIUzI1NiIsInR5cCI6IkpXVCJ9.eyJ0b2tlbl90eXBlIjoicmVmcmVzaCIsImV4cCI6MTc0ODE5OTk1MSwiaWF0IjoxNzQ3NTk1MTUxLCJqdGkiOiJmNDc4NjM2YzBiOWQ0MTZhOWQ2ZTg3NmRhMjgyYjUyYyIsInVzZXJfaWQiOjR9.XCwzFaxjS81WlY_7ohWYFSD7dCusrzi1TO_cD1W9xA8','2025-05-18 19:05:51.003743','2025-05-25 19:05:51',4,'f478636c0b9d416a9d6e876da282b52c',45);
INSERT INTO token_blacklist_outstandingtoken VALUES('eyJhbGciOiJIUzI1NiIsInR5cCI6IkpXVCJ9.eyJ0b2tlbl90eXBlIjoicmVmcmVzaCIsImV4cCI6MTc0ODIwMDYyMCwiaWF0IjoxNzQ3NTk1ODIwLCJqdGkiOiI5ZTRhNTA1MDhiMTI0NTZkYTNlYjIzY2M2ZTEyYWEzMiIsInVzZXJfaWQiOjR9.6R5PhvK67dbBE2qZ0mnIEMCO0Wa7CeKP8mNnZMHV1J8','2025-05-18 19:17:00.284392','2025-05-25 19:17:00',4,'9e4a50508b12456da3eb23cc6e12aa32',46);
INSERT INTO token_blacklist_outstandingtoken VALUES('eyJhbGciOiJIUzI1NiIsInR5cCI6IkpXVCJ9.eyJ0b2tlbl90eXBlIjoicmVmcmVzaCIsImV4cCI6MTc0ODIwMzkwNSwiaWF0IjoxNzQ3NTk5MTA1LCJqdGkiOiI4OGFjY2U5YWY5YTM0NjAzOGM0N2FlYzUwMmZkOWYxOSIsInVzZXJfaWQiOjR9.Hk-yVw3_u6a30TtvyyB34cKCUd08-y_F40P695_gieE','2025-05-18 20:11:45.092863','2025-05-25 20:11:45',4,'88acce9af9a346038c47aec502fd9f19',47);
INSERT INTO token_blacklist_outstandingtoken VALUES('eyJhbGciOiJIUzI1NiIsInR5cCI6IkpXVCJ9.eyJ0b2tlbl90eXBlIjoicmVmcmVzaCIsImV4cCI6MTc0ODIwNTE3MiwiaWF0IjoxNzQ3NjAwMzcyLCJqdGkiOiJhNDVkYjRhOWM0YjI0OTQ5OGFiOWNjN2JhYzg5YjJhYiIsInVzZXJfaWQiOjR9.quqk0HD8U3Jx9OQH_9P-o4bjqWLl1POMFzeVdOPy9rA','2025-05-18 20:32:52.117376','2025-05-25 20:32:52',4,'a45db4a9c4b249498ab9cc7bac89b2ab',48);
INSERT INTO token_blacklist_outstandingtoken VALUES('eyJhbGciOiJIUzI1NiIsInR5cCI6IkpXVCJ9.eyJ0b2tlbl90eXBlIjoicmVmcmVzaCIsImV4cCI6MTc0ODI0MzMzOSwiaWF0IjoxNzQ3NjM4NTM5LCJqdGkiOiJiNDgwMjFjYTEzZjc0NjA5OGMwYmVjZGJkOTZkMjgzNCIsInVzZXJfaWQiOjR9.2XK2gr4Wf5j8SUeu8KWGZycv5U89ajaYRX3joovwgPU','2025-05-19 07:08:59.487993','2025-05-26 07:08:59',4,'b48021ca13f746098c0becdbd96d2834',49);
INSERT INTO token_blacklist_outstandingtoken VALUES('eyJhbGciOiJIUzI1NiIsInR5cCI6IkpXVCJ9.eyJ0b2tlbl90eXBlIjoicmVmcmVzaCIsImV4cCI6MTc0ODI2MDg5NSwiaWF0IjoxNzQ3NjU2MDk1LCJqdGkiOiJmNjlmNTQwMzk4ODI0Yjk4YjNkNTUwZDc4ZjZkYzQwOCIsInVzZXJfaWQiOjR9.w-B7yPY4RI6V_ddSAFqvRVOshZHJnT1r_7HtaR3jVvM','2025-05-19 12:01:35.028110','2025-05-26 12:01:35',4,'f69f540398824b98b3d550d78f6dc408',50);
INSERT INTO token_blacklist_outstandingtoken VALUES('eyJhbGciOiJIUzI1NiIsInR5cCI6IkpXVCJ9.eyJ0b2tlbl90eXBlIjoicmVmcmVzaCIsImV4cCI6MTc0ODI2MTE0MCwiaWF0IjoxNzQ3NjU2MzQwLCJqdGkiOiJmOGUxZjY2MTBjYjM0Y2IwOWEzNmQ1NjQyNDUxODVlZCIsInVzZXJfaWQiOjR9.cpoEdIZqhsp17ZLU4PRE-Sgw_5env88PHmVCm5rIW50','2025-05-19 12:05:40.411267','2025-05-26 12:05:40',4,'f8e1f6610cb34cb09a36d564245185ed',51);
INSERT INTO token_blacklist_outstandingtoken VALUES('eyJhbGciOiJIUzI1NiIsInR5cCI6IkpXVCJ9.eyJ0b2tlbl90eXBlIjoicmVmcmVzaCIsImV4cCI6MTc0ODI3MDU4NSwiaWF0IjoxNzQ3NjY1Nzg1LCJqdGkiOiJkMTlkZjRhZjc3YTg0YTU2ODRiZDNlNmE1NjQyMzEzYSIsInVzZXJfaWQiOjR9.Vyb7i1qLcGrxNj7n_6XMxtGt6nNe7l1n5_j6FdYmdZQ','2025-05-19 14:43:05.500058','2025-05-26 14:43:05',4,'d19df4af77a84a5684bd3e6a5642313a',52);
INSERT INTO token_blacklist_outstandingtoken VALUES('eyJhbGciOiJIUzI1NiIsInR5cCI6IkpXVCJ9.eyJ0b2tlbl90eXBlIjoicmVmcmVzaCIsImV4cCI6MTc0ODI3MjIzNSwiaWF0IjoxNzQ3NjY3NDM1LCJqdGkiOiJiOWRhODg5YjEwOGQ0MzY3OWZmNzJkNWE1MTc5OGY2YyIsInVzZXJfaWQiOjR9.7P9OYcfHIXPG4RYVgx5oxNfeuILkEjfEGjAV4rvoYg4','2025-05-19 15:10:35.964074','2025-05-26 15:10:35',4,'b9da889b108d43679ff72d5a51798f6c',53);
INSERT INTO token_blacklist_outstandingtoken VALUES('eyJhbGciOiJIUzI1NiIsInR5cCI6IkpXVCJ9.eyJ0b2tlbl90eXBlIjoicmVmcmVzaCIsImV4cCI6MTc0ODI3NDQxMywiaWF0IjoxNzQ3NjY5NjEzLCJqdGkiOiI0YjBjYWJhMWZjMWI0NTJhOTFkODBlNDEzYjkzODExZSIsInVzZXJfaWQiOjR9.RZQOgVgV7nBczSk2aIWnDYDIOjpT-jGglco6qep5DfI','2025-05-19 15:46:53.090249','2025-05-26 15:46:53',4,'4b0caba1fc1b452a91d80e413b93811e',54);
DELETE FROM sqlite_sequence;
INSERT INTO sqlite_sequence VALUES('django_admin_log',0);
INSERT INTO sqlite_sequence VALUES('auth_group',0);
INSERT INTO sqlite_sequence VALUES('auth_user',0);
INSERT INTO sqlite_sequence VALUES('api_concours',3);
INSERT INTO sqlite_sequence VALUES('api_infosgenerales',5);
INSERT INTO sqlite_sequence VALUES('api_serie',2);
INSERT INTO sqlite_sequence VALUES('api_profil',10);
INSERT INTO sqlite_sequence VALUES('api_pays',5);
INSERT INTO sqlite_sequence VALUES('api_utilisateur',7);
INSERT INTO sqlite_sequence VALUES('token_blacklist_blacklistedtoken',1);
INSERT INTO sqlite_sequence VALUES('token_blacklist_outstandingtoken',54);
INSERT INTO sqlite_sequence VALUES('api_matiere',4);
INSERT INTO sqlite_sequence VALUES('api_note',5);
INSERT INTO sqlite_sequence VALUES('api_diplome',2);
INSERT INTO sqlite_sequence VALUES('api_mention',4);
INSERT INTO sqlite_sequence VALUES('api_diplomeobtenu',4);
INSERT INTO sqlite_sequence VALUES('api_diplomeobtenu_notes',8);
INSERT INTO sqlite_sequence VALUES('api_specialite',4);
INSERT INTO sqlite_sequence VALUES('api_dossier',3);
INSERT INTO sqlite_sequence VALUES('api_eleve',4);
INSERT INTO sqlite_sequence VALUES('api_parametre',1);
INSERT INTO sqlite_sequence VALUES('api_jury',2);
INSERT INTO sqlite_sequence VALUES('api_membrejury',2);
INSERT INTO sqlite_sequence VALUES('api_coefficientmatierephase',3);
INSERT INTO sqlite_sequence VALUES('api_candidat',1);
INSERT INTO sqlite_sequence VALUES('api_candidat_notes',1);
INSERT INTO sqlite_sequence VALUES('api_dossier_diplomes_obtenus',2);
CREATE UNIQUE INDEX "django_content_type_app_label_model_76bd3d3b_uniq" ON "django_content_type" ("app_label", "model");
CREATE UNIQUE INDEX "auth_group_permissions_group_id_permission_id_0cd325b0_uniq" ON "auth_group_permissions" ("group_id", "permission_id");
CREATE INDEX "auth_group_permissions_group_id_b120cbf9" ON "auth_group_permissions" ("group_id");
CREATE INDEX "auth_group_permissions_permission_id_84c5c92e" ON "auth_group_permissions" ("permission_id");
CREATE UNIQUE INDEX "auth_permission_content_type_id_codename_01ab375a_uniq" ON "auth_permission" ("content_type_id", "codename");
CREATE INDEX "auth_permission_content_type_id_2f476e4b" ON "auth_permission" ("content_type_id");
CREATE INDEX "api_diplomeobtenu_diplome_id_7d654a76" ON "api_diplomeobtenu" ("diplome_id");
CREATE UNIQUE INDEX "api_dossier_diplomes_obtenus_dossier_id_diplomeobtenu_id_a8559d77_uniq" ON "api_dossier_diplomes_obtenus" ("dossier_id", "diplomeobtenu_id");
CREATE INDEX "api_dossier_diplomes_obtenus_dossier_id_5f4dfb96" ON "api_dossier_diplomes_obtenus" ("dossier_id");
CREATE INDEX "api_dossier_diplomes_obtenus_diplomeobtenu_id_95e61d3b" ON "api_dossier_diplomes_obtenus" ("diplomeobtenu_id");
CREATE INDEX "api_note_matiere_id_f46c6d13" ON "api_note" ("matiere_id");
CREATE INDEX "api_membrejury_jury_id_dc924c7a" ON "api_membrejury" ("jury_id");
CREATE INDEX "api_eleve_dossier_id_5217b65c" ON "api_eleve" ("dossier_id");
CREATE INDEX "api_eleve_pays_naissance_id_e74d9747" ON "api_eleve" ("pays_naissance_id");
CREATE INDEX "api_dossier_specialite_id_b02e2619" ON "api_dossier" ("specialite_id");
CREATE INDEX "api_diplomeobtenu_mention_id_81e29384" ON "api_diplomeobtenu" ("mention_id");
CREATE UNIQUE INDEX "api_diplomeobtenu_notes_diplomeobtenu_id_note_id_6eed1649_uniq" ON "api_diplomeobtenu_notes" ("diplomeobtenu_id", "note_id");
CREATE INDEX "api_diplomeobtenu_notes_diplomeobtenu_id_ce7b2b35" ON "api_diplomeobtenu_notes" ("diplomeobtenu_id");
CREATE INDEX "api_diplomeobtenu_notes_note_id_baae7c21" ON "api_diplomeobtenu_notes" ("note_id");
CREATE INDEX "api_diplomeobtenu_pays_id_237a7f1a" ON "api_diplomeobtenu" ("pays_id");
CREATE INDEX "api_diplomeobtenu_serie_id_d54ff6cc" ON "api_diplomeobtenu" ("serie_id");
CREATE INDEX "api_coefficientmatierephase_matiere_id_a0c938f6" ON "api_coefficientmatierephase" ("matiere_id");
CREATE INDEX "api_coefficientmatierephase_specialite_id_470bb3a7" ON "api_coefficientmatierephase" ("specialite_id");
CREATE UNIQUE INDEX "api_candidat_notes_candidat_id_note_id_7ae5f604_uniq" ON "api_candidat_notes" ("candidat_id", "note_id");
CREATE INDEX "api_candidat_notes_candidat_id_a5cd5576" ON "api_candidat_notes" ("candidat_id");
CREATE INDEX "api_candidat_notes_note_id_e979e63e" ON "api_candidat_notes" ("note_id");
CREATE INDEX "api_utilisateur_profil_id_4bed7824" ON "api_utilisateur" ("profil_id");
CREATE UNIQUE INDEX "api_utilisateur_groups_utilisateur_id_group_id_1308bcb4_uniq" ON "api_utilisateur_groups" ("utilisateur_id", "group_id");
CREATE INDEX "api_utilisateur_groups_utilisateur_id_0caa6b93" ON "api_utilisateur_groups" ("utilisateur_id");
CREATE INDEX "api_utilisateur_groups_group_id_fdf78c4b" ON "api_utilisateur_groups" ("group_id");
CREATE UNIQUE INDEX "api_utilisateur_user_permissions_utilisateur_id_permission_id_61068701_uniq" ON "api_utilisateur_user_permissions" ("utilisateur_id", "permission_id");
CREATE INDEX "api_utilisateur_user_permissions_utilisateur_id_60df7149" ON "api_utilisateur_user_permissions" ("utilisateur_id");
CREATE INDEX "api_utilisateur_user_permissions_permission_id_69653c2f" ON "api_utilisateur_user_permissions" ("permission_id");
CREATE INDEX "django_admin_log_content_type_id_c4bce8eb" ON "django_admin_log" ("content_type_id");
CREATE INDEX "django_admin_log_user_id_c564eba6" ON "django_admin_log" ("user_id");
CREATE INDEX "django_session_expire_date_a5c62663" ON "django_session" ("expire_date");
CREATE INDEX "token_blacklist_outstandingtoken_user_id_83bc629a" ON "token_blacklist_outstandingtoken" ("user_id");
CREATE INDEX "api_diplomeobtenu_dossier_id_f9811a72" ON "api_diplomeobtenu" ("dossier_id");
COMMIT;
